target_index,q1_rad,q2_rad,q3_rad,q4_rad,q5_rad,q6_rad,px_m,py_m,pz_m,qw,qx,qy,qz
0,1.451739039705237,-0.150269455166459,-2.383153574766813,5.866553265882899,-1.080795680452814,0.479351316638624,0.155532197679614,-0.224215359139900,0.531974430384818,0.294695300826203,0.073140681777399,0.760680379634463,-0.573733806202197
1,-5.973835128945650,-3.850382186914781,2.273371458396422,-6.207258969383160,-0.324830362190513,5.517680763614567,0.286386680716917,-0.148638643866581,0.239550585582951,0.332432601979372,0.218919824328168,0.781831525477636,-0.479898053159899
2,-5.222160202369292,3.846996459493511,-2.690055047987930,-4.568334116014239,-1.498489761314458,4.725670929641309,0.170337593608558,0.015279107632007,0.202605364948669,0.672063936075868,0.327642870242666,-0.509636161160092,0.425736066881073
3,-5.095659874410170,-4.959689854890728,1.300759391096704,2.526776200254318,-2.650810887074330,-2.468747182641465,0.104613850037557,0.136968527262279,-0.528081390043739,0.112251254839504,-0.779488730532039,0.325184836675414,0.523499567102869
4,-2.103597270183218,0.377825990755282,-2.571584184980512,3.726151184353876,-4.692274255176994,-3.151025098935105,-0.078021819345871,0.127535933907671,0.220836116712165,-0.015805310489124,0.965678748271219,-0.258833583269244,0.014829816913166
5,-3.640107918290049,-5.093714374357543,-2.006736343879859,-4.681116923199464,2.371561030985507,-1.130571766723321,0.385421861858368,-0.138982653931018,-0.065545649874982,0.342028691420018,0.517918774654191,0.691189269219074,-0.370180916880671
6,-4.021794689474673,-3.625180289752621,-0.526204205163824,4.616326855178510,-4.780036187249598,0.401396355528104,-0.235777346494528,0.506302981538335,-0.500641319849130,-0.433624522702466,-0.839069031275395,-0.140128669133680,-0.297147926380872
7,3.442731654335704,1.142084992270251,0.058887881706681,0.881808136000095,5.092136288351861,-3.731247616556014,0.213492783560133,0.245437126808932,-0.459078206431217,0.732781768433786,-0.089208754739508,0.295310268434092,0.606518361870656
8,-1.433351203813888,-6.118849985621128,-0.208511502980076,4.242027129486768,-1.918704918421844,-0.778773279158836,-0.228333193795619,0.921615416081834,0.078159594137529,0.185068084950598,-0.873757933153057,-0.381745682703427,-0.237838415572656
9,4.130687273804050,1.190537313476460,0.193484650443361,3.112653171397859,-4.502637671760390,-1.860173430349036,0.074270758958632,0.318927644818383,-0.499878153752708,-0.924968051444206,-0.147393742354733,0.023828936500042,-0.349487296346308
10,5.477604431970812,-3.334872066452279,-1.971105215381627,-0.862367021329438,-0.216305894816984,1.074551245606102,-0.007349377935003,-0.326795961004894,-0.340459293540572,-0.684194168525552,-0.440261134310232,0.542100949689365,-0.210178575781129
11,-4.137255384776641,-0.805200702513174,0.778472237141472,-3.078402884877981,1.895555736837899,-4.413746683861883,0.409482366911523,-0.444000647187712,0.583276757922865,-0.137136527369235,0.616638360793062,-0.320130082402184,-0.706022262539025
12,4.402502329954020,-2.471845682813528,2.598789383589482,-4.721093153702999,-3.118315852781390,2.690005618583042,-0.045632772933357,-0.030929951298479,0.391313997501367,-0.303673877106796,-0.692866567613324,-0.091541377353758,-0.647563334415125
13,3.957119374901817,0.022758634423139,-2.767157623890933,-2.714813103438651,3.934180388145032,6.217068204932355,-0.086454189693904,0.001244919561766,0.289298286739746,-0.845101732946194,-0.437001294276963,-0.218439528327345,0.217064742037315
14,0.530212032610329,-2.721094308892714,-0.797586357671074,-2.581202858922785,-2.362689332716020,2.234980396528847,0.756214680503944,0.370463149848399,0.106631648718593,-0.602827048085287,0.608477507806877,0.256379357917687,0.447911037398753
15,2.557231335164481,2.953672080766928,-1.559230487438930,5.427195314233646,5.505996082359426,-4.206958920117044,-0.270610793523435,0.425117837842478,-0.352205297228777,-0.793988244073193,0.523390535921871,0.215062778971955,0.222245396536901
16,-0.977774797745006,2.450657367694840,-1.139785667557599,5.637380658902602,2.704522578599061,0.037941224589462,0.106623951950207,-0.235867284883976,-0.591476289750574,-0.344503846751546,-0.018127773648198,-0.793901152093257,-0.500708941502892
17,-2.153119834289244,-1.126242673621719,-0.446216895110202,-5.803265776866702,-5.341934914215430,-0.673430918976138,0.008356346747096,0.363398644184285,0.964427754089132,0.483327032289147,-0.310734805398713,0.211287127742435,0.790693752487486
18,4.718713589484897,5.500867321642133,2.010580401074578,-0.781271211495866,1.607042221358927,-5.141434806665904,-0.133409376550263,0.479163905233691,-0.040006305279812,0.276398155924581,-0.463095214222505,-0.708186431566029,-0.455652126200984
19,1.970206060822697,3.984234762962013,0.087847535500380,1.263536733038286,5.727528858444431,6.104726652107020,0.020264928296099,0.515038891500138,0.693372386101527,0.430285026478700,-0.094171294887720,0.839819349603328,0.317316912942312
20,-5.361533776083753,5.772611858522685,1.445747474316400,2.029103963126602,0.440914096296749,-3.358798543113228,-0.149988105499717,-0.568922784043223,0.146149142045463,-0.600180865582999,-0.474388571164241,-0.559100612312405,-0.319601184992619
21,-2.517797309955023,-2.515949278806858,0.204476280536850,-1.355306988888519,-5.843011975433341,5.201750870942558,-0.696053307133946,-0.224366315568131,0.766348381707756,0.603181753057659,-0.217726407332830,-0.747938663449286,-0.171332250454849
22,-2.776132091343051,-3.152284451195636,-1.595388611059094,4.029568108053194,3.457599148203776,2.611240297602992,-0.358321943191489,-0.095405998442438,-0.329052934824955,-0.090107993189603,-0.014993903615656,-0.775895089020540,0.624213539785477
23,-5.081061534586087,2.815204352928532,1.846036700230407,-2.879580218036619,-1.123773564959669,3.823130141796916,0.346054487043207,0.403947570064387,0.527329135387780,-0.954235538065128,-0.199293024026909,-0.139283296523319,-0.174117752619784
24,0.105651477732321,-0.128508993425053,-0.209371552362519,6.080934107694389,0.206760300859059,-0.179970534583606,-0.831113791922598,-0.321306831638069,0.272202439031376,0.687241080170909,0.634969973846268,0.209828433980706,-0.283698534244357
25,2.495766036787847,-6.194068714068839,1.847186698965519,-2.986911037336225,-4.553236717559054,1.361770283947068,0.405767137786238,-0.157854044069921,-0.204958435427788,-0.417923950192944,-0.233624019571446,0.130538303614614,-0.868169995233552
26,2.278854175369059,-0.491106238446726,-1.016747372116237,4.485142804861216,1.819238972499274,0.189878170191277,0.270054709010188,-0.147195715422358,0.837453389480933,0.537098404997635,-0.711079116645526,-0.271363384466791,0.363667027362043
27,-2.041864628436001,0.562433074490540,0.107738199715197,-5.819195232581516,-6.129651698925429,5.939736184369856,0.056940325041515,0.624808827831391,-0.363256268421093,0.518246945093668,0.093401597906000,-0.748710685651183,-0.402651902518070
28,-1.072283511862934,-5.947524086926720,-1.179607330768123,5.476625188899796,4.888917172612667,0.884731197575890,-0.500930550667374,0.603202927228028,0.225767246969112,0.025606817015612,0.977489635248770,-0.187565369809140,-0.093153292759388
29,0.865374274752730,-3.139718593286740,-1.459816574204551,-1.507240973903554,-0.924121746922908,4.691097560305574,0.514384635605819,0.304411811215387,-0.310151779662611,-0.746701633335869,0.041104559155380,-0.654430748514568,-0.111657876519527
30,3.466734927996093,2.840069716429328,-2.111725480536281,5.709831009723326,-0.354942320242967,-0.746028704468243,-0.227274659588079,0.163744565570007,-0.317579543433989,-0.027434447911403,-0.409895301665400,0.552413998985411,0.725308187231727
31,6.077607121143584,5.254157996745079,-2.187700406718148,-4.001686655505894,-2.086094153518925,-4.263456443573413,0.122619263959198,-0.112111989592202,0.368326723374416,0.276933896490259,-0.895417014163154,0.219879225462467,-0.270534866388586
32,0.749920619080223,4.080739571954945,-2.429628141978336,-4.550323609138615,0.011993742063420,-0.619482897965843,0.349419958132374,0.005692003511726,0.212626653830894,-0.135280498262406,0.380636345907045,-0.594707215782111,0.695081640140996
33,3.571186285670617,-4.911848291566888,0.734111349344663,-5.477041763199384,2.009355789122168,6.035766389360996,-0.244027038062010,-0.011110748144696,-0.514142426933118,-0.257032995412398,0.208648040787705,0.748109403423749,-0.575093344470048
34,-4.923139947581034,0.013998554209087,-1.614890434940109,3.817183692975362,1.945626312058177,4.997144193535716,0.037224185357291,-0.291537571511830,0.534698639338053,0.348586814203238,-0.770041429515558,-0.527926734449305,-0.082563871317709
35,-3.904091688645603,0.214909959634467,2.884030682359224,5.356597457484535,-5.978916916988774,0.428561207780395,0.103631247969913,0.218258489336052,0.087542546022204,-0.522271626971781,0.789163911466283,-0.026867032129411,0.322072710865176
36,-5.426421280265274,1.910185231842064,-2.155402550558449,4.612969151413779,1.298473152105444,1.097824573143893,-0.075110948277970,-0.332363546708745,-0.018155662482333,-0.962593903105286,-0.000437639761490,-0.216201235239584,-0.163308946652804
37,1.310589267288132,4.835847275464022,-0.761343235866914,2.638664402671850,2.855447599362494,2.955337080665467,0.087501808747119,0.180698083365473,0.797017888141113,0.587422686292430,-0.348169176168714,-0.661519637882390,0.310007388768293
38,-6.047557694575060,0.565048257277201,-1.446175980121747,2.793631538764506,-3.779345925562845,6.044957740673453,-0.468010018492095,-0.167544525189310,0.215254844442244,-0.421058319615316,0.790910678294295,-0.393630021593879,-0.205488677407752
39,3.226002837050444,1.352901325279560,-2.655004817485958,-2.328454071005805,-5.173308841905316,1.971626275211182,0.054602419745061,0.183734919649680,0.172196274041451,0.069642211402147,-0.805619048475329,0.247639677525181,0.533668906008162
40,0.148530052085603,0.507389383206247,-0.846980364974762,0.609901094550114,3.130527834524779,5.325807425098189,-0.702523776506144,-0.139504764697267,-0.009594802403252,-0.359517085301773,0.452636323284376,-0.544607794366423,-0.607676044068762
41,-4.723144810470068,-3.364635968448378,-1.935895577190223,-3.266621070978082,-4.365075592892834,0.187755373687954,0.101923837102519,0.181786381770015,-0.120605808002220,0.914056745309956,-0.358178736028213,-0.127048407047678,0.141657903687896
42,-4.691426261473405,5.045725825719135,1.980076793456292,-1.629038714036943,2.737276233191338,-4.472589401558541,0.053167166024373,-0.529198991039855,0.266790170638690,0.625537556009866,-0.229480786955556,-0.543080386774535,0.510984371522539
43,3.220242570458600,4.067069999966833,2.298786070974309,-5.201710107626962,5.503264906417414,4.985795728054569,-0.000778250035809,0.205671600229183,0.495199897547567,0.081694429126977,0.148780560493456,-0.393607081741966,-0.903473203958725
44,5.266299618890432,-3.389432691800663,2.956978461486150,5.781921388088357,-4.009560544686811,0.848750211375593,-0.095638457342247,0.022767052301344,0.224879563326232,0.492965874957518,-0.366553922094316,-0.242832216197213,-0.750769860277697
45,5.928850907205636,-3.653015898634117,-0.132517841923572,-1.055156912008364,-2.020425817435362,3.341908234337430,0.714029358581219,-0.360687626167772,-0.203815398609917,0.643786859217039,-0.224768764574895,-0.053629479836942,-0.729480199363461
46,1.193127158297139,0.549219265349035,-1.394514458826224,-5.267200690709542,1.496800199824058,-5.469187976076953,-0.128131977120205,-0.706417593768190,0.118935854126488,-0.622433901096153,-0.645957625223800,0.409190949115951,-0.166965722060071
47,0.110267638972815,-2.072249274164100,2.337414505861961,-3.676604392646700,3.858301844679602,2.550556127683214,-0.202928575496244,-0.081428521770561,0.546838448137945,0.161038011498388,0.361085944819407,-0.531090056992305,-0.749417807815128
48,-2.073300052758536,-5.081970032190581,-0.935087340562901,-0.609741215416098,-5.954789152665129,-1.077740139568209,0.086549399279336,0.632252405617954,-0.419687312159965,0.236483240504513,-0.589121329239732,0.314019214752638,0.705977102434231
49,-1.021399157310078,-0.447595076103877,-2.263042098721436,-2.222909391631709,-4.986376405742350,5.690001210308557,-0.111523263899112,-0.126291020356311,0.394832060447631,0.133305802019891,0.545058022597213,-0.820084089004513,-0.112264874791215
50,2.002969378769434,2.922207978089670,0.252096221003940,-2.223398705111728,-5.156901135994821,-2.401665357108727,-0.189237694888341,0.832862899367997,-0.048250700300128,0.339439155990440,0.075938419657985,0.928253783681623,-0.131754805912715
51,-1.756304908829212,-5.612050067850721,-0.892804790205152,-5.684641721140867,3.723962642509283,-1.483373104470639,0.066083848130927,0.625839602711140,-0.087853386052426,0.686536115420402,0.157194548135865,0.611624619999398,-0.360379467326343
52,-4.899057487186186,4.051891541716657,2.198889744590050,-1.406348121164991,-1.706067219243454,-2.191012454953011,0.078123035772802,-0.235729921271889,0.399927191213078,-0.035943824916855,0.841285198994059,-0.532314574523002,-0.087111705035938
53,-4.311761841914807,5.826715579310230,-1.321688455003462,-6.072779967882870,0.510115809594841,-3.498481331066793,0.360108879282104,-0.282888705710556,0.782457987197327,0.019633191744107,-0.470461075974662,-0.185818052939869,-0.862410902630723
54,-1.042125561918643,-0.875852367522805,0.695741355916640,-3.645502439345936,3.914812471630515,4.125163024810265,-0.381127848797967,0.528686681643115,0.681299929117544,0.449939988588924,-0.430867230242858,-0.306064182679235,-0.719883429905383
55,5.745857839182300,1.922706577337566,-0.947156880006845,4.586727508540760,-2.627955000241887,1.189640613937383,-0.111978603623371,0.012119520415212,-0.668087281765641,0.254044479543415,-0.800545185644714,-0.145907445012881,-0.522780858146508
56,1.017836037824276,-3.675199387473937,-1.325946252740952,-2.608158136605987,-5.118389317732809,-2.419289853931994,0.218548561688374,0.023771948980694,-0.364033446292499,-0.106729448986824,0.089629112473867,-0.215161324604720,0.966582149281921
57,0.429310261209623,-4.145805819312047,-2.936039120190042,-5.238750134738495,-4.758869455391076,0.286062437760054,-0.049513217514393,-0.175150293859471,-0.036051663282728,0.567137071714628,0.605183918517664,-0.505247811893585,-0.238395921171708
58,-0.002458276285146,0.438139249740913,-1.046334927474144,-1.579355029083103,-2.629051846256931,-0.192918395084596,-0.816614895684046,-0.044842539727740,0.224510227747750,0.507757204411481,-0.641819196093367,-0.536739854877214,-0.205331607602653
59,-4.810476734386627,-5.870149547270927,-0.454541669016388,1.076505814594980,1.143121920397226,4.500214307654980,0.102027302710972,-0.755011604261560,-0.120620094158155,0.317777350197724,0.585358230758021,0.740651189549608,-0.088369184696384
60,-1.639152554996378,-0.547113348359364,2.614408561089139,3.703118024573550,-4.341373935267742,-2.089783708081522,-0.076580512330459,0.312463138920059,-0.001990324862564,0.791914162231561,-0.335641856250505,0.398418477930486,0.318558033069888
61,-3.589455531213443,-4.834179976887952,-3.014382965659852,-3.222141226213949,1.607125234959934,-2.258149895947669,0.021788110663173,0.134164839210147,0.025984339266380,0.021903590046838,-0.118678147290337,0.992056478117384,-0.035491890962964
62,4.698371681207901,4.341390779132180,-0.541763845191364,-1.014677852312861,-4.330008906120228,0.338191127540131,-0.104892571854000,-0.584670852856966,0.860133865486511,0.244411157309141,0.034541434282918,0.812874602850159,-0.527546164370174
63,5.033309507441487,4.267957623172508,-2.264557102494910,-4.148931508623207,3.643470934858723,3.622247323724503,0.030787092708232,-0.239497736498024,0.204808685356048,0.354619979627858,0.209752099360168,0.811107363295182,0.415154877209792
64,-2.399595828387637,1.935306261516345,-3.004922186599330,1.593881929125786,-2.947260698402531,-4.198104672442801,-0.046319741312023,0.006215031932176,0.032810942899701,0.354800251067976,0.590468747085876,-0.320956537747710,0.649961799980537
65,-2.193467407308101,2.217393584210779,-0.185610390669924,3.963746885345836,4.632003343203337,1.076252683519618,-0.392553715825382,-0.330775412187719,-0.651459537280172,-0.575420423263807,-0.546704103712801,0.585242551898790,-0.165822540450554
66,-4.552031932414930,-4.673611862663273,0.154279849870653,-0.568165522824709,-5.772189042244658,5.325675948660328,0.191752107824974,0.199997761227676,-0.728539615234023,-0.341001579522229,-0.668744140616136,-0.529435825625573,-0.395217539715912
67,-5.250246682860813,3.140479349374008,-2.033127413372049,2.582580378831613,-2.506639727946419,-6.030702851587815,0.121254687102645,0.098857577818029,-0.133703762911313,-0.451462177196276,0.503315604096942,0.633456116637184,-0.376282677688818
68,-5.464149972454379,3.436523112904426,2.935702763215031,4.395368954278753,4.875244306127758,2.437480792267214,0.039038096631785,-0.178199055818789,0.178155753286509,-0.138398637352961,-0.990157684057988,0.014340316947809,0.015097456395107
69,-1.266154031428972,-2.958998647581510,-1.117461883958901,2.286580739205130,-1.151024201026454,2.580986481110838,-0.006745050787513,-0.561159082777862,-0.142602029532888,-0.191758946572798,-0.428275014141944,0.873073629051451,0.132481911693398
70,2.732207192476592,-0.547959132332577,3.035320054983505,-1.388803640499985,3.125931863154506,-0.926062738802233,-0.020060516109679,0.045780290197097,0.098967880773235,-0.245630227557740,-0.490341220917741,-0.516273741647269,0.657793814249086
71,-0.816443348250107,4.511025191351401,-1.582782779567797,1.794497812144352,-2.663819602000731,-4.728137114740171,0.219484513367909,-0.299553613770255,0.449399578264477,0.473571743668166,-0.787823783791782,0.330488636919935,-0.214104530913980
72,-1.722044125823005,-3.514925514194057,2.397990487434612,2.661163908118789,-2.847122553920053,0.534484654728489,-0.086774002305314,-0.315115253181074,0.386664551152832,-0.786914197331546,-0.210304593131221,-0.557410790180945,-0.160720985362258
73,-2.109720497507237,3.965406211960143,0.670109553933609,-5.802534868455017,-1.732300063369352,-3.989337633845997,-0.237557059220309,-0.167506078036039,0.735631623482405,0.066955503814847,0.166165190502255,-0.962391514031859,0.204226990610240
74,-3.289497185896430,-4.302966937005786,0.005405126629495,0.472574060389419,1.299699769154245,2.825949074296803,-0.436255895305065,0.227552445653133,-0.568920576948853,-0.119818703593126,-0.646124248658683,0.621858131326432,0.425980513718308
75,-2.202180910827787,0.355985465637948,1.787289934757299,-1.415313154296225,5.773384282368934,-0.335335238785766,-0.129610691300130,0.197642389954692,-0.356802167109440,0.600731364978175,0.280880112301046,-0.508684407948782,-0.549061346986844
76,-0.954490582460161,-4.159651974114034,1.123837701256814,2.942408623625795,-1.361405163791735,2.699150104820335,0.278888937292203,-0.661503452645636,-0.266013070454499,-0.018834005705387,-0.310587230278353,0.670187958142348,-0.673816706069315
77,1.416919551458713,0.935422226092645,1.169416492060285,-1.975084619114531,4.539800686100593,-4.312733374873019,0.124325509149261,0.039340929902207,-0.602890240186409,0.625263730553706,-0.542571924570996,-0.376671858833719,-0.415667276417255
78,-1.728806701180490,2.967756491216194,0.612418488059378,2.583838098117138,5.566311723087209,4.150558109769971,-0.336884466753908,-0.783593426526754,0.148854270919886,-0.032750579608590,0.604470706890526,0.416740310859891,-0.678137211300908
79,-2.818003467125404,-0.761941434552216,-0.548575378498185,1.045970868405290,0.471116777030144,1.402152340540816,0.382557722966016,0.363620456933357,0.750532378868238,-0.368993287678770,0.401381696135886,0.528728925602130,0.650524719658453
80,4.643870290701980,-5.248014812352282,0.013622882788790,-2.835497274074370,-4.498349710380872,1.517563542079945,-0.079007381773378,0.495685272694392,-0.425400087258074,0.663767805436715,0.001813384051604,0.150831596858332,-0.732570024975889
81,-1.011656989574707,2.016203942436650,1.191291695076712,-2.241127353664068,-4.140052888014530,-0.130180725823909,0.255239314378843,-0.558404922640065,-0.320718802306531,-0.202538721857405,0.230371431052298,-0.890381356127719,-0.336345225272264
82,6.036520554454009,-2.945460850851306,2.068957211775707,-0.346719316419458,4.054442648295012,-0.747106900881928,0.078181368063163,-0.094809998600283,0.438621970454474,-0.066339402720658,-0.427322300064861,-0.830278833391325,-0.351613131632316
83,-1.098913231782706,-1.248042161334023,-1.973177710630725,-4.878413480492618,4.521604584095355,4.037326572536903,-0.041062105427209,-0.172610311957331,0.463955320672644,-0.003771306217919,0.219217290857528,0.963396880474935,0.154259545343755
84,-4.534680016127323,-4.847698727473714,0.336948406310858,2.824377326966951,0.911514158600300,2.770233463097933,0.204384694094160,-0.033437597979145,-0.552125468233136,0.109924451084456,0.296246584755493,0.140209108319483,0.938347474030139
85,0.482120338246459,-1.148551869473110,0.177181416730583,-5.967385448705219,4.660538166943532,3.700745691177191,-0.274406702627804,-0.288989112390550,0.734182188777608,0.432355167171597,-0.617654343606504,0.650307076471262,-0.093128016919932
86,1.157235576196105,-5.165714912817787,-0.290654768576537,-2.016190277392053,-0.754303327180972,1.413764419961431,-0.019107843254484,-0.558316096912436,-0.608279334914988,0.258639698265822,0.759473471062832,0.490902419003399,0.339588527852974
87,4.257663852443864,-0.133522687412390,3.087471245229927,0.951157246095432,-2.498324572287000,-1.983370617736102,0.016756665648766,0.157189172607324,0.177219286253652,-0.265151290690076,-0.715310798328220,-0.442385689243293,-0.471508384647789
88,2.232513816134020,-4.186897775513046,2.617719781838705,-1.788128181727791,0.443210056500877,0.136426456830376,0.007482471459823,0.355483241416511,0.275844765305961,-0.650005528608553,0.722930861339005,-0.152533774955302,0.177756096941414
89,4.809765942742601,-5.412313214383398,-2.026331605703468,-0.087068823121738,-1.742144663260898,2.736431784652044,-0.164503893537532,0.481116762557728,0.071079282267741,0.058467054464515,-0.257934784491739,0.948598753649594,-0.173815002418893
90,-3.392076935123451,2.601529755928340,-3.089176170208047,2.014067841145136,-6.186305705913238,-4.976912545162741,-0.056118692746929,0.255412178442864,0.114040744409690,-0.645536785289488,0.740210915332209,0.020106068437661,0.186991458824053
91,4.726392305076189,1.079971140140787,-0.729701088783799,5.227080130233208,1.803017827551960,5.563244779859421,-0.120881510026237,0.705830753344872,-0.359322898500748,-0.357306166480416,0.051185070439293,-0.426322894609783,-0.829434253868702
92,-5.204070158858378,-2.940917463551472,-2.253412797321041,-3.705992909614604,-5.104978424625633,-2.442716434596703,0.276809976669444,0.152000976495454,0.033189991183820,-0.009064009274824,-0.414669572600817,-0.311008671596279,-0.855126069937550
93,-5.932289487960914,-1.718377303966101,-0.917669360325637,-4.993104149155121,-6.148780729572413,2.865385921082698,0.366529194194493,-0.114057777743531,0.763988543291411,0.454854977118402,0.544030920209914,-0.372446623131759,0.598682570786826
94,2.608337469797274,4.265859012845052,0.455550591617927,-2.657196734587123,1.593991018269419,0.120529938923385,-0.204686125683986,0.273737261619894,0.897628712443393,0.198236509870954,-0.868251784612233,-0.431717833363414,0.143041382221566
95,-4.580657423391046,1.097229833188893,2.997853068745953,-5.019901006992614,6.058349928614810,-4.920435140643268,0.233858260269143,-0.002657124734693,0.026424667208268,0.264922676679160,0.589676795080737,0.491216530777100,0.583783840660025
96,2.301063998380423,3.214203696987660,1.023290354163633,-0.150150768751833,6.077029608554104,4.163739939692155,-0.167486340081277,0.534665979069894,0.584367850244920,0.308292998688555,-0.758861740507257,-0.084425106213565,-0.567412272686045
97,-3.859431805227965,4.908300359204917,0.555303383767916,4.062889444538653,-3.661673919614897,5.905640998279781,0.265312753691522,-0.168991976246115,0.970896451077514,0.544850046797941,-0.258710624116435,-0.638622459792306,0.477879266470508
98,-4.082450441257484,0.869804472363346,-1.164198578785460,-1.215486204224946,1.596045235957051,-1.364601427983544,0.551096014487467,-0.532758325204292,0.045651412425655,0.932643746098651,0.027121818927713,0.018731875205358,-0.359289808723291
99,4.974901698699218,-5.267757032337959,1.894990558954980,-5.398174979177413,0.852782532861383,5.037596651598029,-0.152346092470331,-0.202930743006213,-0.162757661330384,-0.533345960065690,-0.054021717425739,0.517731694560011,-0.666766550882692
100,2.000403764878973,4.647536691486350,1.547750711196587,-2.372805292947001,2.090407908106224,-4.538675591519378,0.225979122600558,-0.290743086698749,0.753859524610906,-0.307832797740533,0.470964676867039,-0.070655749417872,-0.823674090191601
101,4.097028878615632,-1.499754428174006,-2.111455759968905,-3.284653650087968,-3.061562984289516,5.017646614241105,-0.182976196078524,-0.199378928840007,0.323121887065357,0.685877199212140,0.518097552301213,0.504540717838534,0.081154531255995
102,2.996430382297394,-2.317393072540309,2.756489845902822,-1.322818808457662,4.635426425351023,6.063386041851194,0.097674588658033,0.113374844192642,0.167794561552570,0.220688515023215,0.698470452753248,-0.630513511147288,-0.256687199190455
103,-1.839356144025515,-2.708350266688534,2.573887792417544,-2.011772996667377,3.096119633605150,-0.046559016199388,-0.010552489281127,0.090181888676968,0.452206313162143,-0.084829766953075,0.635646597133664,-0.277281633616944,0.715452451145287
104,1.345234477417515,0.793740345360074,-2.454957152894976,5.329340637540378,-0.615170735282657,-2.742835943527887,0.129073064133004,-0.401799315750013,0.307835948704684,-0.406741977230482,-0.802918421151357,0.018128953029210,-0.435378357289973
105,-3.700447836184977,-4.371269069394545,3.018764704611988,5.916007491022427,-4.716932240065822,-4.879336282985492,0.093988835790259,0.099803839434958,0.258911919339476,-0.354161870982932,0.072509589486162,-0.016702772047364,-0.932219258533287
106,-4.415720027122968,-0.870446938884348,1.866792616942964,-4.839157449268502,-3.489180717007923,5.294151838533617,0.154106380193224,-0.367364689180165,0.213311625277755,0.501102786117916,-0.449343862126289,-0.638724597184961,0.372849809259979
107,-3.891495587083882,-5.948841322219475,-2.636521930356318,0.624877931115448,-1.372255836625531,5.668929645381235,0.287349426437171,-0.057566023515043,0.228433535787793,0.103901551895259,-0.657368708016749,0.745162199566614,-0.042475234798568
108,-5.732387580286719,-2.828654338583321,0.130371485414614,-3.091159060305870,-4.277437842679534,5.464259888100978,0.666709951309202,0.301688174080490,0.330943480003640,-0.156297027803850,-0.822905012566616,0.194233466501899,0.510560417466020
109,0.706104181293437,-5.280780113834297,-0.990069958596240,1.110829399856514,-5.215604182046850,-4.867313452256354,-0.314334422243900,-0.507544074494495,-0.322267383853551,0.140795480730282,0.444331306153784,-0.835124002806641,0.292085985479986
110,2.066589843760715,1.991992154684912,-0.898134981560740,-5.098868387689487,-1.409069151583607,-5.787954337498388,0.129326396221570,0.076404533078146,-0.433110429061698,0.469205586272741,-0.075872701896611,0.345207579658225,-0.809272004868494
111,-5.976645446003983,1.902663691797979,-2.204424802850918,1.674021988755313,-0.019095321950505,0.446023395012691,-0.060394080877324,-0.264538254916084,-0.140158329540654,0.346238705609443,0.510616686167044,-0.479490414134260,0.624081966811284
112,-2.735030984463444,5.299938938401379,-0.445190519794651,-3.200837647257518,1.480436773226607,2.535403859779736,0.111782059894580,0.203844472200687,0.813816212453205,-0.008652754958386,0.958998109000058,-0.276701709264361,-0.060695311648635
113,-5.703294152677023,-2.262482878517969,1.268095832623771,-3.221378832579230,2.364655641810316,-6.127019877157399,0.183887132260149,0.045502960744469,0.804991036028957,-0.359103086646889,0.802473832873565,-0.405262231224210,-0.250685549358280
114,-2.604114092527514,-0.574186583275280,-0.948746281924689,-2.304287620346082,-1.638026053563458,-5.052951759715048,0.269426307692882,0.308754389067782,0.925965708745525,-0.900178351709832,0.154447092709629,-0.400352000183104,-0.074453385523434
115,-4.030991863219934,-5.862727504847341,-0.437557769536574,1.161839634685096,-0.269566653653878,5.074702425300059,0.605910694109188,-0.381372173704476,-0.020850691723521,0.326230554412949,0.210435590442929,0.578328510951363,0.717514195722381
116,1.854908925202588,-3.927603885592472,0.294069710507326,-1.100063028752214,-4.488989179252454,-1.139388470355289,-0.101118968293984,0.745295366738973,-0.422474808853107,0.036636728038036,-0.753230425971567,-0.648158324293617,0.105794433682733
117,-2.460930048953941,-4.316423418645348,2.958941371794487,2.388128021152635,4.863210336554490,-1.200722952238762,-0.262846332661335,-0.021084967585762,0.187362796732308,0.464587613831820,0.274074432209039,-0.030584884766545,-0.841490415576533
118,1.077507397700089,0.517437391707568,-2.831643470397081,1.354191991494306,-1.356219863169393,-1.980552108853083,0.075248936772417,-0.187984870772286,0.103956396933409,-0.315897906745449,0.618232543586046,-0.719718595452017,-0.001475779640728
119,5.075374075402562,2.799081931680355,1.238828580997529,5.633755392093850,4.294026638287352,-4.700292430788767,0.101630810875711,-0.530554845771780,0.401064026881273,-0.473820992295045,0.559343346178484,-0.546617060454647,-0.404769659888581
120,2.557094520569983,-2.982639769810052,1.230625875010316,1.118250135479872,5.451694987333587,-3.912687072183809,-0.298052977027349,0.438659762645630,0.491512950079435,0.453245440367234,-0.656534143550075,-0.536428225903841,-0.275274858265224
121,-3.018762549147333,5.541971357083330,-2.433272483208758,1.710419825326889,-5.760952729336712,3.397632601834697,-0.000778440271191,0.222249854778908,0.476006191621001,-0.730414650191450,0.406614544134539,0.294407221403201,0.463123568035151
122,2.781536675185803,-1.539614128991886,0.373785188588480,-5.950528819841441,-0.426272675194203,-0.407907049980604,0.279469076572863,0.135260204834021,0.850233089971606,0.346550615238207,-0.432877940262144,0.682362403152125,0.476341170461762
123,1.892990052391204,-3.635931046665749,-0.339835893498678,-5.409702945988263,5.917029814315045,-1.503211097062495,0.026392683705744,0.638994614460457,-0.230496087144461,-0.021266088068672,0.710115254884709,-0.052642349197502,0.701792605653015
124,-4.864901922797598,4.471164969021057,0.703058295112113,0.845132739727066,-5.505222864839472,4.875091768401377,0.177484949886196,-0.196216794764281,0.848389858562550,-0.685655218788269,-0.273815114918567,-0.577506712802627,0.348408094708557
125,0.613156967116652,1.884712826452727,-1.140640063269937,2.429335024099421,-3.556932087557230,2.547114109032844,-0.073697076221304,-0.103824317713002,-0.405495618638136,-0.150289693483713,0.280558319306325,-0.644103563582559,-0.695579353403213
126,5.652343145242538,5.687725760283703,-0.682404700880976,1.580433206921182,-2.100800798769868,3.233342182052738,-0.334187787259732,0.140757488241333,0.706931134425254,0.518490708953135,-0.427592592521170,0.434301867638572,-0.599761492024912
127,-5.340446811911326,-4.925451860177151,-2.191460914345993,1.422439157630230,-0.382055757437109,-0.245481338479871,0.026744646357677,-0.349145693513130,-0.024599503696711,-0.548327603930645,-0.559089662263784,-0.289663061808929,-0.550318906581377
128,5.903893988870347,3.722886868919058,-2.701976259876229,-1.852485378857882,4.625486581307943,-5.491402377385346,0.086952879395610,-0.169567702861253,-0.078834697875502,0.163633230061800,0.909928518232113,0.200330627154585,0.324225072366875
129,6.032730139197032,-1.093464345850745,2.753747060241062,-5.624863128838879,-2.818986034125460,-6.101943540794419,-0.114780838620452,-0.011055871097922,0.241311717769145,0.697941059038881,-0.542958613538017,0.298282064956113,0.359307711882277
130,4.926051773154809,-4.512847861817056,-0.767654763933800,0.527145057990906,2.172313817724584,1.497419438419234,-0.082039164388205,0.013030917855805,-0.670464937221465,0.179470753879551,0.576566776639641,0.761225168359246,0.236425979185279
131,-1.983212419530687,-3.558029983686160,-1.400370272602175,5.850421776351485,4.952775763675021,4.212297992468931,-0.317742066560942,-0.332547878379824,-0.376299822499332,-0.264822623827648,-0.306613664087288,-0.167353046081639,0.898804760151617
132,6.206732550711804,-2.556261687549284,0.828285375653582,-0.055869383891118,-0.835758248543358,-0.790584705166026,0.285947757950595,-0.223554767290688,0.733610447146875,0.029992285473744,0.350669473805973,0.859969580768507,-0.369572324593632
133,3.591505871261694,5.009627801355723,-2.547787368340163,-1.616976233914572,0.618694482369129,0.466379193383089,-0.288821895217341,0.099789165535129,0.213193623095496,0.304241099809635,-0.478253199619678,-0.698676561615841,-0.436534411574654
134,-5.492050546012496,3.707752690667817,0.490611264400211,-4.899296626042545,2.374704873971471,0.407496151739729,0.349137015116736,0.264987782216331,0.700638278368833,0.789711937425625,0.122988861662583,-0.510994909195253,-0.316406382000970
135,-4.383226276237703,-5.760988513930779,-2.995020912092163,1.452475062494962,-0.216148669902267,1.081379105186326,0.262813259461158,-0.052685478038015,0.123478283657557,-0.321961044691717,-0.433861233751079,-0.634948509436599,-0.552219074202667
136,3.811940866447054,-4.866266030580806,2.460169916721148,1.459446671690923,-4.951640478523617,-2.232838425818782,-0.166618791819413,0.069147235731227,0.026430488543251,0.944737237507719,-0.277681169276643,0.169467320032326,0.040565351428310
137,-4.215553536291530,-5.565611123231507,-1.609555172268075,4.898322615862858,-2.090728635790134,2.393347374346328,0.407167489986633,-0.574055356310337,0.187483105484711,0.301243280227562,0.788506767204131,0.456558589591582,-0.281182891480217
138,3.302066843771422,1.842429618838080,2.695733866432659,3.905903170326697,5.890342181288249,-3.292439305495246,-0.276810102855562,0.184522789635243,0.227099751264120,-0.445076822729645,0.287157894235257,-0.508429438537096,-0.678930387945709
139,1.066084669091109,-1.672643758006882,-1.827702816208076,4.127277244590339,5.171885557193074,5.844649028043257,0.417958584716039,0.387743385170540,0.419761313958271,-0.486264742387637,-0.217372299493569,-0.435710725042805,-0.725570153607656
140,-4.471546594623514,-4.966323353526152,-2.654961923263056,-1.924050525105903,-2.338484666906206,0.899815796896791,0.123885532353776,-0.233762666835811,0.240991493203663,-0.165616504975346,-0.464173681058609,-0.491198547155439,0.718218597896656
141,-6.002828212759944,3.499457023944563,-2.343617730879525,-4.113469437194240,-4.276769597761115,-4.518960049177116,0.324142406935019,-0.002198826438408,0.068031308677040,0.697510462833676,-0.193147820099477,0.616256813663468,0.310484481805004
142,-4.710636954275923,-2.985221731373553,-0.713293715795075,-3.518662360959253,5.264009498563677,-3.448049316549590,0.185140120942630,0.723146305921670,-0.105952544456472,0.258476459810663,-0.916097616230974,-0.056028845062797,-0.301356675354311
143,2.592971132647440,-1.358151279457747,-3.006800161309669,-0.761437757784397,2.477485604606223,-0.752390310045466,-0.065497935461413,0.104789671483617,0.113193955112562,0.240728891949028,0.625403387730508,0.625310724154279,-0.399883359811144
144,-3.425488169654534,-3.587542047524914,1.627657099334799,-4.286227096302471,0.927713477890883,0.084651560575010,-0.383297938573347,0.313891859018053,0.239493915850039,-0.365375509942835,-0.439402533531090,-0.567235375645842,-0.593017857131127
145,-6.082790487942535,6.218218063682912,-0.211116769465972,-5.447077409589541,4.135130218108594,-5.731212175231508,-0.647780765500572,-0.212627003797982,0.257235788320973,0.207318049640888,0.237922100078398,0.469923113518763,0.824369193970890
146,0.732520511951892,-5.454158207658204,-1.561448077240647,-5.810063554154215,5.970976135905621,1.131455461522387,-0.273921347050441,-0.554612446649762,0.007244965629826,0.389492473123865,0.732338666901328,0.055305660285414,0.555802999525404
147,-3.823038829273949,1.312087584065901,2.539640032245140,-3.449058883545576,-0.098349390873818,5.770370912063830,-0.036767694125693,0.330487606125316,-0.080451512087920,-0.248036094370526,-0.164488647155113,-0.673575683184242,-0.676548135663219
148,-4.876038402890948,0.986394567658936,0.264738797592456,1.684035942535357,4.797194508133359,5.227917945571694,0.069747765147277,-0.452090163451632,-0.445310379287988,0.421998744461339,0.301303157324692,-0.554170061089917,0.651175099685809
149,-3.857625328829713,2.484916173350909,-1.958746058819184,-0.863294319166302,5.488543817506734,3.634084301101272,0.109873921553809,0.174881240436766,-0.411305104298461,0.611040498498771,-0.782135073865405,0.079291563439878,0.092774368179959
150,-6.100490116053469,-5.600554772156514,1.691688696021438,-1.360353673659906,2.456460378016132,5.049465277849199,0.014063978228504,-0.054925403627691,-0.483790419215406,-0.334352728164602,0.857080057035500,-0.184407608607705,-0.345855262918609
151,-4.871991759833616,-6.068372770255309,1.392150658904267,5.821477800371159,-0.094297819896555,-5.998040752374663,0.181941816648457,-0.339316940804259,-0.352043725649948,-0.096483697101939,-0.676067199049454,-0.007265738439192,-0.730459613947206
152,-5.359341617750742,-5.730855757965212,0.786815121505362,1.211076607289699,2.528700319300691,3.838942766833441,-0.168286145975626,-0.309379473087174,-0.390566323717524,-0.417073733024074,0.318038406593258,0.747795793022859,0.407065750328247
153,4.101520918697160,4.154504834446028,1.495015811905935,3.230394956582908,-2.182803518789144,-1.709013774874618,-0.000142351073138,0.133255012616596,0.883606809453940,-0.196283460824351,0.536165060607156,0.020334684685881,0.820723054013755
154,-5.425539052178712,-1.328008234096077,-0.209488436017845,4.175270318929558,-3.003141939678541,4.149306380132561,-0.025267478331817,-0.082643242817113,1.061555278370255,-0.691463497434686,0.178395685014184,0.659440275720662,0.234929210702225
155,-5.978834987628588,-1.717894705146424,-2.258820043210989,-4.110583205921789,5.620026067598241,2.076918136200955,0.267778675280441,-0.138944618740961,0.256017434005177,0.441397892125431,0.893270995957245,-0.039137416109436,0.075518814007201
156,2.149744481357436,-4.375700327720222,1.619557670107239,1.524667560666407,5.125499970749198,-3.352336026503993,-0.094883163508532,0.463437446256782,-0.210405295998712,0.199471501532715,-0.903783831380366,-0.339118978367628,-0.168476184437466
157,0.304631989418040,-2.400096365083977,3.004005140998693,-4.954635736269237,5.132659655086885,2.087303529243956,0.102019892114566,-0.151160518606137,0.348213604551717,0.418383979637894,0.196601689422646,0.185442114826940,-0.867129657748501
158,-5.248565474583052,-3.190905459133033,2.991572419436909,-4.173543289256838,-0.378204837199339,0.627670362007375,0.257533631176641,-0.010843485263266,0.287792908580996,0.132070420910392,-0.385574388944924,0.421004774150732,-0.810336210873359
159,-3.822539514048541,-3.244404213796006,-2.004099744998666,4.811087054951619,-0.627462184628000,3.249557367021016,-0.045984268382093,0.313909469136301,-0.333074406134580,-0.603350623036207,0.787808005223350,0.060868484858922,0.107803525632543
160,-5.393330480744439,4.989657516533258,0.219264831973225,1.656009958770410,-0.041197594008390,-3.331361314957545,0.027711169648838,-0.337372101944328,0.835142353050744,-0.437249959325391,0.183998398416286,-0.674410166931633,0.565798541169410
161,3.197739522685364,-5.261826973028272,-2.213732541824855,0.720974125842924,-1.718475634967590,0.438927546763924,0.316849833493969,0.137282803719812,0.030805369514146,-0.479669580263831,-0.507873682480853,0.683125026167731,0.212888738631697
162,1.516287824568860,3.504522129388850,2.404637174907572,-2.445022656272551,4.817166826887693,-3.358036124039676,0.139144387532931,-0.101335220253067,0.520423619123285,0.583978478501269,0.805230934693121,0.096042428888242,-0.036716894120174
163,4.021239270634483,-3.802306610736756,-1.564833209703853,-5.532916926646443,2.934115441384241,-2.368769838326343,-0.154286940466491,-0.129796863691161,-0.419716632819897,0.011347105856374,0.597064827706120,-0.496024232330204,0.630352913569992
164,2.550872219599100,3.426021063666248,1.633783874713767,-0.421306046104366,-3.657854539522722,-4.721667458173658,-0.121954117010016,0.138411762097849,0.707449840393478,0.237454065593388,-0.174713433536363,-0.472580525844883,0.830516965189321
165,4.737111818717057,0.901203775625769,-1.273394479684244,-0.759508696031573,-2.750557587113407,-6.018481607213971,-0.058920473463830,0.702012442477937,-0.104689241293259,-0.100800145154744,-0.819729509075178,-0.023190582544043,-0.563333879301981
166,5.853805848024237,-4.665237013473050,1.553784449534264,-1.007354839043004,0.562302334904315,4.830516923553079,0.385944474862318,-0.417140485934011,-0.237975029953563,0.496129227998384,0.767883252819550,-0.362387475137144,0.181346124934397
167,-6.054912478020951,-1.747408497320392,-1.352889695922601,1.186187590351584,-5.284789442108178,3.304844221966370,0.432659773337681,-0.092659904764015,0.710387662956595,-0.565680036120294,-0.315022207090995,0.070614752898976,-0.758802123380976
168,2.137186921329214,5.089654158260096,0.260698094255830,-6.120041858516395,-2.168008969351821,-4.992039904202680,0.280381578967680,-0.296002800639770,0.743651696983352,-0.460689013994568,0.204729816855787,0.863604569301385,0.006203414920723
169,0.070498905039725,-3.640841486988680,1.111250487250006,4.566281467795868,-3.762123313858673,-0.168224761054169,0.811137744891632,0.004505157906630,0.177703843064882,-0.467619670329785,0.745546602550904,-0.451561123752271,-0.146917183682012
170,4.790491486165214,-2.095635085764253,1.174945336859631,3.370905292679447,-4.062565493505312,5.013002646609650,-0.065407742290079,-0.106212897688475,0.869108443677740,-0.012590293232536,0.641455223447133,-0.585115572054113,0.496000451782553
171,0.132461514116738,-2.570199299067345,1.737828845719085,-4.992576160943178,-4.556961565356652,2.255548169865042,0.064479789340878,-0.110975797898504,0.549350374599426,-0.509293436489294,0.270282410391636,0.803408823059345,-0.148667001087030
172,-0.423449192533146,3.752549901952317,2.397172425483368,-2.088203160966572,5.569449443985018,-4.568621509310134,-0.231642192672510,-0.125492508586192,0.467470060812698,0.349345427367451,0.864582471397624,-0.113612457778744,-0.342851472166743
173,-4.038608178184862,5.898533136101758,-0.071443362524512,-4.618116399470361,2.197971286851415,1.598823982588954,0.483768469119224,-0.485196064100838,0.384006143959701,0.347290908754330,0.812628741137448,-0.467189929080489,0.027515885225177
174,-3.718351766007270,0.115023512798366,-2.769994701473383,-1.525773078049712,0.070790889439683,2.821172851432872,0.115657490921971,0.203618871191723,0.342136753154426,0.557222912477820,-0.289538818189710,0.668320106925772,0.398770777828275
175,5.755255811344282,-2.634057987150200,2.639135522150267,2.645098421488521,-5.575664497092332,1.284721944091350,-0.033288036942008,-0.223682833325625,0.425066786174127,0.286539486133245,0.307407657549199,0.747561792232242,-0.514341347512651
176,-5.049318753419183,4.791836843550726,-1.221051419385339,3.851859883355155,6.152881832266715,-3.953932197264193,0.358557307504966,0.318353593458395,0.719779978668382,0.539588363182515,-0.308041477148276,0.588297065653699,-0.517553291186106
177,1.925924801998944,3.771251968104215,-0.715703978817766,5.616020822484993,3.133453945313176,5.402444554545710,-0.247343714904511,0.764753955964183,0.451974703358848,0.440404421711681,-0.368825042653899,-0.605600055843518,0.550691025540164
178,2.464233022634591,2.849916664211355,0.805385570226295,-1.395386371872394,-0.509103859972220,-1.831791374696699,-0.480500813231239,0.670490093456902,0.334624420883264,-0.214480796207014,-0.383492162187288,-0.406012990258234,-0.801302191024642
179,2.874891153581782,-4.696398255608191,-1.029756142866173,1.629532789948827,-0.926609516064725,-1.350710667635029,0.331368029465198,0.110633878052093,-0.346152282558165,-0.074835209790682,0.351687062062283,0.223499505712015,0.905960193772370
180,2.929827760159649,-1.539649988342043,-0.459199246841102,-0.584019654868925,3.429511805063365,4.498960680166256,-0.062767354563857,0.052481476026714,1.014166462888549,0.593522156582288,0.701060019355074,-0.289445086252017,0.269198515880636
181,5.498111081831562,-6.096935917739215,-1.783249991356893,-0.104631220743169,-4.777383262853994,-0.632894387477265,-0.448386871771631,0.249471071564143,0.588148520382993,0.074018203942954,-0.017952142027064,0.070694914250140,-0.994585971739430
182,0.669026872443894,4.695860091947452,2.465640799234639,3.332700371067672,-1.093482040011329,-3.764010683780203,-0.181482930163780,-0.372883557040846,0.256405298827362,0.332481144576371,0.940282019852166,-0.072975587472933,-0.000758470103049
183,-2.065802565903366,-1.499337312023008,-1.135745064594247,2.207932816788679,-2.920565067408053,3.877492046993630,-0.170277766355627,-0.238730533344406,0.676988433494212,0.572372936303245,0.102973380361672,0.731305726306162,-0.356339219559550
184,-1.889310830336564,0.793334784518922,2.480944443366543,4.062589325091135,0.835221538228729,5.137395579937563,-0.235046872259232,-0.070645464839702,-0.201922757100571,-0.099035005182670,-0.446774864667015,0.789077207292675,0.409806599484967
185,4.170159529236562,-2.135161852334067,-2.257069218116112,4.471545690665810,0.003907937848347,0.479127174967323,-0.385296074665312,-0.186087897579760,0.050297063813198,0.502991633357230,0.163373599136534,-0.688087118449065,-0.496834581427525
186,-1.213911788394618,-5.578167400289511,-3.055810081926787,2.196945137840217,2.899060695578482,3.202652505906153,-0.065012200005484,0.068666386880247,0.071120442468405,0.668149059304067,-0.575759577436721,0.387426962495626,-0.268287331554050
187,-3.701239073601556,4.383846068802049,2.249116503349740,0.104632624726769,4.318530053583864,-1.428298733541372,0.139125274074825,0.025682892388276,0.381614832817110,0.070855276177622,-0.544809912604667,0.022792212001487,0.835249785416056
188,-5.904038139680577,-6.221901738950029,-2.379032257906420,-5.071694795802215,-4.146561458337624,-4.927448340056550,-0.235095091633457,-0.180201712974487,0.455273825566441,0.936583017800099,-0.195048253041608,-0.290880034856798,0.012539341114434
189,3.179491170063278,-0.923229413523320,-0.854070981432563,-5.346993110525387,-3.496281128074926,3.292813798882271,0.271974588933954,0.050565802957274,0.844855140015298,0.461056330067493,0.203108974884184,0.573856910254336,-0.645648550977650
190,-2.793582430410651,1.176450335033731,-2.885801520612543,2.425339818900909,5.766843615422655,-4.520086498903042,-0.069466533453842,0.209853113393480,0.115823237358390,-0.813599893655428,0.428631490719701,0.392748023008943,-0.008902169951766
191,-1.149403542176386,1.538866007198278,-0.367747948012309,-3.560941510414962,-0.656035709982392,3.184465238678694,-0.308688798010748,0.167329495841467,-0.591497709962902,-0.476403810618501,-0.327526641232072,0.775250854522757,0.254463791281086
192,-3.389451167990804,1.409181338648638,1.415138013432136,-4.839551399676960,4.927639335919288,-4.423313298213205,-0.128396379140038,0.192748893996734,-0.423963700429962,0.216912625187775,0.234408341489365,0.941308580186987,0.109269388854847
193,-5.813106550060366,1.711233148767638,1.089326757940438,4.811866347742995,-4.741977023468241,-5.810593291355612,0.509674837029732,0.105326666179455,-0.509899907559495,-0.119115188373235,-0.702258222498390,0.701501558609710,0.023249174186589
194,-4.985723960588594,-6.069411306237525,1.512155956996327,3.570495419095762,0.818865979443302,3.760609279622500,0.065638827467094,-0.515302749004784,-0.308664734524135,-0.257325046619210,0.201652214286306,-0.393296771432535,0.859324068344763
195,-0.569156507769672,5.320860533385799,1.984292068520871,2.892475031939922,-2.631485498215500,-0.687322800821653,-0.490343391124310,0.258235189564939,0.214795221133134,0.403930110750372,-0.674805923846231,-0.463774698928188,-0.407909866766294
196,1.360847653389903,3.069941001407752,-0.659788959271911,-3.870106332689704,-5.633613145669773,-3.227044151879235,0.335982277439391,0.551655625760232,-0.080207463095869,-0.107270182943490,-0.439867677144441,0.077132516069683,-0.888290554615766
197,-4.810262692259592,-5.541786413647721,-2.026688276196129,-0.089426002821530,3.522343439505647,4.705157646132646,-0.009330401540399,-0.516254968305564,0.196187983692275,0.312934827964659,0.596281510876220,-0.571573811904600,-0.468853421421607
198,3.858494608380646,-3.731489937495289,2.550051039012390,-2.732061838965252,1.767258355344135,-2.796137256409601,-0.334845951389507,-0.139990854965492,0.292492374826733,-0.397314977192256,-0.778391637081136,0.485952195032102,0.009885968053178
199,5.610148506494010,-4.792816611570990,-3.036137717595598,2.700457352561648,0.928791038522546,-0.617699283399430,-0.109019579713639,-0.161038822873785,0.017575182351477,-0.333049188319377,-0.685444441707099,0.629637651714300,0.150998619319350
200,1.911915810490342,2.886425123717020,2.201848634855395,-3.902415849596434,3.775849120778501,2.873264034547809,-0.077516754898884,0.378125731480853,0.437729884827072,-0.872151626930766,0.029911779067712,0.473812097382179,-0.118147879749591
201,3.305395685123244,4.054188345789020,-0.996570272604922,-5.289034270438754,3.522158382480034,1.010512029263798,-0.548199987876577,-0.048895766375064,0.498366499656372,0.158877798503651,-0.107403322856486,0.796940119949730,-0.572807835662650
202,-3.313726915460372,-4.388985053779617,-0.115014282402361,4.526373781532337,-0.263264112701292,-4.546997426280573,-0.201313364013493,0.269012233557281,-0.722879617067847,0.566108010813998,-0.521872011698876,-0.474065981979194,-0.427121491179839
203,5.089485242637664,5.432102126304304,2.448831929532119,-2.632678859316667,4.283843954888825,-3.815530816668084,-0.199776154063623,0.253363846040251,-0.038525789723869,0.164542022216943,-0.521395584062041,0.786882130925399,-0.286162680787810
204,3.287881338196925,-5.826201883173900,-2.890683965166197,-3.342738350523202,-0.605724695541449,0.014377795325187,-0.046098941003068,0.211750982053135,0.170563455168717,0.428817019381531,0.074481931792714,-0.596898423119074,-0.674003470468163
205,5.963063066640618,-5.021119464765787,-2.186381750959193,0.972469528606035,-5.189962323508851,4.685333023671019,-0.482976273358339,-0.029475771195670,-0.033167174314763,-0.052878330494803,-0.719670910175515,-0.058723450602161,0.689803754382799
206,0.832914881484897,-6.063230353641795,1.802747289749302,-4.652539616894389,-4.222179092789200,-1.961804527290480,-0.080749303701045,-0.218017177472247,-0.151986187444456,-0.303084123383236,0.280784773738451,0.452925152194846,0.790037170960290
207,-5.338359958183752,1.375054463545445,2.635766651308845,-3.694078468430337,5.201507327969802,-2.677843474736770,0.313865177782946,0.125229258997836,-0.021992533741103,-0.771586420900553,0.385226161763576,-0.462736264279124,0.205256788184407
208,-3.617496021169441,-2.734745413723361,-0.518235590052401,5.924362561514220,0.504398717975882,0.950833635913260,-0.670287319147485,0.594718642401195,0.354856288894636,-0.604421460433173,0.751275865742911,-0.212286943615177,-0.158724683936045
209,0.377100608711618,-5.159333323971767,2.015547945780835,-4.541915922466119,5.865306065043674,-4.978602109496034,0.191327931301108,-0.166652845040790,-0.277870424351361,0.538390828521468,0.807066763083655,0.220654730163940,0.100449219737724
210,-3.824815322207765,-0.562763483340511,1.887018722417122,2.165799215105453,-2.675520320926836,5.241404443730303,0.440404942700128,-0.300898777585606,0.088247184603438,-0.466067958713462,-0.401470436601017,0.644625950025157,-0.453937805156411
211,-3.717244484361579,4.655845115917698,1.589459516405004,-3.852512873240702,4.931871747012289,-6.042678085384159,0.396107146149591,-0.071361835670694,0.741859975251105,-0.563497881296885,0.239648853038287,-0.332195182096164,0.717415448679112
212,-2.319919587174454,-1.548648554492982,-2.952473670203473,-2.635196911440281,6.184400056208929,-5.084868014934250,-0.173681873475855,0.156135240469388,0.131419079513110,0.393734083537152,0.195188977953792,-0.706435036357279,-0.554819136073552
213,6.028277064297859,-2.165739788602466,1.793371706006807,4.036092058508435,-1.880694949719453,0.539116611680193,-0.277077473124345,-0.034760095086771,0.696773577320953,0.403594695562455,-0.820845847224679,-0.252384240041388,0.315635251812243
214,-4.950593362387655,-4.793219521392758,2.068803184813242,4.766813661209323,-5.815998237343775,-4.336894236893599,0.319292985206899,0.368681204009132,-0.096471722570692,-0.514994907967079,0.272581177894483,-0.791395415785737,0.184859519903510
215,6.227180504936062,3.723321233865510,2.121429249070773,2.698892371467606,-2.268202421433422,1.696829497386756,0.024594328217244,-0.071265255037237,0.685698226953861,-0.084466061862388,0.287149830427943,-0.349110586378828,-0.887993388352016
216,2.131232561186634,1.270501461967140,-2.786457398340325,5.579094471983630,-1.321728995185649,-3.289803097601772,0.286112605475611,-0.157451082232854,0.131692855745659,-0.285691695088178,-0.868266703568437,-0.363444705550399,-0.180003146748682
217,-2.036764345990871,4.181132095585376,0.866925961439943,-2.652353867420394,3.296229999507593,-4.923262377857701,-0.095571194574752,-0.111707487206093,0.983446024776827,-0.740232564286697,-0.285314514751561,-0.605255432933422,-0.065705702539413
218,1.168919093800762,-5.963784231098409,-1.870506353389298,0.424985547792915,2.096530122030959,0.067084953494659,-0.133575511091381,-0.528570339608361,0.456542148442658,0.919166388346922,0.148222194212869,-0.295991175674110,-0.213430446748014
219,0.499658963275112,3.624936329002812,2.553412757091374,-2.432082627537499,-1.731568757131138,5.273863253641712,-0.076524911038987,-0.176197917203868,0.427688603715861,0.435324429705990,-0.064559147480751,-0.881143190907570,0.172949225193234
220,-1.032162822670665,1.278133412790644,0.729716035426793,5.657929426308684,1.378199169482955,-3.856769687535453,-0.068271178902327,-0.184294169845682,-0.714208995125829,-0.101601875095156,0.797228377361432,0.588656443726938,-0.087106627563934
221,0.262389520368507,1.766581252377844,-1.269293169502164,1.420093271364799,-3.727284267415201,-0.417729951871609,-0.130769088615279,-0.087584841864510,-0.458903573886913,-0.452700230019802,0.818400709640126,-0.300289341607554,-0.187374201846086
222,-0.233403447582367,5.724733904705280,-1.703670882971625,-2.718752158676106,-5.240935708389048,-1.376450590952226,-0.078652349398823,-0.170869541672984,0.580406066408310,0.256285635215220,0.942222830098749,-0.168872284234588,-0.134223556950439
223,4.173032163567939,-1.099717605581434,2.808851692374644,3.563180193283772,1.664360168719156,4.769113387016240,0.035013977344328,0.301217637306175,0.184700202763410,-0.828079844616235,0.089545545055578,-0.264928658686686,-0.485878762766521
224,-1.962708684344670,-1.570414590293311,-1.522078184885825,4.763297196340229,-5.819969338902681,-3.688669950778245,-0.395712498932691,-0.372418575941766,0.572764051329854,-0.199732638844599,0.848956333199367,0.039630379438954,-0.487657103225599
225,-1.075502744795424,-0.476536820541765,0.200308729304981,6.007746966382898,3.920321294595963,3.940498587143741,-0.410493753371873,0.627711755077348,0.342881881694544,0.539992700252836,-0.064215883627817,0.824582449420027,-0.156038418577023
226,-2.969667400723389,1.315139768520596,3.009549095034784,-3.035502470137872,3.740293108956385,-2.180451622963434,-0.158992790793340,0.024554722646101,0.141066477070824,-0.126082255881409,-0.061448076661098,0.474909590254197,-0.868785519970895
227,5.798676263681685,-1.881070584741468,0.179741242232179,2.256627895484730,-6.146293067571291,4.728771424866684,0.087812155708164,-0.309598767232039,0.864202608427365,0.473529565991699,0.717341304307647,0.146264991590029,-0.489691490125248
228,0.720518589853516,1.546362498305076,-0.646502534232277,-3.397631591330635,1.278456723271271,3.783678024076437,-0.071075370063011,-0.279072768717917,-0.431443524352923,-0.156717951253117,-0.395918422809884,-0.236335371688580,-0.873403502582616
229,-3.624159639878502,0.259350302320154,-2.222345832692435,-1.087116748586792,-0.152600761246939,-1.548890302666472,0.360706722983891,0.073887808730842,0.514436560550965,0.351512081267415,-0.652430909646752,-0.285091464020110,-0.607861844503694
230,3.612239196391773,1.894074710615238,-3.011148341638179,-5.671865950441484,4.964018656983814,0.321368839790928,-0.071584329298164,0.141861271740784,-0.022048505065733,0.424947375697742,0.606199788669600,-0.605910134745565,-0.291229209931192
231,2.206304574632217,-0.061810595651367,-3.017633469703290,5.489174418249839,-5.836858960942662,5.260400431709542,0.141260284969639,0.186193279529176,0.259146873528884,0.244452935344517,-0.682060818527397,-0.423108733094234,-0.544072423681425
232,4.758256070559513,-5.248977337043352,-0.475611635353380,6.128400875009600,-2.378146505753128,-0.082890932406294,-0.082175787757721,0.443504330598536,-0.474817582143253,0.771340584090285,0.484519932414154,0.359725937177391,0.202166734529916
233,-0.309563596402715,-0.036496642133231,-2.735173213583353,0.780391662659376,3.389587563809089,3.310509403113080,-0.164201401750992,0.013610411672934,0.338644782470709,-0.345571660531899,0.291318527931173,-0.726066881094553,-0.518209057137049
234,5.815883103602829,2.516706313026766,1.858727963981468,-3.511173234047530,5.016965863010647,1.033785556808459,0.472763926754808,-0.422227721438532,0.291969574107462,-0.492371659161471,-0.346713681238643,0.130329704458803,-0.787638204147189
235,2.047551665884377,5.645139759357409,2.879312764462099,3.000788590904818,2.402644333659765,0.361052829680379,0.153487200502112,-0.166244408297534,0.116595644770595,-0.849533435309354,-0.261578613421333,0.375452978998626,-0.262496917797368
236,-1.717983667102327,-0.082310616621093,0.759008445686281,-2.925223601200130,5.526289080605389,-2.265774880674732,-0.079783979432243,0.871258967187300,-0.038325240829916,-0.457571301171057,0.309216318472449,0.819659728096496,0.152222543901192
237,3.959304811842989,-0.460795338501119,2.649544633644519,-0.623708646117632,2.573327371365970,-2.319658193934170,0.000569912363513,0.073304271013831,-0.021916912483876,-0.019061471959389,0.617822043553632,-0.622396058689916,0.480162190216196
238,6.187542178159196,3.325943338418597,0.556788279961443,0.290473354484277,-5.569872907061226,-1.738547850595011,0.631749891149743,-0.271189740213380,0.613050931471297,-0.224882635577941,-0.256518540401938,0.391718758313866,-0.854507140421086
239,5.742756818510831,5.244017771715816,0.605728718967765,-2.422576953767529,4.503147836475430,-4.543975245778013,-0.652690722755099,0.259576022514692,0.762373529446610,0.192381682783778,-0.724954850357004,0.334998133310385,0.570268361170154
240,1.790656527741353,-2.766197532297057,-2.556419560189456,1.494706322302758,5.898672781204029,4.387380178172346,0.176506107207353,0.249622174830030,0.098700020570596,0.397002436338726,0.557119707273837,0.266019081475098,0.679146924898712
241,1.233248340257362,0.637632883031512,1.879387705903093,2.503974569145459,4.557365708482710,-2.565132146450599,0.082473675272557,-0.123016866593474,-0.443728821273690,-0.143019703084880,0.889305622143329,-0.424030265277871,-0.094229555247588
242,1.588380669810263,-5.629205830075406,1.897127636122894,3.830851783938376,1.821333160753046,-5.776263116805242,0.110917948664074,-0.096295597351821,-0.422866246889224,0.667309593783425,0.693126182691574,-0.259505776722702,0.083251142692185
243,3.123145895861306,3.990983107751276,0.710783390057710,-0.222528022747759,2.859236776402955,2.830665979588236,-0.193261133631217,0.041531734001055,0.924313466857234,-0.518707401546640,-0.430464302192691,-0.423273237032677,0.605378297373115
244,1.942690180024744,-1.479831924570901,-2.504641819287792,-2.600436695356696,-0.194394610259669,0.170491789736223,0.139603309315982,0.280852561482747,0.192367167768826,0.370164130555382,0.312076418373977,0.656742452944486,0.578166218353778
245,-2.612311630202340,-3.707422269353215,1.859378956400670,-4.330008138568725,-3.992817739049447,2.064711579696997,-0.381164893557582,-0.144075029086061,0.204840818062614,-0.078357603934871,0.699748498946763,-0.223191001246874,0.674090425009699
246,-4.314377459070877,-1.110804151932744,1.691607468704180,2.516165613548496,-4.236254416759849,-3.837114643911304,0.245279173245765,-0.355898440306336,0.424670803312156,0.069004823845527,0.504386406255552,-0.515187304608038,-0.689503247738081
247,5.367990736858706,3.061087980021256,1.092630110668574,-3.010574868081064,-2.608231670466707,1.499025646353880,0.415295767553105,-0.618543892933779,0.466013475797556,0.309364682798801,0.366448868186336,0.366598226552962,0.797254326002672
248,-0.952086422524255,-2.430050327318047,-2.409318160125895,5.754419577664187,-5.272982114976273,-4.649485581778413,0.021436134607849,-0.352821940620720,-0.076420793854960,-0.392020102221618,0.364285941883399,0.838412418153646,-0.103347032303952
249,5.451327636324129,3.601840679602224,-2.431427833860138,5.705841414777399,3.247249850338440,5.281978856442993,0.171536907487757,-0.239575432422313,-0.086253593074310,-0.691807462583992,0.226203729562333,-0.647580438604622,-0.225552395203055
250,4.190968604174031,2.768205597930416,0.291400506195484,-1.755033953326604,2.851664533792663,5.843660720504685,-0.469126015873939,-0.740016905438700,-0.078020744940415,0.574386884812263,0.111773074237958,0.790830438595486,-0.179370298048291
251,-0.693275381368667,-2.906804956727987,1.518992310254040,4.679551980174168,1.858218598802335,-4.361374531673682,0.256966484449526,-0.350863167535142,0.760545743610602,-0.755278149186540,-0.227754256845720,-0.613518159391333,0.035754495480715
252,-5.808203619591939,5.894683247923981,2.808023615289916,4.065458404509961,4.805395276622551,0.411066138306840,0.081921925576352,-0.118995146921221,-0.013112211055782,-0.287503006970625,-0.458379226745185,-0.436013372704189,-0.719112539380626
253,-4.523961218037776,-6.176052629155931,-1.519277880585407,-0.401458189830787,4.364255016600657,-0.457594054446812,0.211285887830356,-0.574757549232701,0.437431722124733,-0.186364045444628,-0.290435944725343,0.933737497316398,-0.095129862200678
254,-0.763684777173730,3.906185858671781,1.347988384636299,-1.576055379346926,-5.206107933728712,-2.282186160828096,-0.032173911302725,-0.220325287961350,0.924024863501395,0.656228833798156,0.473687024201795,-0.224868322377522,0.542603500159996
255,-5.288099364589636,-5.715372413797210,-1.465959996848328,-1.140280971043815,-1.999425940871402,-4.593730395703377,-0.321428094131364,-0.665012444473306,0.204940286171041,-0.055977121567643,0.881628049316104,0.358713547607585,-0.301534633637440
256,-4.688758902718741,5.032032148742145,0.854629217269853,-0.779408207893036,3.161620658413442,0.489125826443232,0.047872223003993,-0.585698064722037,0.677551909773845,-0.699479131890963,0.027918547186186,0.713066160958678,-0.038550601392588
257,1.503358339727169,5.152576171967651,-3.000338503117644,1.164956028618810,-4.870103144398986,-4.122252744059185,0.157046016641618,0.103624371680424,0.335617528685643,0.426113479527098,-0.228162750780841,0.601394949586376,0.636154993954642
258,-3.378073270126127,5.743169526136381,-2.847406391976592,4.034442708225619,3.788612597327504,2.810851257182943,-0.107916674537197,0.081770420985488,0.242665882455949,-0.607089519816105,-0.026580807993601,0.563562381706594,-0.559583074709243
259,-2.076661216754569,3.940164646073077,-0.757364925441191,-5.445057783525517,3.969675128102546,1.937735757292668,-0.331448872966562,-0.461374881559951,0.490624028491845,-0.462327042051503,0.184229465994969,-0.865898527338742,0.050328425364953
260,5.634842643084101,4.143098887121464,-0.416219920297181,6.196021002971001,4.342090221482081,3.166322202259529,0.280630543906647,-0.335313885262033,0.780835238985781,-0.088245228627937,-0.281882527560640,0.802021519533063,0.519149788101956
261,4.754396688548303,0.829632307881752,-0.002688789137198,-4.357752552875056,-1.828322797124651,-4.142771281095662,-0.133796099953770,0.598804403945801,-0.309758838650533,0.443486541307579,-0.182780893895777,0.532086631941907,0.697706706728852
262,5.082685438170280,4.221303757203202,-1.001115213725860,4.958610054030469,1.989798561529957,-5.308056266896955,0.171811844139662,-0.700434567068663,0.513892804006980,-0.259072511735183,-0.255380074734589,-0.931474617871074,-0.004181788339548
263,-3.774903567156506,5.997089079075526,-2.703115696226081,-2.278774798439570,0.746652324543679,1.221989606585228,0.099471505967618,0.184261043309757,0.231993571664098,-0.221146396721360,0.887834779725845,-0.016199117063279,0.403213670071700
264,-4.368173547818669,-0.204089378515882,0.630084755891937,-0.423344326992820,4.041036171163531,3.129627089586455,0.301976603511798,-0.629610904403356,-0.012640122594326,0.620856213909442,-0.614892659486671,-0.347662419097811,0.339963852941015
265,-1.430760309615484,1.625631070005445,-0.624823617262150,1.024328609485155,-5.110411346181822,-4.483973953712756,-0.179153929104499,0.033247029714731,-0.630332892728119,0.073119550548522,0.734578918769685,0.612004197371486,-0.283722057349135
266,-4.280002108247951,3.322391125346664,1.285472442419263,2.406110203326907,4.470295424909116,-3.209212335616988,-0.150689585550888,0.589080399070317,0.619616386887982,0.882442059953252,-0.364918113568373,-0.206974412367847,0.212820050371544
267,2.059324089217540,1.062834223627887,0.878484444748532,-4.677091207548067,-2.781321734569629,-5.594711359350988,0.099821262084322,-0.101687834336515,-0.495775613180818,-0.144096457190636,0.379975588706801,0.652075661920287,-0.640040697255454
268,-2.356517828681142,-5.381298047889200,-0.171009486216676,-1.441454867238814,3.867001833526988,-5.678493193532919,0.361614270967059,0.445042648438388,-0.551154082493019,0.412417900079552,0.746112430841370,-0.399610084728703,0.336956223300703
269,2.662378993968813,-2.813031715647947,1.786740420403200,-0.219069840652378,0.950577466455903,0.605343901770120,0.018976329995929,0.206649109236020,0.680581754920703,-0.584193644762794,-0.077244300469095,-0.329414484003585,-0.737724339568958
270,4.518402413833899,-3.540868344539904,0.381062070004577,-4.643515267063995,-0.223309725701882,3.147021248062192,-0.359176353871360,-0.627281770881143,-0.036539833408132,-0.622808971237769,0.093490280711205,0.775787789931498,0.039010995264083
271,-2.324875253596852,4.428767228031441,1.502418496536631,-4.716339189926661,-1.249567524385837,-1.394896476377876,-0.037000623749326,0.202453796843349,0.760261461897007,-0.437732530227298,-0.215437610242060,0.094347172446417,0.867799215905018
272,-2.103418733757919,3.116939132519734,3.037698932715048,-2.412578861520032,-3.812131306533683,-5.068365661836499,-0.063619556802001,0.001662919515195,0.320393643750446,0.457654437713401,0.074868367772338,0.564657774349770,-0.682721569173481
273,-6.152402399759920,5.947656475063031,-2.065702999080808,-2.953003740259220,-5.153112534670115,-3.667335401523566,-0.062191449186779,-0.186361318396273,0.435051730836782,0.141088994828853,-0.346845710471260,-0.861349973818636,0.343319342986243
274,3.718232413921072,0.779220109238247,1.973211787230330,4.543021495562460,2.533770639864390,-4.603184601459104,-0.124587461153947,-0.019105015477906,-0.385811137325184,-0.337091343946652,-0.858370791429628,-0.073131155204610,-0.379764195778320
275,0.466703274008951,-0.077028357651083,1.215201911456386,2.436137286090947,4.308269310807653,-6.113340048949356,-0.594587766617821,-0.405585309125316,-0.107953308804708,-0.388657199657961,0.577775151291512,0.599129974149085,-0.395176833557104
276,5.797330032286290,-4.839035824164463,1.889531385967267,2.104733886926917,-0.563750839267859,2.660527663274008,0.155991035848602,-0.329498980013460,-0.290110563387511,0.338174983927518,0.456152602570351,-0.701232607029757,0.431086202808870
277,0.618372108242141,-4.175743046067749,1.703132532611704,1.454032227406877,-4.375812835953229,-3.483239181425227,0.376430056962963,0.143891088950738,0.068758311291079,-0.608229335749961,0.234501637910314,0.207875027272585,-0.729283230293254
278,-2.724294246966338,-5.032617536435835,1.368843751512081,-0.291021434654128,3.083031179469611,-2.041976500052237,-0.272242183334988,-0.083315760638932,-0.371447503222697,0.286107734289702,0.519592008331433,-0.501282553486225,0.629985960818217
279,5.450777719889713,0.655491664601987,-2.598484694178142,5.366558379695574,4.806551963709293,-5.014427838148190,-0.319972665930010,0.138515947782822,0.337450696858377,0.290675729237487,-0.778062707407141,0.182009833224002,0.526306435818807
280,3.278902109186770,3.327862175107159,-1.300722807468339,-0.084227193903865,5.822477174721831,0.647220261343807,-0.691702790124891,0.130119325249119,-0.032404823828813,-0.808838580025748,0.526257253994193,0.126394724555100,0.229908302775397
281,-2.043874573033886,4.032186388400790,-2.757465154032973,-2.002094371674281,-4.678190243920365,-5.075478343396433,-0.121611472475487,0.049000242582866,0.110230311387988,-0.321068610093918,0.315270202240269,0.261427159585041,0.853917728720418
282,5.805259007049136,-2.991482723355671,0.580333282762582,4.141508322385290,2.231627473602611,-0.864040151589060,0.697813511669133,-0.443238844877165,0.426043024409058,-0.329896115792223,0.796698444299851,-0.504973592619998,0.037971204772229
283,-2.217089008616479,4.073451256654458,1.729475456969967,-4.413576473209931,4.248856125237594,-3.520981385539052,-0.083500582062754,0.037574553569424,0.755201706532222,-0.457438484771670,-0.214986096664204,0.117829145366849,-0.854779096254118
284,-5.089903344638767,-3.149518320830673,3.033015992244560,-1.328898388646663,3.627405547286878,-5.601366405061735,0.021081183152204,-0.070463732130402,0.146364459500679,-0.517437617364268,0.403939357380316,0.753965236028245,-0.025054551611234
285,-1.085113035029986,5.438036160533919,-2.543129096331577,0.773678056803131,-2.401382591503300,-5.036587870262901,-0.058107445896054,-0.018807607329318,0.437719008654529,0.561932722893564,-0.661779146940577,0.481299537658774,0.120957557289643
286,4.435681337581315,-2.944312210907831,-0.757231087584138,-1.787344188791439,-1.074517848186957,-0.790406712792103,-0.415620200156653,-0.798691026727497,0.030745301519059,-0.725224967699046,-0.412682405449835,0.126640127178510,0.536380701224668
287,4.413493663324285,3.214941762370767,0.066287498467786,-2.634602033364612,-5.835016912231727,-2.252285973001435,-0.460862439522157,-0.734569110437761,0.142786052007263,0.222457975745665,-0.760766773786361,0.227529735947618,0.565664727722563
288,-2.247093758402271,-2.672389397864294,-2.637035917430812,-0.609538959308846,-1.295951934986808,3.921659910641978,-0.303583834190232,-0.120822473795032,-0.028166395886671,0.035312982622403,-0.458219748655798,-0.344396352620423,0.818644493966628
289,2.926325389511609,-5.789404814449535,-1.371172437796697,4.207121009438648,-5.561989817261193,-1.473595446750710,0.609933565847258,0.080676749898216,0.373629618190228,0.685200969827474,-0.404031187382839,-0.524416749466572,-0.303719448584409
290,1.766697529400140,-2.345383125143694,1.276012455036545,-5.092062526974185,3.908379161062264,2.479741210738787,0.023846972580117,0.198277131445565,0.719662745789493,0.730372372179723,-0.432862340692144,-0.520093415236376,0.093216046874154
291,-0.088250709959658,4.071741399936670,2.038781110000758,0.954201229144736,-0.982980946697635,3.410322004298539,-0.019323948419170,-0.188484802570651,0.558705833943958,-0.607189067393024,-0.009799897626905,-0.454786555140049,0.651455745011692
292,5.112163060409204,1.919440939025042,-1.432100068742739,-0.805587061235459,3.101628510857617,3.946651330205659,-0.123346791056175,0.204364919874166,-0.513723945245429,0.711504116317145,-0.301031295412858,0.634924725667949,-0.003555893881329
293,-5.441777919603616,3.072831610488800,1.263528981447626,5.726210767143405,-3.423328225949792,0.710325768120993,0.381984500510040,0.370427469338436,0.595306049136439,-0.716509100571198,0.624116938939305,0.166454763426044,-0.263411402677381
294,2.503569075143259,4.289009410028475,0.782706246995610,2.689596257498177,2.453061855429288,-0.224899749827562,-0.070971587351601,0.123311865979396,0.844917947914378,0.187111925573798,0.766969273016434,0.477594640115778,-0.385552358687363
295,-3.965908734297567,2.060080067311299,-1.589561235413194,-2.904464247445313,-5.284880683564735,5.983886834385810,0.240527793045957,0.017090295382145,-0.259218016698871,0.875848216879953,-0.475735952486321,0.021800787616646,0.078038004583880
296,1.099612330069617,1.283462055953986,0.675652104877441,-1.624270679174818,-5.673595604623320,1.778873341409325,0.195525042481254,-0.092014786818964,-0.720651473285842,0.178598993018806,0.553285002016259,-0.536608497507973,0.611579452433428
297,5.113098377611973,3.697277562076724,-1.225464823206288,-5.214341873331449,0.664342028873162,5.143199966863417,0.071833390908139,-0.714933631496344,0.259937949246708,0.496391429064792,0.084331836016448,-0.610825558321171,0.611044865690514
298,-3.633610721458175,4.563235981700732,2.212397142515224,-1.679317625743648,0.367207316905695,-4.318374588801122,0.449751959030659,0.016869024899784,0.393780993164255,-0.068243465381348,0.380307131025802,0.434659760759464,0.813498744867006
299,5.949518505497455,4.889560792611467,0.243021113171076,-5.187844834226388,4.762947967340507,0.992100125791477,-0.178405565194952,-0.085330332321349,0.833883345564301,-0.319158216274000,-0.722820967963299,-0.071497970808779,-0.608733046111040
300,-0.556877626885822,3.300096416724905,2.879208116204397,5.364717161223428,-0.030754519900396,-0.966660049344412,-0.169447119835968,-0.170092848447195,0.215970173390931,-0.210185263815703,-0.536652519524768,-0.474472295491709,0.665358752082867
301,2.935691331334516,-3.414886767848730,-1.087232253193737,5.980486487025404,-5.788827439755185,2.573954760742568,-0.528464226117714,0.337194132496747,-0.391549420049247,-0.487308767874840,0.719154302720530,-0.468014642395405,-0.162202182890233
302,1.990219119536757,1.698365849751027,-1.389179594626013,-1.283801208500627,-1.498138069694832,2.237239864114194,0.269954992967907,-0.258566696132983,-0.516504547587487,0.276580663549933,-0.760103730561417,-0.578699882777542,-0.104172458021084
303,-1.264737931958630,-5.443119043617184,-2.337356609444379,4.579169479835421,-4.393556301337423,5.279766973048927,-0.161663527058234,0.170913332015626,0.331604070410870,0.122703020582017,0.523973733393073,-0.503772486879092,0.675728330705343
304,0.244558455702866,4.794217459972614,2.754005045929198,-0.244549874389640,-2.311988096023888,-5.592490041815561,-0.011966414151921,-0.071508432920160,0.223340099603315,-0.186809292723742,-0.028422969158884,-0.429899068296540,-0.882882333073901
305,2.768407878385540,1.878660839075181,0.737906005324034,2.830163394409771,-2.909923427317772,-2.908942217837780,-0.367614688945029,0.183314953370889,-0.522554552422787,-0.167328368210823,-0.544916900422309,-0.536916524483407,0.621922370206045
306,-3.388466308624999,-4.694851337915471,2.072197821356230,-1.185185181885270,0.101322875253004,5.273460926828941,-0.347881189660851,0.328458586482592,0.004844659163203,-0.414613241529212,0.531726625908397,0.498521817099060,0.544829012741578
307,-4.359833520730130,4.652347933225508,2.203646477523122,0.880474886665936,0.485098730809482,-0.497866788297642,0.281321423598989,-0.120346767474343,0.316739991127809,-0.087582364645522,-0.766134304297822,-0.380234327222212,-0.510675448384848
308,-5.481629382692518,5.223346060127598,0.947406991750439,1.038860362485384,-0.858524233045515,3.067276840997046,-0.185053201604759,-0.477731328038220,0.578139887180872,0.765918690257126,-0.166422290195033,0.412006149886373,-0.464675277690622
309,0.858021026621981,-2.023105178209383,-2.961059349191357,0.592562065830935,-2.156376386285806,4.825991814637277,0.157089154709034,0.061342517996500,0.278269384515055,-0.857318331183212,0.209801159615001,0.246057436301548,-0.400555227755353
310,-3.560249402291877,-2.489234248121144,2.253282745237041,3.582611808813370,3.233362968397577,4.702059339506016,0.080456561273878,0.001874379606988,0.608677178096447,0.610062101437636,0.475010988634092,-0.532630454823133,0.344228981437155
311,3.731632660654721,2.954757785311861,-2.353544271154697,-3.410455744140727,2.099971679329141,-5.068098264710006,-0.165550341370603,-0.010342082005399,-0.014984114448919,-0.242621626204907,-0.401738997050852,-0.444730961557949,0.762859683413670
312,-2.870139396831433,-0.863477879824958,-2.431284056110623,-4.304739176038886,-3.336782341418902,3.351373817427941,-0.018859215491547,0.032014452911065,0.419833999523529,-0.613704926112281,-0.359898169930008,-0.525946950512090,0.466067995247029
313,-4.685536386864138,6.139365652517323,-1.563956088026459,4.829695561876036,5.253227922735576,-5.753622168454866,0.197523114642225,-0.445685294906015,0.713908033430568,0.368804189509010,-0.016945605258336,0.700914299801981,-0.610258519478532
314,5.103366284465013,4.489726178155678,-0.477425723413088,-5.453971676085867,-3.285189534477660,-4.550862341740780,0.061134706340488,-0.240232012632425,0.878618354155424,0.638159028757891,-0.542030880917901,0.367758415844250,-0.404610090978806
315,-1.826249704562679,0.703543577828543,-0.403289985374480,3.600095445149636,2.491412358720348,0.741929129878568,0.130160086552667,0.713692601901572,-0.113664449995843,0.368519684698987,-0.189167939626105,0.505940802592983,-0.756592781407900
316,-0.096760197148807,3.399768170097200,-0.584612951637212,-1.780454539055306,-4.413527578690573,-5.342839125141278,0.805436128633281,-0.183226441256232,0.012568428587445,-0.193719170582231,-0.213405346039882,0.930192700537717,0.227316037922713
317,-4.894427338666364,-2.511338607406347,-1.063933893249042,5.334225702748673,1.209805275669281,-1.508968573811843,0.314028224583905,0.770677378314201,0.175551645190735,0.072436490009512,0.782022181339060,0.589880523650139,0.187710496848306
318,5.883396379962576,-0.679262304721508,1.325866385643644,-2.852937659519789,5.540359612820945,-4.869146755450553,-0.784725021690765,0.106148236594044,0.198750990127426,0.288844423866559,0.878511337401783,0.019337879527487,-0.380016809198104
319,-6.182593071348044,6.163306332412535,0.921520415597985,-0.082842086152599,-4.806311151779575,-2.243176323604438,-0.685721113471788,-0.213318718613524,-0.208642498763343,-0.075395572116591,0.835216192932385,0.360837321615347,-0.408075784748627
320,-5.383591144899483,0.885696343657657,-2.214863804515240,0.702267129867820,-3.426570722722464,-2.217048515982842,-0.246446403395930,-0.371456497717326,0.150018527795065,0.180316358597886,-0.633324231139281,0.128210239505645,0.741585169457792
321,1.325265010689487,-5.583700660713903,2.327681726766018,-2.734909349159236,3.354759772790924,-1.583885370097888,0.062717669450065,0.101094599156609,-0.245046604690612,-0.266432615660041,0.683270564201370,-0.051624880071234,-0.677856820549975
322,-1.444483697294376,-2.477910060276948,-2.288231113903757,1.040930070247486,3.091424121247009,0.468296035745265,0.013137184122780,-0.374340831363227,0.114059532560601,-0.680838983478140,0.213166230671842,-0.684380720921727,0.150470812811888
323,-0.667026441422954,-5.595923588361397,-2.529774418479210,-0.038956188245668,2.589980140865434,2.573298857521612,-0.267877052849475,0.148779577284653,0.351455692616404,0.837728487791436,-0.223461950564642,0.447859365144710,0.218398091669086
324,0.880930374878431,4.241531766511857,0.163028968269619,0.645412879343643,-3.859983818081362,1.657865736126709,0.169658327333052,0.113365042258750,0.944306593405064,-0.826821036232195,0.316721120884811,0.298622034035361,-0.356201609229903
325,0.236221118605843,2.196183865870385,-0.665702147082866,-5.878732095649589,-3.282078171518194,6.140156707320500,0.330414333922160,0.043551249947871,-0.550714234098258,-0.535335720046460,0.681213916400814,-0.318384850190933,-0.384700343271357
326,5.038347939689208,-4.664964027675409,-2.585744082930986,3.429050326584560,1.785375775452311,-0.631181439233391,-0.127071982866586,0.023966672876270,0.077594115241439,0.030403516412161,-0.454147445625001,0.775216737651730,-0.438023667724326
327,-5.878467240042629,1.871037993294987,0.084969295671256,1.607452867606528,-0.654668716344147,4.128610351170275,0.246232884106714,-0.126595626361594,-0.539961154187034,-0.518607827559130,-0.568707776773441,0.548846376866815,-0.326167197050807
328,-6.174033849923087,3.840841048866160,-1.985027515892835,0.118685408631927,-0.901088858411065,-1.766931280112308,0.515051279586619,-0.140806589617759,0.171743200673995,0.927272733421961,0.347005945001503,-0.138192390153970,0.025593266483829
329,4.085753137452024,-1.197798629768322,-0.098469676217158,-4.443316542631617,1.013842965512953,1.053217020239262,0.014054988286897,0.338057719561788,0.806607015961038,-0.333993432006366,0.533390352212536,0.659561380133641,0.411001101433320
330,5.660011969123037,4.903838752421420,0.587334878384440,0.220852420511743,0.132185107567103,0.085677439743779,-0.478218387832664,0.056608425691075,0.782245702960655,-0.600694131241335,-0.676002011353242,0.085994768334433,0.418082218179268
331,-6.155717783821943,1.987048097402255,1.053938247744040,5.697764062090602,-5.274052898360327,4.924160557947465,0.708897867869066,-0.097937129648537,-0.241318831333912,-0.177445126626519,-0.862558783063848,0.155134500142018,-0.447703986649213
332,0.328096575063616,-4.026821925699315,0.216692016084768,2.077233724685708,-0.545325339526896,1.554458464864506,0.515305768929358,-0.056454255680520,-0.444002931938879,-0.493976874093922,-0.848890927234415,-0.187969199889503,-0.006214612811147
333,-3.784167855334565,-4.890872448159227,-2.946534885118000,1.097798714696050,-2.759600412767731,0.215225681594167,0.098795924125323,-0.022480312908480,0.030504745539058,0.636770132870881,0.522918879032308,-0.555610662826656,-0.111249427812102
334,-5.011563648837573,-4.068996565079964,-1.058960631501429,-2.574661562030057,-2.872153901938113,5.266105090815344,0.036487352327806,-0.009301236796165,-0.577056703180998,-0.441046025307232,-0.321594495640885,0.726739619886334,0.417019074889440
335,1.411497597550514,-2.213406363667713,1.105837108883013,0.787997299117095,-3.859886571236790,4.579462427006863,0.055686266693047,-0.023488165259874,0.779654159132873,-0.246044611588711,-0.615808501660639,-0.131929154244546,0.736774481541644
336,2.979666699083650,-4.937490157628636,1.900917720348966,3.055866652902163,-3.372855947594436,4.137260242089988,-0.264496124286714,0.080355267501149,-0.310609205856293,-0.352460715412758,-0.310666158189051,-0.636943945068089,0.611195871294859
337,0.293287895230078,3.600904366303652,-0.095368876831857,5.778963528002274,4.393474494647496,1.307830936925543,0.668416735245231,0.094634775209074,0.603247337510946,-0.092819572879479,0.655521115084093,0.062510063658604,-0.746839398070814
338,4.451223686722077,-0.759549099235300,1.454420781109814,1.694940998675200,4.072804561101931,2.677236503010098,0.083029850059246,0.598467034538383,0.332502944288189,-0.426035366223748,-0.248555068397098,-0.405270267472315,-0.769720894223114
339,-5.891738650532533,4.506509304222902,-2.359963782245694,-0.466070964307228,0.438369845373912,0.491151687293722,0.459440170902798,-0.053286806354435,0.218975567290051,0.137149278191610,0.543623088324693,-0.644539154370645,0.519839678954019
340,-0.117265143936857,3.831532355769724,2.901185407497650,3.492594086174307,3.907130386958784,-1.685380273589442,-0.151526086403813,-0.044476431665029,0.283066309938458,-0.301317014841786,0.148349185339964,0.852442532771770,0.400677306691375
341,-2.967434692905535,-4.070244009561084,-1.975883506979193,-2.475263436877316,-3.702277016267967,-3.757365659710569,0.160978932646211,0.078390949010326,-0.165742541189686,0.576322846690326,0.439070249202555,0.313664553045429,-0.613745746063283
342,5.020054644905478,-2.682586561517026,2.545456629533351,4.537958610022637,-5.989657628181871,2.028896594811524,-0.247289281607397,0.019662284270280,0.463080527107890,0.693565662931221,0.478389574778555,-0.365298120083132,-0.395812290624861
343,-3.066934525012847,4.419249045570069,1.105201851788173,-4.062721168520403,-5.497519051321132,2.783288136482991,0.054499970519952,0.209339947921457,0.758373020029470,0.335794769376454,-0.788474033836355,0.479432508530044,0.188931311830068
344,-5.896466770380111,-5.259561051269298,1.761950070839006,4.766503786065041,3.912424575743740,0.757992436608220,0.266594813223910,0.041332015484082,-0.299791077920791,-0.135297148251850,0.102961284109283,-0.395965497455041,-0.902388486448418
345,4.596487712876582,3.540547918868782,1.391079576472230,-1.254565313672348,-3.177193506187437,-2.846412447062694,-0.063717358186824,-0.252732768794759,0.798529620738266,-0.592027833923263,-0.471747126431358,-0.518048250993611,-0.398225692549271
346,-3.046508742607207,-0.711017959495161,1.068877474681126,-1.200481796754491,3.318764147090528,-2.319106230120306,0.745323811680685,0.106809416453391,0.223345769855218,0.480387130255528,0.560301165186331,0.501833461771247,-0.451058738993477
347,-2.895013225327108,-0.235436240260836,1.138960172397168,-1.300205323490912,-2.027433081122820,2.675447849280848,0.571266659129188,0.236499705887442,-0.172694516508158,-0.303164813162325,0.223348133890417,0.789621615103388,-0.484463014181102
348,-2.718408000344854,1.068161903459971,-0.478293241823476,-5.289099776230067,0.733755585060518,-1.671424714516598,0.306195793588614,0.366325916597053,-0.493130058105686,0.071192757123390,0.233987593773831,-0.883205846591055,-0.400161004897379
349,-3.464132035606546,-1.424138952332191,-2.086607517448348,5.632785974480663,-2.681435030176028,-1.573915534149966,-0.332496916080059,0.157939684799399,0.532199198246193,0.274132502869339,0.147628009609817,-0.537635446975017,0.783585009941621
350,3.355856256970466,-6.128627188439273,-0.910169953789784,-5.346355439452850,1.214235384269746,-3.031728805825759,0.725668405864330,0.330766279101314,0.251130101725737,-0.591104633998051,0.637729882992451,-0.421600023256967,0.257195117360710
351,-2.481680086405744,-4.514880404718905,2.183908868623803,-2.369821368975565,5.258339196542039,4.520219457048531,-0.471479950896844,-0.130519889694804,0.116968295677482,0.224681381462167,0.106330220755294,-0.247801264122029,-0.936379567524787
352,3.797750965200747,-2.642646564716880,-0.951613398106446,4.824082979169392,-5.706537187901729,0.473492977366635,-0.768126738446696,-0.316514036610395,0.110091953325211,-0.425929024806063,0.491917218317835,0.717587517308150,0.248334595160893
353,-0.192770362178274,-4.482806948887672,0.484950032825214,-4.524673907998840,-2.148707258933113,2.394435975296590,0.203849798907872,-0.120660709674049,-0.550709383372170,-0.158336101801473,0.745557403019206,-0.522290979484207,-0.382473489825111
354,-1.130362681248211,-6.082475171648565,-0.600604973780128,4.594310431139562,-1.624846689621957,-3.688798031100692,-0.505933679573106,0.771824378140593,0.193640264860355,-0.039744196649685,0.451924001518510,-0.854132593073269,-0.254249108423417
355,5.162354263673221,-0.032751684238226,1.243292901187197,2.359750221112515,-0.294052420793181,1.126304928863259,-0.481237267538812,0.468181656695426,-0.111016599220166,-0.049378857091479,-0.744237434004138,-0.079691042440625,0.661303037989394
356,2.444385725187946,-6.067547298750641,0.348569007309589,5.457735002345380,-5.486792270892238,5.862585346882872,0.775902796635691,-0.383833899629980,-0.215701923803384,-0.664067071128369,-0.269337136019550,-0.578915027243920,-0.389011341010706
357,2.879782777362994,-5.267215634075461,-2.094297854280120,1.029833415160477,-1.168711418410441,-3.729990647108474,0.355991733112718,0.083850085236826,0.042828184420212,0.683440982132690,-0.525368286047017,-0.496279158094744,0.102973711199978
358,-0.608839899676324,-5.953798772544894,0.929250531725129,-2.760722337631314,3.010140937804454,5.782734812029179,-0.531161247755926,0.327822794533748,-0.341316567002969,-0.149853365485540,0.473105018806453,0.459118231894533,0.736835164181814
359,4.407251158668085,2.182910276878443,-2.354174964382061,-1.892000188002489,-5.542342970268791,-2.546429223875447,-0.138626857031775,0.251533852574904,-0.011275745273006,0.892408531637366,0.030715610296196,-0.449112450312665,0.031009207005788
360,1.811241011925935,-4.700163312854974,0.165051896785158,-2.827109021132157,0.100020036143261,1.928068125657090,0.231197930378488,0.037597852797042,-0.686240408887986,0.191959229036335,0.606157149721894,0.297595385635702,0.712153179222802
361,-0.919656641799340,4.751627802875252,2.309238245405888,-4.485713488314003,-5.084042882696505,0.185504243255536,-0.234688535760594,0.026982740905653,0.347016598206028,-0.044181899809621,0.112220915624553,-0.858722180662606,0.498046827380377
362,-2.647964574637629,0.860326387986651,0.965241941222507,1.693448888472769,3.286450142734241,-2.784746789880578,0.184755297968696,0.139207484543696,-0.450878184611741,-0.656138278978209,-0.688213628961466,-0.230131995657932,-0.207084099693098
363,-0.832662836639944,-5.570128684319668,2.605785155602064,-1.945141500878521,1.340796028111254,0.789283920327054,-0.019492193496846,-0.211587352348536,-0.160958607191531,0.150073338469119,-0.013994171786217,-0.988540302741071,0.008380101034150
364,0.306636427890006,0.967830356541636,-1.809016690006377,-4.673285101549908,2.735278956688035,-5.838644108722817,-0.426965653217731,-0.179390556801799,0.005798866568805,-0.097343429376622,-0.343092792183808,0.720881459889263,0.594257110598301
365,4.803341673900160,-2.759916529534485,0.658390252619545,2.957519663507869,0.946802394323426,1.884030349760662,-0.135759279274648,-0.630096249852438,0.532541103878690,0.436282388350216,-0.629434267205377,-0.640518066791538,0.056628499862638
366,-1.117334634008179,-0.669051177851112,-2.057713769892884,2.227544708369056,5.639814382842081,5.668627602928369,-0.179161368933720,-0.120875657699454,0.468076401833122,-0.424181815038728,-0.778211625075767,-0.194895002755741,0.420086172455396
367,0.298044312639491,-5.920586159207606,2.615746931704058,-3.721035305608606,-5.097009155243053,1.618543969742686,-0.089662312118010,-0.206975158813619,-0.062437566745850,-0.871994126766412,-0.222900782734213,0.369977569919697,-0.230343399509673
368,1.623837139264086,4.656524602720170,-1.871467711746339,-3.250630397941515,-2.606714555527836,2.865785094156129,0.027131400677471,0.393724519775161,0.338276970653379,0.500075317880358,-0.686998127776281,-0.377429281255360,0.368110562915283
369,0.153471266614933,2.263466523375703,1.119575551076264,-2.675819951500113,4.787600051078138,1.078881853703084,0.805120968695703,-0.018654829419106,-0.081552987804986,0.168358984078424,0.407441743600004,0.100236252555324,0.891963660541132
370,-3.808581666784958,-5.714639875575202,1.646069807370295,-1.779479120406243,3.524263963527099,4.997950036616833,0.062299629908566,0.003427521200507,-0.454289357115967,0.163136032482526,0.612415349517027,0.215051375709548,-0.743025558367429
371,-5.918208230621172,-5.336067893372168,-0.848054822521245,-1.732650855721408,0.482443285719542,0.606799718364311,-0.607308373821137,-0.470331515688584,-0.168178455276636,-0.812267836544818,-0.390799435394587,-0.340235912653335,0.267836305886685
372,-5.796370832718636,4.053978008710139,0.785332117569612,3.652904010859768,3.902574745695309,-3.799653655827007,0.249456916971530,0.062359504465540,1.002972767270949,0.467537655945165,0.202789024522474,-0.426541013884630,-0.747226816489342
373,0.817100144757230,-2.378515717039500,-1.813557017351620,1.591447182849400,1.605781072938766,-6.137227518727806,0.462106532614933,0.301677291044471,0.253800708531039,0.832911525850305,-0.450023171552264,0.200384825293374,-0.252157603422745
374,3.361894393200718,1.635881710637836,1.307397357222396,-6.113556945595884,2.619393583367010,-5.332810632088758,-0.463796490855695,-0.055361134751994,-0.239802240973239,-0.231972272239786,-0.424421470340017,-0.571856055007234,0.662597866566059
375,-4.759253261452822,1.798527882256714,2.645199558181008,0.721505678862606,-2.032997319907015,1.229045989596190,0.096301635518331,0.144893120739487,0.002672828703053,0.307108925458652,-0.523618020058854,-0.792623445605239,-0.057064441206027
376,4.978301738512990,-1.167649512666350,2.178090344976305,5.417803820746519,-3.450328011579154,1.430337129584773,-0.140035885266725,0.366779135986493,0.118536240960537,0.100879301611087,-0.658144368812657,-0.298005394331862,-0.684004489207316
377,-1.886524465962140,0.316957071637926,-1.398922623382203,1.881302426267791,-4.244885694213896,-3.393722542980699,0.095078287764743,0.577480534104752,0.242912294783026,-0.291230891790002,0.898100222011925,-0.115759436835864,0.308545477479051
378,3.212274527767381,5.069145831575872,-1.490700702189571,-5.406298272522184,1.700441510956496,3.757780904542988,-0.143469296486555,0.111217232513353,0.848416864262772,0.898126354341612,0.118720141687215,-0.079953283920327,-0.415790875302920
379,2.461810439396142,-3.784306873446118,1.788606361997383,3.005954372593772,-0.977850409685433,-2.456737610837539,-0.371046264063938,0.544070804783023,0.282484514095724,-0.705508303188397,0.292032398538716,-0.252037877493503,-0.594518309763899
380,0.938190492897057,-1.716762397516153,0.127819503869801,4.587001274249905,-1.192948763826275,2.862251563388634,0.132644810140123,-0.108102490740250,1.087682797946198,0.720807008189713,0.657880051428379,0.026793657066024,-0.216594540139442
381,0.447969601583588,4.433389607827229,-1.754037672963210,-3.266511429653469,-3.025503267094710,5.943910715852693,0.395511470045355,0.151595492467093,0.307082937248811,-0.200829539244805,-0.038793713021044,0.728408910591385,0.653898312406319
382,-3.181030696881773,3.383375527085128,0.118239542050323,0.374343477932352,2.421972566026046,-2.233488688529651,-0.758506480120675,0.088769664578385,0.521252084278966,-0.839197462443227,-0.472518265562937,0.236410426838248,0.128779725968031
383,3.374385270097292,0.579429355590888,1.354047973536234,-0.468673397473888,1.759729267747896,-5.773048267966308,0.097487337396919,0.141526356877127,-0.544456003510915,0.107449380570643,0.796398037233884,0.595060273593192,0.010395561370018
384,3.065874224059751,3.932790152871679,-1.381575046684259,3.449709829442128,-4.882536805233304,1.693841513268310,-0.489054638244985,0.188467890662951,0.178449349947549,0.069870247881236,-0.602228932284985,-0.008226409803543,-0.795217446841835
385,-5.049380251418159,2.380397174375995,-0.826899330877852,-2.273727477947023,5.728076843671561,-0.291014807378652,0.297458073621180,0.186732252437384,-0.632027468248059,-0.532666762171564,-0.218877884789154,-0.791136852538487,-0.206060846798668
386,-4.593115897259237,-6.065669141231212,0.569665389579996,-0.841707335950115,-4.767787390854541,-2.131823745609007,0.233360207615287,-0.774559969544492,-0.300806734714644,0.404421088646073,0.277859910996735,0.628956508787508,-0.603034959992404
387,1.868377291301655,-0.348170771312433,2.879903087801063,0.316519604379715,0.374062400307618,-1.871751757685753,0.221288907174400,0.052938875348661,0.168644584592217,0.027404390512251,-0.606844592916416,-0.429613400615529,-0.668147412956394
388,-0.147823805614634,3.764955209668464,2.257981095498330,0.071044006438626,-4.631214853868537,5.002274070200004,-0.167334962799134,-0.102361761177472,0.432502025293778,0.028867253116166,0.614650522337581,-0.168746316737250,-0.769997466018738
389,-1.815054284431186,-1.783592642296449,-2.151126332334091,-4.224925177317298,5.085862630850905,2.062594249301178,-0.223806403779266,-0.193014744064516,0.240395717253501,-0.052863208785415,-0.419505237406578,0.876338794222326,0.230762117095335
390,5.453073028820887,-2.143970211859809,1.603371609862065,1.793851660995168,2.705276032647840,-3.562882671056365,-0.048078237511760,-0.011687253269064,0.650449768942611,-0.216014624286501,0.742763289465790,0.386057958113279,0.502592907723266
391,4.422066017029415,-1.273815391095317,2.784421245253328,-1.875268963411235,-3.316210826492662,2.369832378239019,0.023173585022802,0.201649443336301,0.090876704607270,-0.359423667459024,0.548168657115326,-0.410526102838055,0.633872281706090
392,3.129102346676044,3.861213307612246,1.782009062382210,-1.075421692633920,-5.143830961314856,-4.081007015286579,0.082864535267247,0.174796766067831,0.781503240453782,-0.281968647062761,0.000617741063852,0.224848889186801,0.932703745838429
393,3.030115205295546,-2.103493977444791,0.739476199476494,5.419910442642866,3.928895133874098,-3.073996697673757,-0.005769886994223,0.064466139273468,0.917676966092499,0.465156128796225,0.750389891123306,0.466379714920467,-0.055088552839650
394,-0.226981869949650,1.990674615050652,2.994022027718482,-2.858671032558294,1.525380885644580,1.822064045827387,0.169011373152106,-0.181222284087144,0.120295486920157,0.274236698613638,0.233770795914118,0.932632247315557,-0.018507819382783
395,-2.668802096989561,4.754121349806629,2.545008151090240,0.862852043551475,-5.029437002967590,2.375729393277160,0.013942473936757,0.192659924807769,0.194209073651801,-0.034908976217382,0.958347406646900,-0.185185806609435,-0.214610877131211
396,-2.380357432744002,-5.801019757685187,-2.362294322586451,0.940543477819054,-3.032526807907613,-0.012774632941841,0.216152490450771,0.253734275334926,0.271522588677675,0.465469466725139,0.732765132015505,-0.083625309481926,0.489285442725375
397,-2.962395256584210,0.770574450055621,-1.440631495128965,-4.185914340031180,3.390244697339904,-5.001893396461786,0.494923833268418,0.127329581765574,0.120458905757238,0.788531743419995,0.608790192582071,0.087131302710966,0.000571946498898
398,-0.898015261940578,4.960990970105019,-1.340369210211045,-4.106061838154611,-3.393835455729298,2.183270439108624,0.079721261208818,-0.159691365259622,0.678812349839533,0.624975355691802,-0.661731049963850,0.062338868729381,-0.409428489161645
399,-2.291992699400218,-5.294447354084686,-2.581643989585842,-0.361367806899645,-4.632453835318112,-2.714996323160295,0.090515268089506,0.293803189124534,0.329743295458386,0.971385855450571,0.181203474119300,-0.070436693078159,-0.136431275981254
400,-6.056461932863124,0.370477951612904,-0.746110887449015,6.136779556247326,4.319480679288619,1.083084715615740,-0.690410373982931,-0.257496703930710,0.020188204274954,-0.103632497164994,0.761218482180271,0.388422375221700,0.508856351385777
401,5.353445612808567,3.065348998299930,-1.838086611994787,0.579031845309464,5.129427175475332,-0.888773050810101,0.080004575470287,-0.399012088894476,-0.126229332042929,-0.967125772808934,-0.059440726050022,0.227900200286035,0.095895976792326
402,-2.293811423771354,-1.421933985414555,0.894479596918561,3.677991395507373,2.804964870131142,-4.591521853088931,0.214857699836240,0.303357424548128,0.880898574567931,-0.630204989189228,-0.390491404847628,-0.588251048027469,0.322984270260510
403,0.330841474469308,2.315942534574290,1.720871933024303,-5.402818617498272,5.215315418157397,5.159319854438516,0.487833713884896,-0.025092544663775,0.050403087541592,-0.185458604446720,-0.081284296466898,-0.960378132225702,0.191498857247842
404,-6.153455271176481,4.911579545773085,-2.395302044371359,2.353831844242206,3.361688093381748,-5.051509276966092,0.141945858313160,-0.018202262507306,0.312870178024550,0.613389934897348,-0.745340747865071,-0.228634268939968,-0.126278772582136
405,5.334051186682318,-3.771192740764297,-0.661549734557603,-4.780431578381335,-1.078537625574611,-3.534450610885440,0.053309447653861,-0.385650009881803,-0.384760753453117,0.257860469477709,0.500316018133286,-0.585003804501805,-0.583919865219881
406,-0.936847017464082,-1.380950384657366,-0.368856775268286,3.064219294709646,2.795210894288573,1.774830057511448,0.013856865093072,-0.086275492567307,0.907901695054211,0.106517324720889,0.500136761398459,0.643477302366425,0.569608848923008
407,1.158137584236464,4.672677748420458,2.200909368035008,0.427905045451510,3.702402409236166,-1.953078547897666,-0.033320334743498,-0.199081454856223,0.362233808633549,-0.729517546611576,0.500293412537190,0.152762045417945,-0.440652252958551
408,-0.849892744875445,4.359864993404807,-1.551351433377432,-2.418670817239977,3.571199664457938,-5.402126805682328,0.359528916761545,-0.474452115003622,0.357030587389025,-0.270630595828650,-0.502944512627545,-0.409756384184400,-0.711270415130137
409,5.696800393243928,5.818373807173980,-1.185824805844672,4.591235010761872,-4.722996552816876,-0.326281307885912,-0.266897397496462,0.015160473832531,0.822283006738995,-0.200538717016804,0.469328588588633,-0.616073651585266,0.599973461690642
410,0.006889791916745,4.661398447168963,-0.763061127108199,-3.649447236922192,3.666502030537806,-1.962029522210180,0.380195037211476,-0.044844684444770,0.772004158553335,0.729871213778934,-0.491638763385235,0.443361576433086,0.170322782318371
411,5.140530067002363,-2.204294686400788,-2.937438513701628,0.944375995521627,2.421638240884647,-5.860533245462690,0.032813198913308,-0.213564688022125,0.140986485732836,-0.459259541522876,0.107524214020073,-0.880538079947707,0.046603719610862
412,0.851758606222592,3.089442786371887,-0.341598938607751,-0.036588151315165,0.941862989569263,2.010409334459849,0.738963853299660,0.551418217000094,0.047601631396338,0.566685023733062,-0.000355472441275,0.817726194608297,0.100954584677643
413,4.416693765100831,1.232737804367850,-1.489843058198369,-5.552296945639031,-0.293105100630644,-1.094676651301122,-0.089001498813592,0.496204040246123,-0.214069019476428,-0.326908147930629,-0.583520127589367,0.305928250387331,0.677527290320915
414,5.947276413939214,1.597162842459734,-2.702897491948905,-1.094449631244885,3.856148766351247,0.738038396238252,-0.287408348547256,0.038423534944013,0.094407720179804,0.484609811805856,-0.870110276082596,-0.088143132513327,0.017094617506704
415,-5.840796799413517,2.892713202516649,-3.025542725432376,-5.645016865763446,3.514158053702936,-3.510978336181103,0.111136721992985,0.007432744348709,0.040351637516730,0.716045959666291,-0.569546197880891,-0.295818754965939,-0.274566160215356
416,0.426355059564045,4.261953642342077,-0.678813003851563,2.842826928098271,6.140160200578057,-3.506169176370460,0.613291624290474,0.022681278691441,0.616172477445303,-0.122495087166712,0.269706966289183,-0.645845759792363,0.703659264497620
417,-5.602267870097152,5.163116850653344,1.151257563219855,-4.657957943421204,-2.369870301663813,-5.632701515219807,-0.336268488272868,-0.352655851271311,0.611364383740271,-0.126434960891511,0.306407671762039,-0.242293790267555,-0.911823589598071
418,5.509089800437154,0.353088745745514,-0.737130784671185,-4.030763506409233,2.470642750072171,-0.547666820687406,-0.502557508094554,0.413459644608077,0.132787764342321,0.443340200206353,-0.604976117077602,0.656662649693472,-0.079041312895515
419,4.015529314067772,2.130796475495377,1.563097425238497,3.846813200476952,-3.339196943083167,3.761052461756654,-0.443815939101849,-0.474280638640913,-0.040915607813518,0.096333631288852,-0.543881340469421,0.545505251299931,-0.630346682212327
420,-6.007137959975973,-3.820437527242133,0.652611200436676,-1.318376901585440,3.744125940844755,-2.638986078651744,0.790884338498194,0.170400897126139,-0.036481719508751,0.791079424088286,-0.299690431933654,-0.366111395437005,-0.387738875949697
421,-5.758648951203622,1.830400246208782,-0.579344941312924,2.595865023941975,5.485554021232888,-1.553377269398790,-0.013413408920728,-0.243263211804791,-0.590149158255310,-0.282617184741668,-0.363973995557272,0.774281831815623,-0.433748893217047
422,-2.704140346431499,-2.733095027968451,-1.366797378432946,-2.479380938981051,-4.193601066598002,-5.757333878200486,-0.491536484411363,-0.136684986795296,-0.059226877773384,-0.377980183366897,-0.563453624515518,-0.236274821919690,-0.695575447043002
423,-2.705271994570754,0.723069568862613,1.046457091140698,2.746004166880246,5.552411992752027,0.686251005902657,0.231274721951797,0.337857256202318,-0.548399158900755,0.177669804731585,-0.589074133796868,0.693014402965750,0.375707522762236
424,-1.100276487346413,1.850509780703934,1.514501980242739,-1.256369308724412,-2.911316976940539,-5.427575911524315,0.227464795834253,-0.528039326964685,-0.087797882076100,0.697003158345329,-0.089768792612366,0.627639350552318,0.334958216450679
425,0.654775362972908,-5.094218507765778,-2.195223908848289,4.489992280529307,-2.130080886638265,-2.616479876245359,-0.332621933343318,-0.357423002423909,0.165547129079229,0.499665068815054,0.485215345942818,-0.637776960894504,-0.328848650932021
426,-5.768161285836102,1.299190135859948,-2.033539294128844,-3.733910760303237,-1.683254768437484,0.244405720892344,-0.228433014074094,-0.270365399429582,0.136853825300147,-0.397378719412426,0.117984331292019,0.063010600207100,-0.907854346902221
427,2.680233942263726,1.727329297332952,-3.051897850139884,3.547817269134136,0.512929726238092,-1.093635903790616,0.026839674068378,0.233606926502189,0.145093234007577,0.280444837113966,-0.514068532112942,-0.656277924406344,-0.475797775913536
428,-0.228011021890483,5.900721421067953,-1.233011939016892,-2.305870681475129,-1.876460763878736,1.913668432248087,-0.388086405532484,-0.016614084635424,0.851381990130107,-0.006208795376519,0.325832368257009,-0.242025797826461,-0.913902747475062
429,5.628185475352575,-0.152840657998774,1.407687078356671,-4.034906791320607,6.204484485041993,1.381121136973346,-0.605948479789505,0.170769691834236,-0.054137219640145,-0.338227238369422,-0.676863399169306,-0.236135820094164,0.609670524593754
430,1.225804174482060,6.110782143903982,-0.962090919261319,-2.769816011194604,4.810564319248973,3.495870133162818,-0.063260901527513,-0.601246771745980,0.732238842525832,-0.918273427347264,-0.384360328535272,0.092120937171489,-0.023553840680723
431,-5.913532207354562,2.081535440446855,-2.981085467911301,3.251766925621766,4.802679163319530,-0.184384328770406,0.018838744425976,-0.146077611279303,0.240322567520443,-0.576708486614531,0.148740752874499,0.352654483995341,-0.721746717913621
432,1.794518141060859,-1.607678082639172,-1.216942117138367,1.009342398188726,1.079534804589839,0.181780111112325,0.107336386099884,0.344867871378345,0.819651095937722,-0.948996136597462,0.123311512251230,-0.238820409970255,-0.164819341859640
433,-4.402880952144574,-0.877307014759233,2.923150440960907,-5.195424659591750,-1.226343593830117,2.803086239602766,0.216359237551022,-0.125777080095989,0.241988037085032,0.701099064719717,0.619020137430925,0.336235694940570,0.110542880150512
434,1.973209637576508,-0.199701618361257,-2.781278966717448,-6.144563396905602,-3.516946142199932,-1.816072218462523,0.047107620243313,-0.006083145368240,0.416363009033268,-0.722781550643272,-0.186825276804137,0.641140708094323,0.177825021920639
435,-0.499464118894559,-0.370155007580229,-2.281360575406352,-5.121874742480806,2.095719301843427,6.024974924813735,-0.177995461573718,0.001556646166232,0.579464953301028,-0.372000095198995,0.180043325141907,0.190545248695375,0.890445303454065
436,-3.841373835474339,4.123525747339507,1.852037195652041,4.068613717685080,4.267780834730623,3.004585842406030,0.264464607920218,-0.103713303863305,0.664125703390682,-0.487272014325009,-0.808038334602790,-0.330342774831352,0.022664619668559
437,3.020739796914272,3.637676941010971,0.768523291377669,-4.360703358494685,4.169434892982171,3.282393164608218,-0.567833987299613,0.151898605952756,0.643059165936480,-0.355290459455367,0.409940739084940,0.558997685840200,-0.627087607184028
438,3.804336303271702,-2.752913285485592,-2.759652672019979,-1.925935000483190,2.222775195223848,3.425872388743572,-0.036026768172080,0.064895169096588,0.083364356925263,-0.861978014067149,-0.014262298097176,-0.369009069936269,0.347307927382331
439,3.606546435168470,1.358719848253330,0.474860351803829,5.058113181874003,3.007278453018818,-0.057735218222669,-0.067981847682414,0.004943666106042,-0.720726237245460,0.678866414153212,0.597677391354495,0.425507183938859,-0.029423868115316
440,5.870894115294984,5.182100393374695,-0.756995417578740,-5.333778945174233,-5.335251409724551,1.912976243418839,-0.269563599350469,-0.092031277365519,0.920485779115344,-0.903143876855335,-0.155434418209405,0.394396683573949,-0.067989229444740
441,0.680119579643720,-1.937702099727185,1.753914788092501,-4.907669820119331,-3.278967802729719,6.050930790601992,-0.090844228227395,-0.118421955503256,0.581624814726004,-0.223251398457397,0.660691796148536,-0.356507036814693,-0.621729761464292
442,-2.404023841766829,2.654474145096385,0.616086742549973,4.956760009610697,2.010321897902951,6.000200034683559,-0.720509615665466,-0.531122700892529,-0.033308008204264,0.085786759217941,0.221587691940182,0.933920059272622,-0.267082102754430
443,-2.705617679861791,-3.077463175336717,-0.591986309407349,-2.058787634108912,2.886229734720470,-1.403925191934793,-0.735448179155434,-0.301539147825894,-0.105509470265650,-0.526124898255250,-0.201873110998573,-0.725116350630222,0.395785442557416
444,-4.137120073292021,-4.530788567088137,2.131192134910088,1.091096946309290,-5.184666102915251,3.146513259762679,0.016742716738925,0.304090522044258,0.069964556109631,0.305032645288596,-0.258342181572600,0.056757957919555,-0.914873180687550
445,2.233974864447191,4.727785696177914,1.503609945408636,-0.742542836987569,5.118194579172023,-3.986364871939976,0.386016957253322,-0.212338233994706,0.472620257427310,-0.352347562659742,0.713100769533735,0.564991993798113,0.219368490267329
446,2.200937182070396,-0.692912517110595,0.319950332811005,1.342332112886534,2.992509252710121,5.461408919819901,0.392523596189775,-0.478615104675987,0.508488243755823,0.163810246870290,0.669601913633357,0.335957851279972,-0.641819135303852
447,2.076129754546949,-5.396309224786458,0.838829756613485,4.511056336643694,5.894064717005831,-2.834830064236100,0.282828683905730,-0.043285552439592,-0.655377037355349,0.685970792916042,-0.635874321213685,0.323212887007926,-0.143670973265908
448,6.146377292692438,2.398287609691852,-1.696378062472310,0.573491430868484,3.547404458960361,3.533387002284474,0.113853296905393,-0.058193012110348,-0.369058643337645,0.703095273044316,-0.533079159777342,-0.164296764045844,-0.441010453116349
449,0.838441486327886,4.376390974155862,2.043941735328522,-2.510600809737966,3.560421278304119,3.718430597180483,-0.200249437012622,-0.286483426696249,0.554305018312538,-0.287676876518906,-0.482897411804396,0.638822381544348,0.525317113015509
450,-1.694878904827170,-0.881598411675292,2.024986873397674,3.368516185859216,-2.511141705059882,2.697943787699160,0.014326492129572,0.544907584085520,0.096403735166560,-0.457712703668841,0.096367501779583,-0.882929204750351,0.040600552949856
451,0.515543725069461,-3.626367286987981,2.788909261384823,-4.788368683363233,3.844218213471128,-0.112085744964204,0.224980777535402,0.061184612787068,0.216505429114794,-0.293961148679206,0.154505400083925,-0.527918283556884,-0.781675898501714
452,-3.854130747461464,-2.760062717532894,-0.022157056930690,-5.183917625973518,-4.796480348885154,0.123538128636093,-0.416304061745431,0.547849809093750,0.569318905051307,0.880855893457938,-0.067335288839829,0.019054928625609,0.468183472083699
453,-6.005012764394138,-5.214836568959611,2.803765910811971,-5.044958526413850,-0.080379210450221,0.298665258287152,0.062465233415474,-0.225180441158458,0.005937585317985,-0.653591494681790,-0.608430960906758,-0.408437179535319,0.189232645869937
454,3.517607503964831,3.410760156209228,2.993581980568076,-1.363519577588106,1.781446125034481,-4.379075542381484,0.056719190950937,0.143977629385817,0.288948940117342,0.324587856116193,-0.164750964338539,0.100221483682112,-0.925988929534242
455,3.278913126757312,3.190411465940803,0.660585964580551,6.174389556170260,3.690985734508388,-5.504533957618031,-0.623140760220316,-0.036933141580235,0.492070597593418,-0.246126817275162,0.142142128540865,-0.792052033248480,0.540250665653287
456,1.436859257940233,-3.108975416428609,2.162487290462165,4.046799429779353,5.153475484329213,5.182038207799138,0.189720146220804,0.084836111152568,0.598562773237581,-0.284194993118343,-0.453877716264558,0.524723925379608,-0.661734861329786
457,-3.423994208121167,0.252938152100790,-0.900636608589748,2.770265329951627,-4.335003855577702,-3.370453337824507,0.593890498400658,-0.071163166062611,0.266410476859694,0.290950692240983,0.687246964764934,-0.650789980209537,-0.139684307510718
458,-2.956289480141897,5.514411645525652,-0.713553547296161,-4.172589402170988,2.748817487470571,-5.667748528576657,0.299287563305498,0.098442343479957,0.745549249130226,-0.600529718745273,-0.759770631245039,-0.187694883100850,-0.163961201688074
459,-5.758852471971636,4.640044788175242,2.810890021356486,-5.221106118771454,-3.238866160774617,3.965223960199657,-0.015659409215238,-0.048878869435925,0.279856233989590,-0.605155350059373,0.434786895631949,0.591059421400222,0.308862620035649
460,-6.108567893231243,3.809510668119488,-2.970815426597681,-5.508533821315275,-2.136365060077802,-5.952251446745715,0.179380583831165,-0.050006805301855,0.223272175537482,0.492629246053020,-0.196784747333322,0.198786015064201,0.824060865085273
461,2.231481387939441,4.683274673502082,0.166292801699023,-3.922022141658921,0.261318997822877,-3.833536426439040,0.167790094290582,0.159897950357613,0.895485087849580,-0.573737335399723,0.621152263504275,-0.466402450206974,0.259738503023470
462,-0.344963166296233,-5.445491370493183,-2.095658042260430,2.383797176735868,-4.304449105842458,5.037639857432648,-0.365314639332290,0.031035829649259,0.094258084731642,-0.199686125532768,0.887305993158956,-0.356323698987373,-0.214119002692119
463,-5.444553068125552,-5.809613258415287,-0.645333765802587,-5.911012063453416,-0.892240065567225,5.960882419640823,-0.300378358388631,-0.628540544878983,-0.046330005746639,-0.549382521479471,-0.373736750217873,-0.531821244300068,-0.525038904025758
464,-5.501713651879527,1.608829220686135,-2.014011772128051,-1.552116854195489,4.648161751632109,-1.856477218405086,-0.246864892600273,-0.424657291745795,-0.161908669549062,0.193815636664270,0.493581253826324,-0.847666862805368,0.016550968472100
465,2.423231338383097,-4.892773153245694,-2.838657927767216,6.089632195336426,2.698114946864672,0.088235906442880,0.195034957844921,-0.112486069367988,0.183850234573453,-0.744450374407353,-0.171252853006452,0.506627429660891,-0.399743352536477
466,2.694905591925695,2.877936301805709,-0.594455854948075,4.275771341950213,3.237135312790633,-2.085655847934273,-0.619198325363367,0.334785470443361,-0.337964392785991,0.086608154699838,0.427782525141542,0.551362611008782,-0.710985520179274
467,2.668377537436795,3.805764867416951,1.342815605888930,4.902577064645545,4.844688476517108,-1.144903217806770,0.040280338401470,0.144739363205629,0.803175424368628,0.048113518813337,-0.813391801739206,0.359082318931720,-0.455124987669833
468,1.485895841281983,5.318876188069511,-3.068261666788470,6.138089950935692,-1.097632100463485,0.639821088393543,0.182728432781659,0.029478729208782,0.334898191711064,-0.316375724758802,0.120333430827011,-0.320282984636204,0.884785327614145
469,-1.692992371279985,-0.561257659499767,-0.088936796491089,4.063057529406290,4.862879655345797,-3.012500074200159,-0.051115087310043,0.806109112675319,0.696350984801488,0.061935797709637,-0.054374287130557,-0.793414757854478,-0.603075796131660
470,-3.040595629545741,2.449934782089715,2.608791107357991,3.634933452996931,5.971976408062318,5.966477520149038,-0.260134395941204,0.204007848357081,0.355541165319614,0.649662229889560,-0.569349935035032,-0.271315537408107,-0.424461444293212
471,-0.140114155159584,4.998039540926850,-1.728575475635909,5.927479209885131,2.811836485307877,-0.332506613819149,0.314505782864427,-0.084135053135530,0.710869351257752,-0.652478188731315,0.721614260100957,-0.125866578810978,0.194171772375058
472,-1.222072151183702,0.744434259426480,0.190684191873259,0.867570547724150,-2.297615610080836,-2.195052557028558,-0.222431181917866,0.414085222993975,-0.344680731837191,-0.527316494947207,0.369262828422320,-0.000636284930332,0.765233214676172
473,1.584028694510542,-3.534361845746214,-2.675616370051697,0.291792134051639,-2.473155375193115,2.110846922182406,0.054255341930429,0.096001817027322,-0.099629688338725,-0.767819071824334,0.263259485703598,0.565758924254869,0.145138402071506
474,3.308791765529246,3.431501756523723,-2.287907968205393,5.168087156490811,-5.523874437737955,5.049054596808999,-0.210760266679524,0.173880898670134,-0.174198483570563,0.549603036274854,-0.218341462454870,0.679804521258698,0.433738770652063
475,1.480734622793274,0.907230633656576,1.007886831119313,-2.274982008649669,3.034364867066593,-0.109541715152782,0.018723586957385,-0.177080664652955,-0.630632613785257,-0.570794850820748,-0.428765713603212,0.545267022291975,0.439359847409491
476,2.941460478558499,5.608140640057087,1.134997251003621,-3.990140646164139,-4.527339710575733,-1.546412306129501,0.566115966953502,0.003119554936466,0.309887370743474,-0.559483118129994,0.041453469311463,0.827340148046362,-0.027722370753723
477,-0.192357949653380,-3.670884935957009,-0.465137951670620,4.135958177909261,3.868681754508911,4.967109086992144,0.623674182297831,-0.181873412142819,-0.480268249758119,-0.635754795718725,0.139298457886416,-0.693265782965277,-0.309506596893589
478,1.800120221937982,3.350888244574554,-1.477381634809171,-1.675802823661729,-5.216867810837694,-2.307756446941362,0.071542620332879,0.495626782986404,-0.238120922695779,0.477531679766013,0.071922693911412,0.762103698846962,-0.431263925136516
479,1.077054026067779,3.714940772322478,0.079913319762960,0.747726568966839,-4.474541508487354,3.854611882922164,0.375058188952258,0.463838423536393,0.744476194832004,0.118255569723276,0.049562454728018,-0.136414164540420,-0.982318868302700
480,0.073416607659246,2.119695404191765,-0.759635971662485,4.216574657606314,1.229058442945557,-2.245975749456607,0.015439227933916,-0.166829424067386,-0.597788322131546,-0.197188183065629,0.327672130591208,0.294609198081256,-0.875758651512513
481,-4.578036780942366,-2.422434372253889,-0.502861720682373,0.124339570573373,-4.989824011724927,4.727602926888297,0.058152488764878,0.774630739824229,0.653483511071979,0.561055760571978,-0.463790842582791,-0.352480120886954,-0.588109047919570
482,-2.528062283612146,-3.111140342976421,-1.846653394270518,4.328010690306948,-4.156650753706512,-4.929590872067283,-0.211948912658800,-0.049886523341019,-0.235097000053651,-0.046826579035733,0.497541610796317,-0.047794101467757,0.864855676333865
483,5.123860431297915,-0.683821546538250,-0.645829915718833,2.341991941845468,-4.393315893270058,-4.915776662311190,-0.249475217091722,0.315085272717668,0.678640899919251,0.115173288824906,-0.475423130323995,-0.822561493346582,-0.290000948890912
484,-6.213404135890858,-1.531676870799200,2.722060323926256,4.257815459631667,5.598110812233500,0.388795995891159,-0.178619169510370,-0.224437550863479,0.109676066885469,0.511143322481423,0.773546254971204,0.368976737527500,0.064921972137629
485,-6.061897520125494,-1.467801749968124,2.426966802656334,4.202563673075437,2.484073354067069,5.790447161734827,-0.363967028785655,-0.138102198847839,0.276424290758172,0.451078438553472,0.003327805716699,-0.474072513423093,-0.756156346265761
486,-3.874858138737368,-4.923750016573769,-0.779703635444547,5.937705572700192,-4.987222443545535,3.067895441578552,0.470073060637389,-0.206571275964311,-0.586888805194218,0.328531179057309,-0.418329641515021,0.660834634383190,-0.529495194894879
487,4.326851205157464,4.192982162812216,-0.313716928143529,-1.846260535321445,-3.684427706487881,5.588221911085158,-0.275569922980766,-0.550359580318446,0.793951110857001,-0.307826382328073,0.241886765081608,-0.820165802075877,0.417207104836914
488,-5.343101938562961,3.249754257174306,0.318604720123257,-2.889942512415446,2.334701026689521,-3.876612839966215,0.515809098461737,0.596461719984969,0.247963940106012,-0.513527245157632,0.116989748218307,0.844338181981145,-0.098469293393453
489,5.001665261512079,5.562448279913013,2.467209305461122,-5.293645812191645,-5.182426913853394,2.265276345400062,-0.208761272520107,0.072899983128112,0.114218278622783,0.455935727353303,0.748536695615318,0.339962808757008,-0.340940928171087
490,-0.369294768516388,-2.265932265097292,-0.376152070794055,-5.974993013282779,1.196304594438453,5.110643028948200,0.505781833014753,-0.378675352455642,0.813528885041395,0.056105376035846,0.274548319326854,-0.297181998502642,0.912775036304484
491,-5.413158735940598,-5.680020871907567,0.471710519211455,-2.568645701906441,2.117284153527159,3.547054537033070,-0.351790627039838,-0.544226750774585,-0.345370603693173,-0.151832261497665,0.248925264252579,-0.110114856034747,-0.950188347468929
492,-5.867779266743904,1.963786361324967,-1.316010344505650,5.790172837430438,-4.626220102598099,-0.522477024683991,-0.162452253725831,-0.208702894728044,-0.580302178245844,0.409841984920028,0.712545281504846,-0.262805060609385,-0.505215072340572
493,0.814162956597076,-3.491276676933979,-0.228354452055627,5.242594074518543,2.639529465813768,4.742372555678115,0.600162851205206,0.568217365398789,-0.249637196062073,-0.456037261723322,0.799709927876365,0.317500205694757,-0.227349217196061
494,-3.908368543036414,-3.575582470620094,-1.896999846628565,4.896050315083423,-1.414638746958268,4.091348410992943,0.000209905175292,0.207465741353227,-0.437477986531383,-0.356778948152460,0.871242525642607,-0.100895465254522,-0.321660300251974
495,5.342290062354435,3.569834328269465,-0.406973226961950,5.571488248450237,-4.316025925764039,2.541842099423926,0.460930135775903,-0.794249588952989,0.366175263178495,-0.415032759453660,-0.676147201327108,-0.580147403751190,-0.184395663285648
496,1.252355854252958,5.792348117378229,2.949219441651284,5.193440808000403,1.856709628582276,-0.996813951540762,0.102948530141455,-0.025628258575762,0.001800615557930,0.007591251508209,-0.933424868998056,-0.314088093317212,0.173231222569314
497,-0.245856734298134,-0.444136142755876,2.089973711617724,-2.047908911545429,-1.882338474185661,-1.616245986210676,-0.321870345583818,-0.025783457048713,-0.174557669572012,-0.557998277054935,0.002731322625065,-0.828393866492505,-0.048929179821862
498,0.263866893739952,4.981287791524480,2.600620948313713,-0.208977125541978,3.699974440715787,-1.387263825025020,-0.088619051306510,-0.074894053169019,0.195844103872267,-0.802625982308829,0.478892194833762,-0.189260331209072,-0.301055352519635
499,-1.538912322277810,2.258806366658678,1.268070342188295,-1.277304185913715,-3.446788373972095,0.139341507658358,-0.015335333523219,-0.730698420995113,0.021401623564355,-0.578582774708988,0.155766177797972,-0.769853812384190,0.219781660339953
500,3.288878490941633,-0.470492076595288,2.113478385065719,-1.936150549841511,2.877273341016060,-4.490189235879363,0.394578389779810,0.096422828521055,-0.123499587993825,0.239099938861486,0.454886664357874,-0.505301297461910,0.693238732767516
501,-4.196860059847685,-1.312303668740573,-1.246836013514658,3.979154585888912,4.490046623614338,-1.432085868552651,-0.066394931711730,0.344251353271193,0.870919630683743,-0.430931051103696,0.124096555263974,0.049412496929330,-0.892444328411296
502,-5.618084937399901,4.454992580122349,1.251179188547887,-4.359453151691890,1.517012518373244,-3.858472755472045,-0.028105479611324,-0.199173648642469,0.668264317818417,-0.062650042682008,0.090649951082458,0.989230707262277,-0.096333619936485
503,-3.608463716012911,-1.996093064454250,-1.828954117034770,1.134077528177632,4.848906226811478,5.813902038174774,-0.243045572142115,0.287803235238785,0.349471249223544,0.220278425050700,-0.623983663473697,0.571298109162854,-0.485530919347137
504,1.478717870104558,-0.472246372276163,0.156137212779742,5.874722862427351,-1.309333635165387,-3.581998448725404,0.090669887538751,-0.756550333942774,0.339281649192700,0.361479198824186,-0.899633477417544,-0.103939405233665,-0.221785921930844
505,-2.911576221066335,4.412855683998126,0.832020187644190,-0.608010585480647,-0.103904264784075,-3.600353891995518,0.116287631913649,0.267005731342952,0.904006097742310,-0.393985304140444,0.294015689897042,0.682103841516524,0.541354508251414
506,-5.355999326682353,2.012706117130097,2.296799780772554,2.330713632262327,5.344843245817680,6.061736520869742,0.422099438582320,0.240863709365498,0.073937218441543,-0.488268403445039,-0.363345626738806,-0.476478170150532,-0.634462351205348
507,3.069835625303016,-1.391944482073101,2.606770361388946,3.273253595070793,1.300070672296578,3.972109534277680,0.299063805542350,0.139660962721217,0.329982702822951,-0.898612452776564,0.090298027157535,0.148753230429648,0.402758491459942
508,1.936326301362520,1.275918571013800,1.587239675648865,-0.114438903953569,-5.012970626239701,1.116933245801178,0.017001411497282,0.413293416265372,-0.295584133126508,-0.489198830786704,0.734282498767391,-0.379036788685039,-0.279006861536006
509,-4.661104426040495,4.011263052492149,-1.065073508348698,0.339051414534195,-1.073676723598706,-4.769853160574612,0.152877615578618,0.565973154118854,0.498025253361407,0.579137417768040,0.369356490099558,0.653061589055800,-0.318882729952902
510,-1.600478499690249,-5.977783876340871,-2.612086855886452,-5.267339007211687,-3.299378500062343,5.696542709011638,-0.028025286276004,0.243592618954741,0.313246485017394,0.314758309440779,0.588891131816341,0.278747287893972,0.690242269784897
511,-0.980153538526291,1.216320598021584,-0.085853502908513,5.520294168966801,0.672225577300478,3.977223981373811,-0.363836974006266,0.161525946357567,-0.705882965915230,0.151320156553873,-0.767078611089660,-0.153233745669021,0.604327753638298
512,0.516272572550435,4.413042578140944,-0.515548490311668,-5.529545649106830,-2.537464407384218,2.350634452743162,0.292753024808198,0.106724903239982,0.787414150110699,0.353971961153300,-0.875491146288356,0.130403162627990,0.302016752291335
513,-2.700134484441079,4.906418021266388,1.856826530046976,-3.859844847307171,1.408940390359442,-2.170962419344658,0.216265258196860,0.268231610375279,0.472877266212619,-0.609083773267490,-0.346536642021378,0.704516800058559,0.112184630471525
514,-5.934546394839771,-0.188989315453233,-1.612038777482757,3.495650963953963,-6.129130522103225,0.144727070599669,-0.133665792808876,-0.296304576175722,0.621623592132401,-0.292805459173968,-0.562311412652444,0.509844586177031,-0.581488896045923
515,1.128863981268020,-2.548498696557923,0.086891650110454,-5.620520379963425,2.478692666810725,-5.922210659447883,0.295258205070744,0.495018424238948,0.729590436332886,-0.894170257707731,0.264404308937051,0.361055543619187,-0.013740672045565
516,-4.723376236140318,-4.342747624341150,-2.220868524224409,3.201192709281996,0.084073222395626,0.460762915326336,0.231511697310192,-0.195600488774846,-0.029068291240264,0.566277432850429,-0.460018289876152,0.545508975156097,-0.412471817277124
517,-5.231719526011383,4.545854281238142,2.021384822714866,-5.219505728059238,-5.645743935242665,0.652649144176843,0.076176480041546,-0.298669471538247,0.392101053200207,-0.069395028120151,-0.767143575636805,0.449097839712446,-0.452754011353843
518,-5.414668837566597,-4.541784843089367,-0.123944279881995,-5.223154547618379,-4.005482199665565,5.984906993069579,0.183968570141433,0.110509745439482,-0.592017278903136,-0.573881467380106,0.818446137655167,0.018071751040464,-0.021895044401120
519,-0.471875257808045,0.130169122491026,-0.163073048236576,5.635752958975560,4.563654893353311,-5.488416463158122,-0.766053852341401,0.257134389025465,-0.019216828176794,0.196498911509699,0.884782386182935,0.167972652427305,0.387728635662200
520,5.416419764256325,1.106463548869388,-0.160394665488464,4.501397776444994,-4.178063676538807,-1.740839204380977,-0.420300474519452,0.366595523343723,-0.538187368872161,-0.528394003276389,0.241656419263381,-0.349871705895665,-0.734841303781987
521,-2.440932323424275,-4.740023123395912,0.138623652192683,2.812075193438881,-4.443900654891118,3.436967314853904,-0.034857933643272,0.111194442156335,-0.535622202440323,0.948830801881238,0.163446490507821,0.051612964372569,-0.265219637377701
522,0.600453114237248,-4.528926249259317,0.165786929579760,0.972138546917605,-2.307431299358297,2.161847537506096,0.173542946668125,0.037856370118993,-0.508013027086756,-0.230452791619216,-0.573839314419256,0.281585992307085,0.733695632396829
523,4.239314010811206,2.047869833381043,-2.847983102178956,-1.355317875867581,2.362976583522702,0.621115209599153,-0.000072718877316,0.137715355213949,0.180443772008565,0.176209037363490,-0.177219516946192,0.419245253789344,-0.872798393181323
524,0.581081376102387,-4.552793654033377,-0.602238120229722,4.239444824477381,-5.969177550285520,-1.194150949185357,-0.040135757607086,-0.300455952926397,-0.647260479319833,0.520804992686283,0.202155502770768,0.580239043004677,-0.592636452865967
525,-5.237397829996062,-4.141134453564812,-1.649309749794916,4.313684870039900,2.192804016459098,2.473361015534076,-0.046120790910964,-0.230721572948950,-0.308430538503345,0.546203185930570,-0.301691219909101,-0.066502895592657,0.778602499602234
526,-4.675271569055790,-1.135473597519931,-1.998961793496080,0.245255589766417,-4.144351323166187,-1.204831801795988,0.070149110636961,0.272207417074485,0.669050967007300,-0.727722600148203,0.349299884529621,0.522234557671796,0.275100844554275
527,3.049736239371102,-2.707235144836090,2.700093892297613,5.310283961919152,3.654653877191128,-2.262286286668298,0.066205493359721,0.040975294216290,0.248186537635592,0.350208869808719,0.745762157415019,0.384275997133818,-0.416562732492726
528,1.420695323817198,4.280302624625012,0.963097586068655,-3.591647403901470,1.382805496864855,-4.022800785614631,0.163993712141370,0.063269625358542,0.797130153331987,-0.101452422610211,0.352049674255703,-0.930399449943007,0.011193585159478
529,-2.963858102922594,2.054987335152100,-1.780159748449394,4.429055369828038,-0.164932834688052,1.902480604299452,0.234054947989264,0.278409774750369,-0.335095795639390,0.159742476093602,-0.055928239559859,-0.760895591381291,-0.626412222396510
530,-1.271139705586595,-1.214621130288561,2.245522430595659,5.173382272830095,-2.220136868070909,-0.523795065677428,-0.152374084926464,0.244078667682744,0.119116162374519,0.665377767015524,0.551266535893960,0.476963885076187,0.160882211253878
531,-0.384151391234627,3.948945735806817,1.417841768041309,1.495323201134066,4.750086827293595,-0.958101298945756,0.127862734783178,-0.200285799882584,0.752032181725165,-0.874655200483351,-0.241997982391701,-0.409962143446344,-0.091358074228029
532,0.589004821283783,2.382793776463075,-2.877168702206267,-4.051953910123409,-2.053586015205992,-0.921485720646422,0.088002527851606,-0.046526422505310,0.160457083313783,0.799537288146714,-0.240553257228200,-0.073311098261233,0.545435365714063
533,5.363342253850513,-3.070840231778158,-2.046501053737846,-4.106948265802775,-3.593429863795176,-5.214615876697888,0.142130374305895,-0.259266089321395,-0.060558683895018,-0.716423819657040,0.290866593970711,-0.609853029393497,0.173818346786143
534,-3.255687434254278,5.266350368020914,0.589915170866596,2.813356525719056,-5.002179637716391,3.377669038580002,0.457705868982850,0.111189464288476,0.693889263011741,0.206067260922113,0.473679477118582,-0.777199773789325,-0.359339044016297
535,-2.464903685371612,1.600638719281251,-1.286827239156294,-4.470328138060348,-3.208430529695529,2.573090810964658,0.190405164893713,0.196829057856837,-0.335720568137186,0.587832389313127,0.723401697376699,0.071107320083535,0.355087053181990
536,-2.386644776982432,4.015088039477169,0.873710755360885,0.158637063540002,-4.902350016487930,-4.876182785901261,-0.161126453037898,0.058313365061018,0.934571255679265,0.301047074230136,-0.107320661191515,-0.157413173729661,-0.934384303975215
537,5.669334376996305,4.359154378858772,-2.180056276947457,-3.930964300720360,2.455006137904176,-3.887851664265580,0.199589319943484,-0.209956444928149,0.320438974975082,-0.891094083427813,0.266729325809936,-0.342179310445103,-0.133116943836006
538,-5.373321901349042,-2.044563817528970,-0.427163877439277,-3.368759759095858,0.070250855611535,1.804569283638541,0.514591901403475,0.280972121394144,0.691206845102105,-0.017030402446896,-0.548908384679508,0.462313962862719,-0.696186289985087
539,5.149684406397062,0.045101694152852,2.628298939248606,-1.762340955443437,4.513648129752065,-3.535371452174292,-0.076254555465819,-0.106678692721806,-0.016891830340775,-0.052609408738840,0.215985645729066,-0.257002094110780,0.940495813161240
540,3.736272081432851,-5.633447053592599,-1.795128054266068,-2.152398042981218,1.279973958619259,-2.872519949166775,0.231900324457633,0.353235139368542,0.346825562729577,0.565036412895979,0.556074319154311,-0.515068589344313,-0.325913411736269
541,4.851638364185046,0.285684036368848,2.563844421095990,-3.897921000283941,5.522559965312356,0.199730871959963,-0.216190247124777,0.055166644062377,-0.179278499650865,-0.298162523939624,-0.884411005937962,0.128572385841631,0.335239352541949
542,2.073476265362414,-0.746969992906646,-2.911866396159941,-2.959614836426772,-3.229234529914642,4.628106247813726,0.036051899359613,0.005794657597185,0.166361895304251,0.290898089028053,0.687058481610038,0.116409258409560,-0.655574426899092
543,5.666064835918620,-0.188284315992044,-0.931542090291712,-6.108287133444716,-0.898095852832529,-0.604224391702179,-0.622149963144496,0.200750128960899,0.473389415348234,-0.340764397278057,-0.710529889870026,-0.558652505778806,0.258716599653120
544,2.312689714059784,0.153925826214544,-2.359669358159069,-3.088522061546707,-5.297198214205403,-2.599661210965264,0.240662518757076,0.017448811798167,0.288820821150142,-0.385632236999765,0.173834611844205,-0.904478144467928,0.054668013420886
545,-1.550601274524938,-0.143224935963111,-1.644095790590284,-4.782949087682688,2.032542840013734,-2.556878783899621,-0.098530028919519,0.448713518549128,0.535952547632920,-0.785145953154037,0.508685509840835,-0.338359475792183,-0.101477827457267
546,3.826432769752257,2.275104281777015,-2.357151635198067,-2.791725928006974,-6.065291323024472,0.802495356713258,-0.052720875273907,0.256012617142923,-0.026593325176688,0.405144313076773,-0.684131745389566,0.057972373816262,0.603706091078998
547,3.141085732581258,4.174402224874571,-1.995559766184188,2.808714267551757,-3.341600051462511,4.630342265314100,-0.340054846126777,0.036165874776525,0.198174574157490,0.762618186612671,0.622148293975506,0.131644797211571,-0.118383483299378
548,-4.605027901482699,-3.074369845787854,-2.629401665879773,-1.720151088697007,-4.401102173208137,-3.369654611109655,0.106479921570685,-0.023286194072965,0.021748364649569,-0.091228973374018,0.114133295068433,0.233119653171542,-0.961408390164723
549,-2.414769020056732,-4.888307800115115,1.127172549252899,-5.141916139417361,-2.499642490371686,-0.087115232570757,-0.142695678199312,-0.054750103762629,-0.426205236185817,-0.226075355286018,0.636246427623538,-0.494362665636911,0.547435815318066
550,-6.113659856129100,-0.221629426691295,-1.485479811948991,-3.733806556506452,5.173575126360182,-5.468684431075943,-0.193727108254099,-0.214257047519240,0.645030044515350,-0.341012719842272,-0.405695055514416,0.036204066008717,-0.847237341269474
551,1.103352199701572,5.339538191217786,0.992144264934956,5.442629580197268,0.922993818425542,-2.813019286308658,-0.172631089429220,-0.773303562205909,0.474642336301448,-0.059675809817580,0.131951343102829,-0.445858409393447,0.883310771783703
552,3.649622339386188,5.316881162986309,2.415721778293748,-2.424600540394206,-5.927510686678082,4.445543939530603,0.231117453623772,0.389341875151815,0.096294559620142,0.759051179586437,-0.596309688302465,0.016868173733058,0.260713496236706
553,-2.693206672585221,0.830307712764877,3.022765520175690,-0.666106976874907,0.693879125754807,5.916165076360370,-0.154069380491824,0.159891868360615,0.208047460084584,0.659314436067968,-0.515980388588752,-0.468252559252955,0.282503546415325
554,5.586530716368914,3.386020821975366,-0.541384784580831,2.079835945749981,0.624906385789342,5.580175405746239,0.381337409125909,-0.599469542664778,0.187288687637082,0.123689232089329,0.386103783097263,0.254886287593940,-0.877871188124837
555,6.103880584157780,5.517550104091729,1.001507279286459,0.395524047403694,5.489606357424446,1.114277793698002,-0.598227855351738,-0.099026206730045,0.327274224332656,0.420853071624310,0.461534111542601,-0.276754811963651,0.730257303997660
556,-2.469142079363649,5.890978438127258,-2.409034210451420,1.183359568923071,-2.965503902613423,-2.111959563804880,0.074807087086790,0.105003607658233,0.443512210457687,0.639447113863234,0.638141634188267,0.424580094328163,0.060119770357164
557,4.011211747179111,0.641741570498942,2.113387807148238,-3.430040207528491,-5.946689157933024,0.144357325838737,-0.132176966513237,0.197479530993514,-0.296597596642780,-0.038978821726230,-0.330773113273379,0.536130382131239,0.775650702538252
558,2.642687659232216,-0.632915964429929,1.123260296953582,5.481090414021063,-3.001229669038637,-1.318923460772634,0.636548138798499,-0.307003680135784,0.130311426081985,-0.471273572402904,-0.709296378991498,-0.135478669215794,0.506404380798264
559,-0.265086515635966,-0.638099639083656,-2.456417195109096,-2.869604333428620,-0.484507446111651,-1.920929460484147,0.063102922121769,-0.247674258318060,0.354264019609611,0.569583715244151,0.397170901072492,0.518848684461074,-0.498623815418947
560,1.560886956565676,2.873688349815394,2.419495374385482,-5.654869758090839,0.397074489369503,3.941451085540265,0.227429318126940,0.120950341607619,0.298374386655186,0.554129343215015,-0.232328224124241,0.614493662903023,-0.511235567537509
561,-1.199347220628689,-1.983736975358024,1.154291109555875,3.186182411923683,1.323038562039440,4.977624741068247,-0.131341003678273,-0.099566394934887,0.843633606742258,0.273017026868802,0.650061875947534,-0.648067321639757,0.287906247070058
562,3.238252381250328,-0.317733846698326,-0.537562483815829,5.713207438416614,-4.128226074565281,-4.618366630362764,0.760703300432718,0.152978891755891,0.659679039452727,-0.070085828179928,0.069996565478813,-0.287092207641534,0.952767821570929
563,-0.113189470207984,1.272542024267557,0.800484050401571,-5.011625901087001,-4.964604349421389,-1.312081686755927,0.119662123885965,-0.173581337033404,-0.469360010858281,-0.023354306190140,-0.597975144073493,0.211693326057877,-0.772700614180691
564,1.093427126974872,-5.335942261031325,-1.638641031036161,3.649321208295101,-1.167226639156846,2.835961193687391,-0.132013313583118,-0.632341348331191,0.183040904710808,-0.745257772135275,-0.637220588026486,-0.099833857218550,0.169038386823860
565,-5.675796494410809,6.161232012195454,0.764653801425868,-3.386142202093752,-4.471061601511012,-1.225177850423873,-0.499559227429506,-0.481295966330235,0.109578786965263,0.438471996080173,-0.531494444768408,-0.171096555842250,-0.704259847224525
566,-2.981998835902327,-5.480327415337399,2.370496485531036,-2.191966126171922,-2.315990935797490,5.424250643948431,-0.228271021275674,0.030297344657599,-0.124765047221719,-0.472019109110357,-0.355249660971343,-0.261389202114831,0.763329105977352
567,4.512087549471639,-4.685049076560881,2.285148610551686,6.113360677577688,1.254438695312486,4.022467439141884,-0.226760807885529,-0.287067932047421,0.138492947997049,-0.842352692326955,-0.334369526166731,0.361972315849651,-0.218208625537597
568,-3.020762341021215,5.792614556525933,-2.590562326759341,-2.570403365202774,1.952311442275885,5.755781977654477,-0.012211222290513,0.095995306031198,0.251408017797452,-0.464082357382405,-0.466548741126084,-0.745884212965941,-0.103036782598421
569,-5.570461182629743,3.949052087188118,-2.304894389289081,4.315167588716434,0.416872072411753,4.988591459096897,0.338329471966298,-0.005555619985282,-0.002785318195430,0.603242576925069,0.381840875757755,0.538304608268285,-0.447799160006449
570,-0.323073174285946,4.369232307861934,3.073120412870451,0.016981803485162,-3.273640117339853,3.822146629666562,0.058538266571893,-0.056371862684583,0.153362396491318,-0.614907311955024,0.744303168136539,0.082367868059711,0.247219185981704
571,-1.031726431179903,-3.859219938421585,2.390008836479714,-1.078981664446381,4.295350187221738,4.424012059873315,-0.003896557956374,-0.175616342896806,0.305278295332097,0.250761812134328,-0.404269831299610,-0.769541580311681,-0.426016634942222
572,-0.286246451253710,5.125571214032483,-0.658503067801238,1.394164886494861,3.531608282328833,-5.718382517700856,-0.090108570598239,-0.016748724495257,0.825698555492984,-0.101368401737913,0.546205091744374,0.528691376879222,0.641770888164284
573,2.694709551127756,4.373046154112497,2.593434152316025,-0.632598554191874,-4.292784156810924,3.888525491797703,0.264549761025550,-0.023361032816228,0.211774528583199,0.452761813832595,0.008113079259280,0.723238223203403,-0.521409043244875
574,2.214474055244334,-5.952705788648305,2.228487545179549,-5.447173862782225,3.594534805058970,-5.432109904337994,0.120545924874610,-0.087213315203372,-0.104759923154004,0.045165915686176,0.392235468897291,0.633247521054674,-0.665664295330057
575,0.537634469771703,-1.314322644830535,1.476624255494862,1.275826044252506,-4.717842873575343,-4.231667353452949,-0.282196101744633,-0.324894971336692,0.398407440716165,-0.056550490960835,-0.028570583457268,0.997387866894131,-0.034687270076741
576,-2.194511153248745,-2.730094677272095,-2.659292431593801,2.376568463102155,0.833357061227923,-5.684185574613628,-0.282797447148721,-0.048473711533824,0.136123042035547,-0.246570206139395,0.575132401722849,0.348848868489718,-0.697660605800792
577,3.536342318994686,-1.937186649258740,-1.714641163859205,-5.871127882096174,-1.494103762401627,-6.143204729854412,-0.428242191151256,-0.024949177177596,0.477637011126738,-0.656010577526036,0.548323179968601,-0.387911983626548,0.344261681634764
578,-0.225663954948956,-2.366815294900754,-2.750567183446139,0.797975990584092,2.209479641405350,1.718982136746154,0.248815425416999,-0.133442789251487,0.064149249084600,-0.197144691070826,-0.112824566315946,-0.926342215836858,-0.300490743911801
579,1.386545885741016,0.183036106580359,1.950705808913346,-5.280474077925383,1.959269755357106,-2.246854767042341,0.073309651174280,-0.131289957385954,-0.146342906740414,-0.368989907211024,0.240528487859154,0.666726566052273,0.601222239296529
580,2.622996182444785,1.606344439255280,2.247401256043421,-3.439438120854998,3.840587455056587,-2.083811282281574,-0.328473580507834,0.253608327537415,-0.071210310621624,0.173677357323554,-0.496431139862696,-0.352198847605278,0.774175865468077
581,-5.109514909751978,-4.409175381789343,0.193170799951005,3.465045991248134,0.217034082216159,-0.574716267225190,0.302433714875263,0.122148177878436,-0.645712307534697,0.748771851258619,0.258502629486857,0.599758973976026,-0.113164828663088
582,-5.887037171898218,-2.423483966287111,0.940042312145434,-5.080952149608266,-6.164700500184138,5.134860032995775,0.317652795098580,-0.120022167066534,0.740347372848973,-0.603952914139249,-0.456357919065868,-0.524723854520674,0.389413923358611
583,2.162847134630214,-5.375514840666473,-2.969231511459281,5.547352560369555,2.641781521956103,5.698165064602438,0.074918333794704,-0.028552979795337,0.284109638506004,0.702245746973443,-0.180072077714810,-0.621862287283089,0.296162545471616
584,1.732484092776235,1.053611443517817,2.273034643582970,1.482395110491256,4.848020070341319,4.953413989267517,0.131881505981996,0.107837855840003,-0.242557906490362,0.083040574543775,-0.673753298452682,0.734269995618302,0.002886059297742
585,-0.129733639491181,-4.908496278214830,-2.868422285073104,6.150448111027888,-2.072879078502696,0.229136925173745,-0.226994111718918,-0.056987437988707,0.055024911649001,0.202186483093859,-0.799818843210390,-0.545803806874929,-0.146658271163153
586,1.616012270906349,-3.434479377634353,0.395471042968162,2.009426679310268,-5.897239817529893,-1.972185430793590,0.195145678002943,0.701276313585772,0.061183643795891,0.578759006756069,-0.337078807443825,0.474404521515968,-0.571275975020990
587,2.443072267368111,5.880083867744554,-2.409852334943718,2.435900788705103,-1.917434925564366,-5.507733607192384,0.040805976060861,0.096350189593513,0.328632406586715,0.503150901404477,0.136241159043845,-0.809060969800169,-0.271473505418600
588,-0.880586705569605,-3.319580498578986,2.713403727350292,3.977986516745247,1.730259323985312,6.128627816776627,0.016794412864090,-0.205861187494246,0.430978996419002,-0.254434542695280,0.310777752684544,-0.539231205330305,0.740209402208466
589,-2.391160858278064,5.522367683415361,-0.774170168056315,4.258414761303312,5.534713337717786,4.132964267079309,0.109831744725677,0.385801692717083,0.966810516458951,0.282639996119084,-0.186335167315568,-0.571930749243812,-0.747187430357803
590,-4.878154763158972,-2.722726976356771,0.557420847690992,-5.348252292477727,-6.106330208018617,-4.138891305303419,0.313025686863805,0.462370242966346,0.643794998625296,-0.324256320919330,-0.631187052155568,-0.136688493965891,-0.691214148547584
591,3.332336166285797,2.072622746392964,2.855678406548290,1.607279934450879,-3.356432295399245,-2.322900610972870,-0.129402793504137,0.011982925400951,0.071142888759601,-0.321018667846108,-0.062653363916156,-0.722975821882764,0.608545423002460
592,2.926183232091105,5.523752182701926,0.235950164747946,0.021978910520213,-4.701607981264790,3.582981703774694,0.793785982778950,-0.037617144616457,0.611963268918054,0.671429172405679,-0.220671061769119,0.459288351695594,-0.538090474676014
593,-2.420105671205988,0.566762642973808,-2.798891832624111,-3.438902046143557,0.526505284117547,-3.447726502344554,-0.069435452085061,0.232537198639576,0.133454951093941,-0.576530578852758,0.802588024541312,0.015263951870309,-0.152420360463686
594,1.201626503951483,2.151028914482911,2.520480897117674,1.897616591175099,3.590238168969654,4.048325367926436,0.155986955535957,0.281512183279316,0.115524646367489,0.568892296702882,-0.661225691091179,-0.040116813131227,0.487373349186542
595,4.885083766215743,-0.896589144121726,-2.871222747750127,-1.858290443410243,5.181852352132339,1.902785378081356,-0.144957861555771,-0.212055504957104,0.240560322535636,0.531909612026955,0.119403698348919,-0.461929909656043,0.699596798176704
596,1.962736946481302,2.431694965704313,-2.109040609752859,1.419669481760547,-4.465330084648183,5.032677727094116,0.076163185494859,0.102509863133290,-0.316765619005094,0.128389047210282,-0.665923183987650,-0.730923824386600,0.076242563757088
597,0.157723050555588,5.775137479426805,-0.426489755948930,3.715579941487741,0.124525873796808,-0.603658180775581,-0.513791867647326,-0.317872516755449,0.774234496813203,0.232975168564758,0.418572277071139,-0.588817641853186,0.651009680682368
598,-1.500357571791131,4.719232409801959,-2.221308957937556,2.257004110983765,-0.357518714515765,0.028606849233983,-0.212175308364284,-0.227728406844355,0.313521327235101,0.045666933409293,0.821457001847809,0.005056504143335,-0.568416534835193
599,3.767732419573438,-2.173202942208039,2.137470680069132,3.138215745894707,-5.942483226838539,-1.311511481741735,-0.041683386642161,0.251543574509142,0.625810202421235,-0.689712974223571,0.285852570887913,0.651782774535426,0.133279914928501
600,-5.391491828500610,0.265290655534583,1.874745735297613,-5.049952231173678,5.305932723098692,-6.038520502299514,-0.042200647256925,-0.354672495587000,-0.200322043935061,0.095998082316447,0.171666970939821,0.752130034770060,-0.628979514830730
601,2.214236184708192,0.888999221447478,1.786715505921852,-1.134462015218319,-4.619893215593969,0.191688732709353,-0.007820635817842,0.218385173803072,-0.445559907185510,0.032234092002713,0.973603032848793,0.223030344478174,-0.036270693160463
602,4.912352617554596,-1.280578772699848,-0.835554356219422,5.148699323009602,-4.880122501699074,-3.773989223688617,-0.109831124075970,-0.216741697225275,0.994046531295904,-0.636313419369051,-0.701238450424139,-0.248809948989503,0.203625826607187
603,-1.080572399844956,0.781973252494148,-2.590968675298665,4.367668544156528,-0.592353712167464,-3.878187775933364,-0.285866936134564,0.074840731638607,0.358661449199533,-0.125611374847581,-0.579238687455128,0.104001938391218,0.798678860540976
604,-2.321747047459483,1.036098256262093,1.768955338509353,0.230259575220504,0.622696767593802,-4.952449991372371,-0.308847709388939,-0.015460641505068,-0.238877796929928,0.155282914489663,-0.725171446444445,-0.071138177194605,0.667047936414390
605,3.857680760682314,-3.222559879914552,1.290247254327584,-4.525153214655433,-0.341776478158623,-3.902721534686095,-0.585783638248900,-0.207209984756851,0.390991420031504,0.684856554431906,-0.399526448606249,-0.607813327533319,0.043738719558425
606,-3.095266328516471,-1.242754651412893,1.624210469473919,-4.009043066067546,0.698210269657269,0.583660693470883,0.387026061287248,0.228767915174585,0.477800713133728,0.534665714812185,-0.782661663958210,-0.193840068343138,0.252980870974999
607,-0.995567332079444,1.988157509092586,1.490231833165854,-3.852628621437701,4.870493633004017,-1.077599721958562,0.199470814512064,-0.582901649591920,-0.225155397744052,0.527623479223284,0.590802118693997,0.575721619331720,-0.202758323511179
608,4.660339830010036,-0.104867367651482,-1.054626641301008,5.135245405115462,4.089823530277242,-0.655647831683786,-0.038749268336368,0.711016299490339,0.573798721426126,-0.222498268636759,0.880737437605585,0.158686021824999,0.386800766456000
609,0.292092912194873,-4.570238899816405,0.623822096551101,-2.284643418102808,-0.712352816957278,0.588248022003318,0.445776271087569,-0.084914876726554,-0.636689884474659,0.492781917777455,0.682713273968468,0.129905338351835,0.523634576901225
610,-0.227280042264603,-2.468105182075809,1.691054888536591,-6.157290472758370,6.175526304560284,-4.087003778015962,-0.051965434239443,-0.227564042197709,0.616890436818551,0.521528655447487,0.484547790167585,-0.545689311866208,0.442091026267024
611,3.699050699002663,1.607195953854278,1.149138444194352,2.948516513533486,5.620682069488675,5.440355572311736,-0.431317149587201,-0.018070364428121,-0.526391710268575,0.052365657631366,-0.769589713710209,0.275400904813797,0.573710599588342
612,5.633587096647855,-2.145498542640555,-2.998764309248807,0.697417031441231,3.059490353525691,5.050017183972120,0.111094593994489,-0.127503226691094,0.182047584908207,-0.648249000129369,0.684521875316950,-0.266453796190011,0.200512868763509
613,5.900198647980041,-4.497623410223346,-1.093446483376773,-5.777403795845487,1.031670482093022,-2.600200954310974,-0.207800069563841,-0.116096146928076,-0.618747574804993,0.083155339655834,0.882458512813683,0.347645513505848,-0.305769127919483
614,3.272967460682866,3.634524516621951,-2.503534233013895,2.915204435695221,4.536565043689118,-3.204951757902123,-0.082714885659033,0.106591160659708,-0.006186474644226,0.282978477592176,0.619972413478954,0.708987653350458,0.181366742103690
615,-3.870421820083598,5.524366672277726,-1.182852820995212,5.428308268499514,3.667615633357862,-0.227726620931394,0.216198300798258,-0.129322106704180,0.897898790611666,0.238336273978393,0.114407966188239,-0.756191232022962,0.598566168765293
616,-4.166986162374396,3.175231891548098,-0.611067434752189,3.844871923360163,5.771908352040580,-4.741441959774858,-0.233309233961763,0.810915186867487,-0.129754995211383,0.391321990389432,-0.605653203414576,-0.320119493391547,-0.614471160415243
617,-2.368146210358875,-1.660992351061096,2.233862752876368,-0.288070774676152,-6.193007940514291,-6.131532893270832,0.031200298080994,0.356936121936225,0.275288186142287,-0.371485032301010,-0.089809081771937,0.710341829677290,0.591056414074257
618,2.000435023976317,-2.831054474083882,-1.265215454407507,-1.900218112719736,4.847821683509279,4.889581750766503,-0.180191653197348,0.747383949736893,-0.094952841381000,0.406285843969903,-0.439105366450604,0.408764343767015,0.689224202570300
619,-1.999103810358876,1.854793367199322,-2.396286060100395,-2.038964709818988,-2.206197294206962,3.859331080842358,0.072555846340626,0.338649391209202,-0.001096774380287,0.204298762841861,0.577747105442578,0.616728066055282,0.494081764684470
620,4.222692741719875,2.511861286828198,0.738367849309395,4.879684047953720,0.473052535451414,3.972455630755071,-0.592754381203249,-0.637967911662447,-0.061385236979555,0.203349606817060,0.623395959903402,-0.574946055970857,-0.489350025346908
621,-1.896857817566539,1.610699109505347,0.483068672518170,3.942168435144946,-5.742597902335307,-3.247528308460685,-0.252484232237530,-0.060691910605953,-0.685630304967896,0.735464600476001,-0.574230146593570,-0.327542186552656,0.148551931048065
622,5.972597281300052,-0.100089452494863,1.497873240258061,4.718109661660559,4.918195695507787,-5.909459854805220,-0.438042663508223,-0.021594945979189,-0.295584450673949,-0.496700635609610,-0.714701840034265,-0.265895825024053,-0.414474569390481
623,4.792003183098393,-2.599878950671668,1.993221807729187,-2.129380402556008,3.217782080123188,-4.619755599001130,-0.034527183835442,0.001605890103429,0.694506257253982,-0.694119029864853,0.164135942663098,-0.698623161167070,0.056425556147029
624,3.931363279877891,0.982446764286911,-0.764067186686831,-1.253527580412936,1.569527254280593,5.560948063906455,0.436688422437558,0.631042972603563,-0.240511708892998,0.658365128375498,0.007165934652351,0.264537412208683,0.704644566190364
625,2.838464430012001,-1.365025479498945,1.136907250341852,-2.738333463188926,-1.728784347680362,-1.136199236072240,0.592057060451726,-0.061259473463278,0.748945420846892,0.018258901145174,0.694190290043391,-0.322704606006760,0.643139324719353
626,-0.611818215585146,2.694344745405637,0.118452764819144,-5.819111724585103,-1.415553829430567,-0.410953590783898,0.440369000420551,-0.491556818582298,-0.061622461008657,0.615448884777439,-0.549350277216269,-0.514622611791613,0.233667521451729
627,2.924732565447025,2.953537118542600,-0.512023324625392,-5.599160485255727,3.777563225800320,-5.764145820245302,-0.632552861076891,0.194201870416560,-0.068069713247945,-0.325242401077792,-0.039706566010863,-0.702606487586251,0.631652509500666
628,5.727046181315893,1.532813866050679,2.105451972622722,3.371309985746487,0.315240809415594,-4.796055753036705,0.194785767320633,-0.390794638429761,-0.170254282570262,0.483302820639978,0.061205916083028,-0.774090523548849,0.404297020456183
629,3.498314204920561,5.466089186306510,-2.428863976400933,1.449143647710146,4.880739081271276,-0.514561928593078,-0.033408789083613,0.148433493248704,0.358387152843387,-0.136490698082179,0.933407423673980,-0.330370472062251,0.031244550832245
630,3.929865098022221,-5.286370374015219,1.711687657703664,-5.095232300526200,-0.728262265851794,6.157449641925258,-0.153621374745974,0.141396624378521,-0.331173403442450,-0.490021832578176,0.845236788298661,-0.116604523358061,-0.178484622406891
631,2.482104769689576,0.049643315237751,-1.147944939305670,4.553056481810778,-0.889391952952496,1.933272803111588,0.679899984175178,-0.277860151813152,0.562170120626161,0.588261661270399,0.201323608295339,0.760989833371773,0.185233625800331
632,4.977131524901727,2.453670561308392,-2.992880804676929,-2.297935402781508,3.844723847055919,5.052512642977982,-0.081795556711421,0.081127624243874,0.170447246813571,-0.318110820540424,0.705474524311121,0.314994192225426,0.549445047541014
633,2.833658292498647,-0.946871729846291,1.948976971763696,-0.748765656312519,5.596783580789490,4.562323876565307,0.419497164586824,0.088363899404612,0.096701084905778,-0.417342238957848,0.524829196827392,-0.380962332286321,-0.636590505048679
634,-1.984656074882597,5.378594919164536,-0.927962772094841,-4.897605796036549,0.202248870178740,2.990096575438274,-0.122880812879839,0.297043893554442,0.794276938766121,-0.723647622872621,0.479281651298476,0.476315659195096,-0.140522629654272
635,1.064158190594657,-3.468897122994634,0.567318113137776,-2.431846286059437,3.499443834310600,4.878343483558176,0.464661917510375,0.754175804271074,0.089848786899963,0.538502909336057,-0.597896806924094,-0.009457682940219,0.593670428049080
636,-1.789359279651175,2.743790327970590,-2.420681914990607,-1.045424620301795,-1.664990378704099,-4.289672275863428,-0.127849263901804,-0.000983357385235,-0.266955243458918,0.226329637842467,0.425344861037685,-0.805095331949271,0.345945300150794
637,-3.115402580179110,6.228158167099929,2.741935947713515,1.807996328090841,-2.188077844156612,3.268969002019411,0.185366061661710,0.080999923746340,-0.043830386554349,0.296565335910967,0.724828810532729,0.610529308734456,-0.118009152754997
638,5.437272593759349,-3.873736531114789,3.085629204902616,1.798916984563689,-0.396218514478361,0.768006659998616,-0.073303133685886,-0.258472395180062,0.136418993320638,0.691284880822737,0.218511119917509,-0.537363792363209,0.430834374992667
639,-5.138550894416225,2.523989800002665,0.682292810238415,-5.097502613801346,3.317490906061209,-3.923746748911330,0.295788766493089,0.565558675783322,-0.042880999062042,-0.259548346266308,0.762853243597060,0.033133778761331,-0.591262832747726
640,-0.106537374653507,4.351067139085599,-1.846669563057830,-3.359431058462134,3.981745647893710,3.020897437510159,0.429089330198303,-0.113536455464452,0.205522866116784,-0.465535118344031,0.710822073757846,-0.525092092839125,0.047826008455996
641,1.760973374898292,-5.392208277262492,-2.868388029013407,6.008633491782801,-5.532389342993237,3.825396212667322,0.231142762062535,-0.105065555189208,0.308489110916274,-0.245206038269066,0.439174153871898,0.205276019183443,0.839560490563658
642,-1.851271058279468,3.438096777064205,1.152778145552088,2.924638519720284,6.140043854640849,-4.382466579693316,-0.376959883932757,-0.466932941065945,0.656537127560857,0.593533994481170,-0.513576980306053,-0.411046070876312,0.463677916567189
643,0.893261133026318,-3.796259575912354,-2.590679292132087,-0.522211775292346,-4.710710614332106,6.140550949224597,-0.016331843309867,-0.233789412365961,-0.077633826474163,0.816487553582640,0.438663289833739,-0.120975223224811,-0.355369650311593
644,0.001232875884968,0.497220512549830,-2.139846671343125,1.159611055945582,-2.392945796666661,5.324399880714211,-0.331496311315150,-0.061147684826181,0.231098116270882,0.349025665492357,0.038635173372272,0.810290881689488,0.469166383340691
645,5.657273440218679,-1.159128960137791,0.891008583632704,-3.288241167446333,-4.835728025972136,2.372662713615773,-0.423601012784432,0.125684365810820,0.707870994167757,-0.547749158236983,-0.572817048542478,-0.609786196240923,0.003504771574349
646,-0.237997718759098,5.343536182230268,0.090233702054652,0.748776406336924,-1.023849091406006,2.306135567806665,-0.466331815598711,-0.078273488291540,0.692399596370703,0.035252582813580,0.546579600692088,-0.494122387538580,0.675167432305071
647,-4.113113743943425,-4.810517660120966,-2.371701941477435,-2.684361079112522,5.337575453026762,-4.474084867776507,0.337297852068402,-0.152465088714169,0.171941164028223,-0.809467955197084,-0.075787318371189,-0.566487375503653,0.134573271039010
648,5.175630628169412,2.114049160365560,-2.110642670404408,2.528935363021477,-5.590932924447880,3.094743227657602,-0.216779405375636,-0.038152133419502,-0.156666497509584,0.487458755355429,0.826123165372377,0.012137606897023,-0.282413094528698
649,5.902263100789870,-1.665172131314598,2.829674582687661,-5.232344257034391,-5.198341169815674,2.522171995291373,-0.050292219032997,-0.174516541830360,0.215421457403804,-0.359211611420666,-0.628841413470284,-0.676737058214308,0.132485655694150
650,-5.515688239875898,0.853218625643864,-0.086568563101225,-5.112807353970918,-0.314209054204100,4.840363694802019,-0.185994756254863,-0.497806716481532,-0.364469277298104,0.670756765234792,0.594951462554816,0.041816649401664,0.440873549817248
651,-1.003786302957642,-1.564278533737743,2.733767661025223,-1.881395755626226,-5.295631511121689,0.982767789964034,-0.312249224685634,0.138355088315801,0.205951081563815,0.694781397265199,0.173467814323017,-0.444150034466009,-0.538440780673286
652,5.204495690371632,-2.411453751706631,-2.605387729483303,1.666060640726526,-1.883959809761447,4.580654843007952,-0.031011750056689,-0.160558233930910,0.190067742979348,0.575384574841708,-0.391340344441528,-0.498066111732017,-0.517412286470627
653,5.657973274852912,5.108933438832565,-0.869091641561016,3.070283641992205,0.086095726781881,3.349188366680675,-0.059386648635041,-0.245267455058033,0.844959668799570,0.189083087528921,0.596539324140860,0.425361314206236,-0.653801325435212
654,-0.109321876880407,-1.686880051295407,-1.098761384496431,4.534670841662640,-2.888170908091624,-5.951316247744525,0.503517068616262,-0.092683122140441,0.764148378371435,0.534225237155246,-0.385764278560161,0.477297452787439,0.581357427866887
655,-3.317619732886107,3.608596038844130,1.006083481294717,4.815352900744468,0.709182696336138,5.553333725729228,-0.438118784769459,0.291111033713589,0.844811386684960,-0.705029787584768,0.570588571683172,0.415593312533143,0.068146012799461
656,-1.755898111712156,0.310862817590395,-1.575804868783873,-6.070926896643400,-3.864530990763364,-4.084030771046906,0.060208508836446,0.642193398663890,0.414760142021078,0.688408556376030,-0.363944455279934,0.283132667608207,-0.559887475759481
657,-4.356892592757740,-2.011557919237337,-1.271830717810815,5.417510455954840,4.634297444165044,1.597193111404571,-0.090766926187190,0.607059053445874,0.629674336687319,0.789126911551938,0.192069247478913,0.204097436271371,-0.546564139095165
658,2.818260468132589,-1.158266250283117,0.733037611440955,-2.003335842347627,4.628667862743002,-3.308111504226491,0.673561136992998,-0.093200948747161,0.724512723487717,-0.375852498890219,-0.702155938358578,-0.576970615347242,-0.181154205945067
659,3.486088954056893,2.830110962107902,0.977035914854602,-5.782560580795411,1.048562598872823,0.395646841929982,-0.678692798392034,-0.048157639070917,0.393847650638241,-0.429323787767425,0.314921162916643,-0.049629241173690,-0.845010464328569
660,3.461651054085896,4.120067507911168,-0.519848643199833,3.136809615305106,-1.375731219991809,-4.595262237276152,-0.732433019591565,-0.081179007581911,0.642278805441100,0.835137764740887,-0.028739042241111,-0.533029039995175,0.132661312659275
661,-0.448383748449804,-0.481672905103808,2.668230539525509,4.698092818772999,-0.721462871136208,0.166451469060531,-0.125956039734981,-0.171426577346782,-0.005193598741355,0.759860010371551,0.544644956598830,-0.128429508157715,0.330878372402871
662,-0.837811778243990,-2.381665963227676,-3.024280814295516,-2.533502542941045,4.795888477280084,1.029635213116888,-0.139681649307422,-0.057587909327162,0.063578769553761,-0.005021417095536,-0.987519488829284,0.145754995967411,0.059460286773966
663,2.117147731037836,0.075062353264749,-0.530206001876631,2.078062769562599,-1.139651762952612,0.765118485821965,0.503908151360560,-0.490327591004230,0.399383596491423,0.599844669598739,-0.209777058830407,0.048646460694172,-0.770592940406525
664,0.744933773069144,-2.590496453446516,-0.260523282390388,-4.637082580893081,-3.380274988136909,2.206316499180316,0.492373896148349,0.403949715085729,0.484147882652430,-0.667743462307813,0.598849702362721,0.176046107928839,-0.405592739590298
665,-3.959070033195296,3.817899141760515,2.061029716698534,4.692072513509565,1.431612875507750,0.679545565565665,0.162092282146702,0.043328861460885,0.714635504602665,0.745060717650338,-0.212549399075073,0.060177081940630,0.629353635705952
666,-0.973092191795799,4.473210119004182,-1.707187100963688,-6.194979325114036,3.808596475283636,-1.793413714558420,0.198622416746270,-0.390263604039651,0.545547961284297,-0.448534083285518,0.522817608132885,0.372818297251102,0.621679533193926
667,-2.034970639351275,-5.293335886418189,-2.336321710332024,-2.857966921011988,-1.675028483839432,-0.301582813339044,0.015481059846339,0.306998879044308,0.325441239424627,-0.891728401881869,0.245988957229532,-0.070630540331530,0.373257574565892
668,2.536747055986439,4.686594862648469,1.902899457264780,-5.559662398804643,-1.164036676646443,0.892772175687417,0.287706129300636,0.012112656446851,0.496885102628174,0.723901466269943,-0.184933913043660,-0.268633984987297,-0.607948926348613
669,-2.278920766504172,2.941420569867082,1.087755281795651,-2.128730365967760,1.001849802110311,2.751456891848875,-0.653841595695343,-0.474735030227251,0.335169200007790,-0.010168419306686,0.927568711558589,-0.195370985705176,-0.318344257889051
670,-4.626706520002671,-1.916324363351234,2.117387455575347,1.689505421081880,-2.313106291716156,-4.912849568998677,0.080567839956231,-0.162092208858915,0.585984678690198,0.569064316967937,0.375584657887175,-0.095706342973637,-0.725218769633138
671,2.073794489817860,-4.165711183392714,1.177430709697953,0.439905603756720,-1.178521295715030,-4.008789863383672,-0.078473866166085,0.499908919081202,-0.108937972118976,0.484098848532220,0.612671241692384,0.618803977319508,0.085813123159864
672,-4.816231130875734,-1.932958199655461,-2.345045772611183,-5.123796934381678,4.252737167658196,-0.182179862921072,0.112336721040603,0.213159674043406,0.302751536426203,-0.258257293902505,0.131831872499832,0.702079447113490,-0.650390634526790
673,-3.351812655036589,-1.476923439251117,1.522934220549884,-5.326245024793074,-5.885230838180893,3.359475209039084,0.407057260315769,0.144422316968072,0.481645798098988,-0.539807763292550,0.562780082336641,-0.588757937047082,-0.212721059555284
674,-0.354697060922066,1.296231195331014,-2.963274132395468,-6.216307797540553,4.058445019181825,-6.173436062498514,-0.194063170913511,-0.006151411422053,0.067706552328816,-0.208599480380925,0.808172380081532,0.493489269223074,0.244564923936030
675,-4.964076843721152,3.792330086369571,0.388686083300363,1.499338447919566,3.218420943041913,-4.755674602437614,0.154347978337952,0.462538092718247,0.671676559074144,0.686445555101753,-0.305437921900692,-0.654573274986960,0.083868965767316
676,2.011129302682871,-0.514517180860143,1.690626917192080,5.790955872462332,-0.775267874349622,4.661954872230684,0.357720017396325,-0.277246331529337,-0.023005368066097,-0.601684949397630,0.159383688862599,-0.503482034986403,-0.599231092183034
677,0.935586732643029,-4.879807486392012,2.799804274436732,6.204930686316969,-3.665861357634506,-4.129833932406109,0.076618042642160,0.024003716772491,0.183300555280446,0.501913002169626,-0.514913261056602,0.162896734163094,0.675582952597331
678,0.361097703015442,2.200057457206382,-2.540173295114556,-0.578849896449934,5.707252311092557,-3.686144303958064,-0.078200316005090,-0.262420332738479,-0.153786831698530,-0.167683096426294,-0.737050847440754,0.416214606800838,-0.505374938580636
679,-5.978217073979610,-1.726333783790142,1.545327350439809,0.839920912809253,1.362690006198155,-2.255989752875003,-0.273954453966497,-0.248380232189131,0.514466671047158,0.008820540975720,0.764042089443553,0.464504122488426,-0.447658132738458
680,5.144056503308596,2.949140239733470,-0.680932120014329,4.101290318431010,-0.478075654767926,0.819831544517912,0.100294764511716,-0.750223221535262,-0.314420689908721,-0.716066315913091,-0.492845789842103,0.487106321478753,-0.084139706589721
681,5.480025148406455,-2.060235849508548,2.198107771301797,1.760683320240629,4.164901856930133,1.119714026605528,-0.143188796000110,0.030364816492674,0.597259219022842,-0.593109402243939,0.107934525980552,-0.290101634233029,-0.743244520253272
682,-1.385677506614849,1.865357450083138,-2.776727041825043,3.681780141433094,-4.926508650060160,4.098067705440259,-0.150653370561561,-0.038950524168709,0.123866083852062,-0.519933000446640,-0.737740498245406,0.364631408670256,-0.229025256481287
683,4.713189735456213,3.890280044827122,0.768867255733479,3.484991869044046,5.582323550054687,-3.268461342944348,-0.210100635009446,-0.409746767800073,0.934134892352828,0.004271689031170,0.424468291894235,-0.104243430983693,-0.899411879477895
684,-4.284364217814026,5.422930528344365,1.262272551887430,3.228267642606406,-5.866225480248093,1.841417351775885,0.474537255771065,-0.497008469892816,0.439081052994944,-0.558089625637044,0.024712688262848,-0.635865762592643,-0.532541063916770
685,5.665481017412588,4.125001872228582,-1.950639167148138,-3.348393591871067,-3.808887452103720,2.161912853227008,0.246585535544363,-0.243205854021055,0.212461317898036,-0.880816685757548,0.452920436136247,-0.097310727784698,0.097753091405097
686,-0.381340238579709,-3.364690436201784,1.013737739119214,-3.703509263269874,2.464410715771058,-5.158308253153246,0.584151920798050,-0.294630920742237,0.236000206351474,-0.377451365180277,0.245729737921180,0.714599658458533,0.535251988278121
687,2.645373697704061,-0.128753029223155,-1.366619093302249,1.241798667691878,-3.641533165982433,4.087730900823908,0.481505229256826,-0.208107723106659,0.523678070285730,-0.410131461351187,-0.368883602246423,-0.551176882222360,0.626036034831288
688,4.471090162815594,5.486305779719020,0.318982528803605,4.254992004638643,2.336301982936837,-5.461937003220417,0.091646455886298,0.643197866059645,0.770513220079923,-0.398089243534100,0.075566992344242,-0.529427846718110,0.745332636458326
689,-5.688213755689592,1.491887402696912,2.973845069005722,-0.081232690120289,1.475629811501527,-1.910680832872885,0.080096996991183,-0.119069483027254,0.245906853248090,-0.117650254349677,0.166683763157910,0.031564759649957,0.978457258493806
690,5.701505944573684,3.213093413638186,-2.239453674813128,1.983437879128227,5.958315842484643,-2.173629413554455,0.033449430359907,-0.295793083059046,-0.026639058029871,-0.726446173150369,-0.454274073171118,0.514154306881658,0.039450889403759
691,2.455488564836871,5.321548918058035,-2.815972519935440,-4.212506192407773,-5.885196433143447,3.072490978295573,0.160036761721175,0.161294148013497,0.330677916529392,-0.295015558992574,0.464483338469007,0.303752340474870,0.777788894169249
692,1.062805044308937,-1.729289932479471,-0.147805865250086,4.025362711932548,-6.024918524383919,0.906649805308382,0.339214244602506,0.135059352957421,0.989619456349316,-0.336944119199739,0.464390806778573,-0.625568790535918,0.528652558325114
693,4.313075417158679,-2.353683699590885,2.873701206221340,-0.264345644998628,3.946254479818347,6.027135326203014,-0.080801033743985,-0.025154604487425,0.190965200858123,0.768581958309486,0.586610797316859,0.254499523763831,-0.019988452576907
694,-2.178715391237469,-6.175620674545360,0.139231310941586,2.951235058052658,-2.815896682972725,-0.985977266329451,0.447695538247725,0.712133936812719,0.119644111647025,0.086885019664044,-0.655172033411216,0.282443009378992,-0.695288822322587
695,-0.121783709132649,3.766451793344824,-0.390945797222471,3.918701729629063,3.132149807144110,0.382541520021467,0.800122952327854,-0.132184736096807,0.448578310401563,-0.256391952219391,0.179657497345372,-0.686821622456192,-0.655943907214155
696,5.697195318615966,4.212433831386798,-2.500946359291230,-2.142361262846935,-1.822615117628533,-4.332545098967953,0.193736424383980,-0.259521707364964,0.016545631989901,0.050084654008246,-0.771206528249358,0.327851393354171,-0.543364962151752
697,4.194060274888100,-3.776431973607095,0.353256934080273,-1.534293689377117,-4.898096500147878,-2.522220595791372,-0.524779660104705,-0.612367827036699,-0.317580011723878,-0.116904291546267,0.838705802357234,-0.522772793417645,-0.098053914621945
698,-0.113173737241109,-3.105863941095961,2.097994110409485,-6.016161285189018,4.997523334667232,-4.669464737296924,0.199142307092047,-0.185806901983809,0.371138694576467,0.143959849979470,0.898617836739829,-0.127737806276746,0.394264629322139
699,5.436926924338016,0.466827186469209,-1.343260341356125,1.532683518013908,1.115233341728943,5.998505052736871,-0.557800317976604,0.361634094480976,0.138942491911456,-0.291566414019843,-0.509861686239535,0.716939806130091,0.375536152063600
700,-0.351829257181790,5.417863923711680,-1.068732627052392,-1.519911932318665,1.457259840668944,3.515755769158497,-0.060411127259549,-0.132635382988216,0.917600575036242,0.443598560380631,0.749931559181359,0.300453517220023,0.388008579495565
701,3.215736098031513,-2.192608016216606,-2.362986003896927,4.464448835660777,4.783132791316351,-4.955804568330163,-0.408365697845649,0.111123873278455,0.012595074978947,0.669117716339850,0.093165749111863,-0.732608920251708,-0.082980689562069
702,-1.571820393418618,5.587521454888668,-0.786955999216628,1.873085792664479,-5.378981479099012,4.737076237330257,-0.195426155054437,0.395578619501634,0.703470202688053,-0.172956849708629,0.678368332793911,-0.435186250962358,-0.566140671719144
703,1.416423282762258,2.970544524022094,0.835581057431063,-4.130635936222761,2.733512116923778,-2.856953990161759,0.142866294201418,0.643570279369868,0.250274183066082,0.275633776101827,-0.541442506119149,-0.378910979797536,0.698063394992270
704,-2.107409377001293,2.372288779027112,-2.669703600187810,-4.528108106078681,-0.847948744198395,-6.093394461815999,-0.191627854460682,0.069359772042504,0.045454211126427,-0.916442049646248,0.075990235770840,0.348797988869212,0.180829800277690
705,-5.585369846730784,-3.382997145842965,2.615484830509722,2.566697764530691,-4.731927152271954,-0.860324908891746,0.279391239111275,0.056858692469726,0.258836996567018,0.066366269481564,-0.993412543071578,0.007399535400399,-0.093125100907431
706,3.236485736080253,2.411363636870979,2.588017193081943,-0.720627609669496,2.827449518160128,-0.708059852102950,-0.131020149422886,0.026599264105198,0.325532430737012,0.642962821151058,0.467054743310155,-0.376376144874517,0.476234894708855
707,-4.833646919983625,4.257827999046617,-1.330335623562977,-5.322046694808561,-1.394299961886960,5.591126143334598,0.202395166036397,0.407990041323550,0.468034438762659,0.083555464129585,0.290848142278809,-0.865946840739504,0.398198331940665
708,5.727250889283289,1.137499071664678,0.150567612958801,0.322654814612007,-1.633588350532710,-5.338176068144464,-0.230377251338403,-0.007235948359193,-0.495445946236384,-0.557210943858125,0.021035181763685,-0.030668771020992,-0.829537769879690
709,-5.576413832663514,2.857434923066082,2.615198939501708,4.233273451446623,0.478532774876170,2.401039115447944,0.262019983561156,-0.069189605884476,0.436771017966183,0.707992973468741,0.445991527501998,0.487046155999116,0.250246975689640
710,-5.183878966056362,-1.927792117346494,-0.766942309378744,0.347437340616733,6.183502949645522,1.762640413778898,0.400485818260325,0.271427510232834,0.793580291044147,-0.664954980874515,-0.505491366123963,-0.529126481200532,-0.149460760993134
711,6.177969197161994,-2.443663387159983,2.751343325084246,2.711856920224204,5.376103609847986,-4.639044143496787,-0.133889133133641,-0.182552936164228,0.426248908648902,-0.204585386026409,-0.645768185107920,-0.187164315207659,0.711405503239676
712,-4.152322317269071,4.685590440829724,-1.451179243183387,5.833669897135364,2.928966949799381,3.854071495343870,-0.211742121850464,0.405923858962577,0.710516912509807,-0.678679801883203,-0.308589570807786,0.664541806657412,0.050501391158525
713,4.307946220870390,4.523460863069619,-0.922510417885174,5.522486972581403,2.206868097241230,5.690679624978367,-0.280158591600265,-0.464947568789884,0.825857892611042,0.048111599609621,0.256414084669436,-0.744063363249545,0.615066502612453
714,-4.250679387561108,2.814679311014991,-2.167454070663899,1.026192491297013,1.818877257551920,4.312709367561704,0.009258025565238,0.227074395278065,-0.296027255589702,0.121704863228050,-0.338239851760213,-0.931523787397954,0.055182990673242
715,5.835660864679447,4.539017638896359,-2.005631883395496,-2.790146388621849,-0.137294658401713,-2.479882724627203,0.244304706480613,-0.375785103227854,0.257443776257738,0.032148395228379,0.254039889164720,0.672935301215998,-0.693965630110564
716,3.314785091608700,-4.716254532055692,-0.554327266651522,-5.517062931720444,2.747454988637029,-1.708220443703317,0.094765193545047,0.058878728206374,-0.611427201829178,0.076444466675992,0.184883053913282,-0.808510101234502,0.553431040051150
717,-3.249473442098450,-1.303598650612095,0.887391577139264,1.691593035244921,5.283633819889376,-0.471662503859512,0.368799414680573,0.149226249110725,0.782767681460820,0.414870730268877,-0.041901861384449,-0.309596193888438,-0.854562290244825
718,0.376514189075659,6.161249431151143,0.834148121117091,-0.934459930676567,1.173757887176181,5.245337088691874,-0.708885721301765,-0.465951761302920,-0.118694292258198,-0.446979842239751,-0.622234954473030,-0.105762380165943,0.633914032819047
719,2.097961886267253,0.067438852008457,1.748025757251464,0.056860247266375,3.075642819104344,-4.737878686641993,0.146102908414681,-0.182970952980842,-0.222560008314933,0.525537579793630,0.680259059493508,-0.262129742092355,-0.438572528223392
720,-0.785772375344957,5.572361748557508,2.618874382227919,-3.432744939610973,3.353845053560098,1.880242900071087,-0.231531690426554,0.180428935391095,0.044724914456082,0.606100941401004,-0.671622686660917,0.392609466837695,-0.165597168286809
721,-4.930047866306774,-0.771714540291772,-1.496749188003115,-2.616902922124631,1.427002939211360,-4.378822386762098,0.151028264652611,-0.004005582114592,0.645083896470743,0.003840664435803,0.490326126608343,-0.864312083760780,0.111938200481561
722,-6.113707311445059,5.244179941087070,-0.704706937563863,-4.008852199500502,-2.900666068244592,0.740306963570750,-0.069552809989239,-0.049326292501286,0.841287452318868,-0.068414537510657,0.086522430831263,0.657372958178374,0.745448934452298
723,3.986711497099538,-5.383709783166077,-0.166707205138279,-1.346903032336430,2.784509042109946,-1.496110803134092,0.395862721764278,0.506949359730005,-0.493580626060489,0.769991991252079,0.327101234053323,0.540640681101396,0.088457730169113
724,0.935681749148912,1.430403099673445,1.864416964213058,-5.171323709269463,4.724441695206931,0.552568771151666,0.228964711242017,0.082782247259970,-0.263247793094159,-0.000331293047506,0.552254594861504,0.819632469628919,-0.152372462831288
725,1.074848076906621,-1.630373584586117,1.415468903711555,4.817790036345157,5.790528380820245,5.718957935176306,-0.024619787720072,-0.512248287556546,0.634756577245938,0.418479734960570,-0.057324296025852,0.855442431494180,-0.299677965342461
726,-5.586033336033989,3.999275341660486,0.445149512174401,2.751085412975295,3.053919312922785,2.913361118578411,0.371338574857935,0.266122216750189,0.794333636309942,-0.669397919520262,0.428409365298557,0.592530748936010,0.131450190687439
727,-1.162352488190771,-0.368768224294371,-2.738955300708146,-0.652499116372010,-3.099441748539025,-4.097495042665379,-0.011462884106380,-0.059340289048202,0.413383586209483,-0.478792486043131,-0.268856556641186,-0.644591112994608,-0.531955077340236
728,5.160761118184856,4.850496557203064,0.897945975817724,3.758160713071479,5.197446948095960,-3.324008935744659,-0.376108969463248,0.365182091511781,0.876159050143744,0.262272332305420,0.376152582547860,-0.628221413635364,-0.628538235749931
729,-3.109541348368301,1.229932072827809,1.952281711944871,5.480226658391643,-5.122642700020528,4.824133704614527,-0.390355342421420,0.161457869085929,-0.212637269827296,0.397522965266087,-0.115908085885880,-0.896224618610404,-0.159129634917463
730,-0.258948507574377,-4.916458755929849,1.714282176768066,-0.718635969165351,-1.152636235635580,-2.531961722127942,0.255348324133389,-0.248270968707477,-0.141551775421107,0.785629494489605,0.309543247675381,-0.288261818304019,-0.451524527921403
731,-1.209243077948726,2.129193793695599,-1.612411386734084,-3.755065812207332,-0.038070070750219,4.476696192154986,-0.257631586515404,0.019924327438369,-0.291225819227603,-0.708398057368815,-0.227367332106988,0.668181782741617,0.003064933747332
732,4.586366008125873,-4.210739024825394,-2.965990772705576,-4.566173977897177,5.387532937975555,-0.890636627451880,-0.205642665061573,-0.059757251069370,0.085139381776097,-0.708536536805610,-0.434593603419600,0.157589821262521,0.533169601639784
733,-5.392282642033198,4.109533852757000,2.721851704305954,-2.897116166213205,-2.054860720829221,-5.162372965585758,-0.074663965682323,-0.231463683660296,0.315942924264643,-0.135865940271323,0.760345172815923,0.486907103892062,-0.407844500550344
734,-1.153667890067656,-4.592116038558875,2.312348290976711,5.426193531933656,-0.019935056806929,1.839557600932109,-0.090865919163434,-0.372480153131321,0.138599949425615,0.232726477985836,0.705790898161104,0.043673551067089,-0.667675232021108
735,-2.505136594428428,4.005942916969875,-2.562832961754254,2.814831631941409,0.134008185295936,4.138154208622510,-0.252725776717920,0.103078033830703,0.153378777864370,0.737768834623466,-0.430800047707045,-0.504368833370804,-0.125381599439932
736,1.383689217674164,-5.060322406144096,1.260778951852737,-3.241417849571253,2.347913995767867,-1.824255570737401,0.071085985269882,0.032083177795578,-0.499876310268115,0.328694334952507,0.504113155283742,0.029430444904195,-0.798100125142667
737,5.782766978572297,-4.019788135251346,-0.749724736810372,1.721022165270687,-1.293485255835062,-5.920436510212789,0.048862651189721,-0.210650547506537,-0.464810099312786,0.435836036125627,-0.654550565434428,-0.340985924368669,0.515110770889347
738,-5.457755951066226,5.925754692456865,-2.141769278105788,3.771399322574631,2.102630069366860,4.259992894985936,0.051668469925110,-0.066820628442110,0.434754332731507,-0.228750205558992,0.789223335218974,0.537584270426260,-0.189216867093882
739,-5.602443209612753,-1.393129032577894,1.981463023941075,-1.659978109081949,0.246613683878311,-1.393620527878815,-0.243719317213798,-0.494609646530053,0.337324826005800,0.455965557824775,0.040250731966092,0.625469358195564,-0.631872907009128
740,-2.057718303928775,4.903012577386178,-1.657395811212809,-6.180456190416304,2.743788652743884,5.306464290631501,-0.189834543620038,-0.269204409311563,0.726828443312611,-0.172507344588289,-0.544116332660863,0.405184608640928,-0.714145689278658
741,2.639220363982968,-3.874368779282669,-1.444083007479292,2.716024964410497,-3.881566582139736,-5.004888054619911,-0.057921393392516,0.100452525635227,-0.323049330449049,-0.124518430232903,0.485582839507114,0.301857059471310,-0.810917247415466
742,-0.707709695964338,-0.495638436074042,1.513678168272119,2.510755492991647,0.129366687907971,-1.339987381297020,-0.611659231244246,0.216452903176597,0.128971807091156,-0.505006674072852,-0.126145295398316,0.678034683278557,-0.518964923537318
743,-4.674508720608300,-4.548206305450986,2.828608012164458,-2.848098118816881,-1.991937298480170,-2.558452085481469,0.084972193464545,0.216749489422716,0.236110915185885,-0.933326453024848,-0.011941812031421,0.219804843655608,-0.283628200140601
744,-2.768369455501787,4.603228849965090,1.028290165907058,2.074286742721227,-4.930051189203292,-1.402253665024180,0.111694009596954,0.210834999700381,0.711889131724356,0.041914986762203,-0.109276443610333,0.985348378876247,0.124057909875001
745,-3.690859491595243,0.823520035246502,2.435486038828672,1.685718158874591,1.348052709475338,-1.892438084161717,0.097964367150915,0.123046343849750,-0.030951329118111,-0.900422135083176,0.096596827070866,-0.126980162168384,0.404703681806562
746,4.450132448603663,-4.413367522075965,1.676033606248542,5.591872759359310,4.908103670486732,-3.604024249080103,-0.257047157052880,-0.365698801866151,0.034728008528511,0.227866361213676,-0.137400531434590,0.585029734102711,0.766118936983314
747,5.314347276910917,-3.435231371124813,-3.062554977016275,0.574450916668669,-3.294157578899954,0.467496192535626,-0.003618433421165,-0.056827722232021,0.024522146608517,-0.240544006035351,-0.327850730050603,-0.647511731586254,-0.644500610879403
748,1.774599262193505,2.085813434748282,-3.073290607131450,-5.737142334228055,-0.362036474198524,5.820039582389143,0.226306374128382,0.029126304752137,0.014761862116827,-0.532946576716382,-0.059815223645173,-0.756360595687031,-0.374578075544375
749,5.408146676560355,1.426694520619044,0.198659935540334,-3.484703539234216,-4.081690766226631,-3.893792199087987,-0.129723839417852,0.038290229167715,-0.543132573104156,0.941694351417822,-0.100896477200115,0.320478811294873,0.018027226836121
750,0.215516029318977,0.147011274700094,-2.896199866125413,-0.950965359158000,1.069964982433755,2.074860625639088,0.106496897343297,-0.163012061444888,0.288964105822667,-0.515901531896315,-0.240712340250182,-0.821277445386251,0.037503817647665
751,3.850426438717708,-4.635712603885112,-1.930613143444886,-0.537501214793122,1.948695985686046,-1.416389520684202,0.301441968596723,0.386402431724029,-0.151416061603787,0.858888357196316,0.069621736386506,0.393917199654177,0.319832524161869
752,3.600340863377529,-4.916370107810465,0.496608185380349,6.004799719892501,-4.859027811807846,-4.619318133559997,-0.180921140275725,0.076393275558506,-0.726017326020419,0.068546721082495,-0.980759618059387,-0.180815654638430,0.026788386485929
753,-1.615312450505222,-5.839513245473968,-1.881281569409439,-2.097746377663403,-4.511203922183560,-2.133703604297922,-0.100239557226516,0.311825657998705,0.423847696509189,0.450778993847884,0.743607890518800,-0.367438835957016,0.329900448157051
754,1.975020815613998,-1.453029498381624,1.291875547955734,4.113644006234763,-3.956612330360164,0.621632640762033,0.240755203045447,-0.396479189546677,0.769594538014414,-0.684931519575101,0.379845913295315,0.303225980476694,-0.542807424792015
755,-2.815890986944782,1.070742945412107,1.695808534802589,3.897745506652008,0.698339437628748,-2.862863413021106,-0.198593570661885,0.155206118947321,-0.470295304824112,-0.612342457775331,0.706571721755847,-0.346885084562109,-0.073917890452745
756,-5.707079426891384,-2.118590051264299,-1.596998983799130,3.361876344765594,-4.131552299235104,-5.732514186337401,0.409952218162684,0.171953985289739,0.248107607239187,0.730785033651393,0.228192426902126,-0.550581004806591,-0.332779218163957
757,1.426029853712360,4.430505935402399,2.895060890796772,-5.135159010300202,-4.025235784501298,-2.515775620023207,0.076592447007075,0.036220117243606,0.227829754625689,-0.379964864528766,0.241848209415715,0.869587875171790,0.202368655379880
758,2.631843710402149,-1.951398257104191,1.037581396402032,-4.205229998632084,-1.924264359968062,-4.219235135058057,0.007098007581865,0.109892015218322,0.914601564022662,0.964405219570799,0.055438224556783,-0.257085296142342,0.027501385964992
759,-1.417331107823719,-3.614424532612877,-2.836845955164399,-4.143499145595456,2.919567964628285,3.301627249014219,-0.021877049046758,-0.097045412507806,0.053771239249689,0.058054195543404,0.765862453553441,0.121783891831628,0.628691574865812
760,5.754648116513465,4.094463332791070,2.388724453566831,3.720768221014454,-5.115668892866193,-4.850956489905993,-0.210669163180126,-0.077598031572552,0.567312026821694,0.828886437304276,0.254478650005594,0.334781588802870,-0.368929774541147
761,0.858406626268928,-2.199780124118378,0.264437555360829,-4.188992143183693,-2.306161214627166,6.171273070052299,0.363630897398626,0.318647958372548,0.785895608352574,-0.070784074316058,0.082251300730971,-0.659227906805887,-0.744071841450549
762,3.734733986466610,-0.478157065203822,0.541765585275755,6.119450844158361,4.755078837878099,-4.390998284060261,0.485838501667373,0.494261489734367,0.224157427058725,-0.608767087198934,-0.086247397971800,0.736542745718601,-0.281902117082728
763,2.025066373447583,-0.000674345944385,-1.507143448324726,4.586496219512403,-1.700304925800141,3.419328188563473,0.346791854128720,-0.434212926382732,0.660546235540520,0.695137672832910,0.684581593573763,0.013226500292197,0.218990221787355
764,3.576835720579728,0.798354640541063,0.304035564662769,2.333863250263672,-3.539881836149794,0.541328256094423,0.404468780625967,0.234198839861196,-0.384212427724149,0.119206183458244,0.071831687824859,0.662210377983789,-0.736279505174577
765,-1.603296208813749,2.846468379157322,2.198230049327960,-6.059169534768492,0.186115992384758,-0.123487968553221,-0.238131021363424,-0.176408150068800,0.372846276255808,-0.117078634945442,-0.622781000962705,0.183232866129923,0.751573106789365
766,4.601859353362496,2.327956011077235,2.582405128819814,-1.521973934559826,4.690676548182697,-3.108986664140382,-0.141331292342448,-0.078327892322393,0.311003668993855,0.032498540747869,0.063054663599204,0.786221193930646,0.613860072379627
767,2.084845956773009,-0.758947554136155,-1.867558543933405,2.133430035774580,1.712317799326398,-5.706286704599096,0.154439198733058,-0.029660915471642,0.607342887512327,0.750727052789562,0.509714477106134,-0.076735621761137,0.413172710124048
768,-2.061888519734733,-0.304245211506393,-0.513729948842690,2.995697084268974,-0.379965181945659,5.383297222761179,0.088794439452295,0.647106132272904,0.663885090302747,0.713970576579369,-0.133614102947535,-0.574301766714522,-0.377585444662565
769,5.008282398800034,-2.196576692236429,-1.286727873597152,-3.112261235696707,2.158727145373135,-2.446565448581558,0.073110950329355,-0.509164674865959,0.306517492067116,0.761831632772925,-0.505638839511531,0.341274673370570,0.217884199977380
770,-3.156711785221401,4.710078903769938,1.646805656813494,-4.972518141724545,1.101128628818103,1.363058967170472,0.310889971164075,0.174578744655058,0.452972996661177,-0.220168275882652,0.961760785214495,0.114672602044303,0.115725177290194
771,1.068281157683885,-3.017966577953916,-2.865371530106311,3.994225637884787,2.395726630712872,4.383900141783164,0.046773837806695,-0.040609027399053,0.158559048568483,0.386249470283059,0.143291086745095,-0.396495834879956,-0.820408473925223
772,5.478088126466917,-4.054707152422365,1.993144445682953,-4.947098517366352,-5.636027877250600,1.063730630997759,0.076729564641508,-0.388280355219664,0.137568070559051,0.758448953996921,0.347344828015862,-0.423479693082259,-0.353230383996853
773,-1.008148612177782,6.104059328299307,-2.079296350286791,5.021463340487426,0.287669978263856,-2.827783846780000,-0.251035494215241,-0.032906916347776,0.624076586329752,0.617440904503546,0.699547320910140,-0.251119941685627,-0.257563681719873
774,-3.738443188276893,1.899278724856019,-2.586854152536368,4.196292686930374,-5.996922345486972,1.035320991770513,0.274274378173269,0.091617000537059,0.112983786476775,0.640266181282829,-0.437980853721207,0.507441556687734,0.375146711868137
775,0.793728875273645,1.453244106718286,-0.082639252787676,1.013167727992512,-3.736258236943655,6.076185197770396,0.023598656865176,-0.048975497702656,-0.609111469818748,0.511269599857866,-0.830671376067831,0.050198016659801,0.214636018333775
776,4.786846966146063,-2.177835816676955,-2.733728469694227,-1.492051743204896,-2.715796472056897,5.773155570467118,-0.028388483949112,-0.196522547970538,0.023581452327896,0.631942573647334,0.498856841105706,0.525312753075857,0.275385088829957
777,3.493066886077422,0.097572056390623,-2.771228737900560,5.610421597345724,2.471880543546316,2.495992952560984,-0.026653161206305,0.049446607732240,0.383690754247782,-0.609793255130036,-0.747511223065512,-0.066013858727187,0.254992799594350
778,-2.511196265420109,4.524187556577701,1.634387973771891,2.833350267952962,-3.574969861927157,-4.026886588778299,0.159799904200729,0.170143866843877,0.702378717223848,-0.636585505788932,-0.717574003840837,-0.270483872322678,0.081761345662906
779,-1.644459250804948,-4.326616945480207,2.797967607925698,-3.694728060802452,-4.511790285597433,3.833614235807858,-0.127211291449304,-0.173811867818235,0.026504878982675,-0.269009072310384,0.883531452204197,-0.383089313544430,0.015775608663597
780,-0.210080250144305,-5.115032111761286,-1.144359949302468,-5.256074717148472,0.416365962272583,-1.438022220304145,-0.527935912271971,-0.117954904237837,-0.322117067784117,-0.518642053355913,-0.821888682013583,-0.000054368478770,0.235604354613420
781,5.687571275482156,-1.519812616563747,1.171650049334545,-2.789196732417594,4.787015198316380,-3.521910913679147,-0.485217609057812,0.157959710049825,0.820763816800426,0.231919228802068,0.464518682194761,-0.535101087020057,-0.666410302946954
782,1.560140417129220,-3.968908859383357,-2.981108671792756,-3.040553224892338,-2.609634404833612,-4.814044095036451,0.047713720310613,-0.010083130381364,0.204209836308447,-0.328654660575788,-0.603160847377881,-0.015488392071832,0.726597010717248
783,-3.420362421956778,3.510097921201538,1.085169626139766,-5.822393019005885,-0.450573968305193,4.634234411860595,-0.287146015177031,0.315203107252025,0.630712307424131,-0.540857938386976,0.821426161496823,-0.173975872902148,-0.049640178689460
784,1.957992739680771,1.471969531696483,-0.584855663726831,-3.266964821834078,2.833759957864256,-4.195038814146839,0.162946442317653,-0.297099586940979,-0.470549398028012,0.023058859441272,-0.617437573571162,-0.119206702732501,0.777192957873056
785,-2.692822916454527,-6.152905939531113,2.531645980963561,5.055501260096950,-0.704416197951709,1.168727818707454,-0.122053739247704,0.174526387996623,-0.022571030387036,-0.905938307115030,0.355906109452132,0.229239070594128,0.007488222041466
786,1.120528213195517,3.447782091886424,0.621504147566911,-2.119971205031698,4.830628409044234,3.634890674559339,0.434400858603261,0.563658081536105,0.734027320765786,-0.979961932266802,-0.193660454790698,0.033660770458043,-0.032205466777351
787,4.908588506926353,-4.759791437709068,2.225910089405341,4.506993556172720,0.067372933844733,0.611827114481168,-0.152026581631832,-0.434297038106765,-0.004734149030660,0.557870907457208,-0.281191357799843,-0.672238650663992,0.397248873459707
788,-2.971050180593977,-4.797527239674491,0.952829648396162,4.875585439369415,-1.795038314026282,3.090842610528929,-0.411969664839353,0.042461002933756,-0.481701393919121,-0.613141199759786,0.081350947306980,0.274302745588384,-0.736340883213788
789,-0.719894710362019,3.567563442940713,-0.652292052685275,1.499132254283763,2.338018673338125,-0.990991738620111,0.479644722445625,-0.506491753668730,0.348820930836436,-0.008760587951190,-0.333546332195712,-0.211394937288036,-0.918685080354811
790,5.767377151492790,-3.640470872131492,-1.461245584970431,-2.547028197054237,-2.161150725232088,2.765891687669637,0.086140245555800,-0.138892833311010,-0.504712587892611,0.305499289794568,-0.646705415019902,0.698875030599633,0.003997714761300
791,0.739705239324220,-2.867043477747079,0.782042091014674,4.494046777408407,-0.932511078972613,1.826776918800403,0.580374540565569,0.267551138875785,0.747588298886903,0.526358934841810,0.306521373451061,0.370803970790653,-0.701067282488462
792,-4.701473712208021,0.644087695158023,1.338232521089120,1.794845218466470,4.406941019221797,-2.708259799007031,0.107405413048644,-0.318006559442197,-0.427615085800926,-0.464480549855258,-0.848275931704971,0.252008227431890,0.034316407196238
793,4.992823811706629,-2.011384260769002,-0.565786524027320,-3.156328191814686,-4.534583882841697,-2.068114040849284,0.021294511373014,-0.494179049676757,0.620417328291795,-0.427923597020606,0.784843612821738,-0.375649086520564,-0.244519247344935
794,-1.000837005803378,2.374778509637139,2.838352367158896,-4.202719369958842,3.812219383541450,-1.455254280662067,0.080270745164153,-0.228389642014788,0.211479946067551,0.833431079515637,-0.222735539536761,0.432640253082455,-0.261923512761681
795,1.484645887470341,1.081587125663065,2.475846959742575,2.565362149025582,3.476281139373588,3.362036738671287,0.054488031884472,0.171275599012816,-0.157759622975076,0.497482868391203,-0.670685911729978,-0.276422702540666,0.475690753519872
796,-1.394805335473679,2.777143867157312,2.533868188822426,4.383518876704851,-3.833883766846010,3.980813496445723,-0.019186641973690,-0.217787936242693,0.448745442051376,0.504226104658941,0.628425916417529,0.141524481457512,0.575158868577579
797,-2.749323786276165,4.034812092001303,0.749594108536577,0.362176137122068,6.161455818824122,5.728605400713461,-0.230196331141177,0.157199418316052,0.832014831143649,-0.388825952544800,0.652116289026082,-0.360312590593682,-0.541971919267179
798,-2.441007333409668,-5.064771571821051,-1.922765545504244,3.664025242201667,-1.196563808988286,-0.445998703912561,0.286691108690281,0.464868413732204,0.133140054653342,0.670132706565278,-0.644785030698306,-0.007370496077409,-0.367586854452731
799,-4.007262407772226,-0.499096796216421,0.444981351095567,-1.350559986448274,2.071357149215926,5.689213096876676,0.634370174986952,-0.612659871503736,0.457609625392039,-0.965153571892184,-0.213295783063548,0.147942037569497,-0.033115632424161
800,0.913508238225822,0.274927598422309,-3.001940675978373,3.542164565114508,3.360505381004858,5.811212865591632,0.051673227712748,0.007399077998726,0.152752132670960,-0.193029915934020,0.552384830112377,-0.340353061347110,-0.736050436212001
801,-3.406813953067943,3.644514837516029,1.092260609248163,-3.781030067109075,-5.205137170763704,0.785190134576564,-0.332367132296751,0.278151613589547,0.630070203975367,0.053852499870786,-0.874200810243263,-0.309133408524631,-0.370552813188125
802,1.411161767761972,-3.934414685537288,-1.489176840481424,-5.557118297203900,-3.099766013441548,2.764556133695301,0.056278742266680,0.135103612992239,-0.431046097094510,0.694527422315886,0.080421311865998,-0.687479090271576,-0.196307342420930
803,-1.441540078645236,6.084092384683800,0.713814587591266,-2.793911283112863,-0.852226163049674,3.868129333470627,-0.311944698185259,0.849607641595339,0.061975072365829,0.434779663495699,-0.141785106414606,-0.875053370060313,-0.158572467205549
804,-0.309717119531295,0.521164277252691,-0.264704574599579,-0.406421598223057,-3.737072786214419,-2.021080079723304,-0.794838280972297,0.200590190241038,-0.238534833970066,-0.532185910760839,0.599653023310138,-0.313873258452608,-0.508603957565227
805,5.270442106807673,0.279338880331776,2.530938181072682,2.737713349102629,3.601006788509274,-5.780230980474565,-0.075779626742815,0.037606843129802,-0.185605530254672,-0.053367561788068,-0.770271224860404,-0.235353347943579,-0.590290559904695
806,4.292123278392564,4.392514237064278,0.500253209377126,-5.853777000575180,-2.359520267258081,5.572622500325156,-0.066420537180472,0.005916342654365,0.837039267638127,-0.430373062216040,-0.854717754547373,-0.241504775795537,-0.160972142460220
807,-5.004510839228811,3.698094501169452,-1.778669108669464,4.022626642939736,-3.023473957664236,-3.144396627300473,0.169280043907664,0.442425024011994,-0.079105057521574,-0.506268480139401,0.659546763561283,0.291051146121706,-0.473264749410328
808,1.463884793480261,2.751638985986702,0.554999118781724,5.079323324010156,4.078613362764310,1.702302277945056,0.162395882671513,0.812383494173322,0.186010660088227,0.598990144312901,0.382171337951407,-0.082007059823377,-0.698878185096349
809,-3.009507518946321,0.854875002050733,1.947790409357486,2.165772930740031,0.281386706547381,-4.718668703984216,-0.017407799152662,0.229775976384884,-0.286450770859496,-0.126408645545689,0.060600890093642,0.601672730171634,0.786344906652911
810,-0.857043651569920,0.167439297171769,-1.170377334440349,-5.648344404389458,4.766327065510701,0.968903883340550,-0.480301701852463,0.341656314534148,0.293414707296509,-0.393500970057707,-0.815633301665338,0.120004168251859,-0.406814826893420
811,-0.655250156862047,2.453417109884724,2.446174758762117,3.140880591641082,0.785892947281366,1.722173003441208,0.166034165599387,-0.385737916890930,0.227243578435315,0.011608522337854,-0.393808329460869,-0.832171832427012,0.390218250689842
812,-3.526481277277041,2.519646314862639,-3.087298097161605,-5.596315121927566,2.935625516537719,-4.503795851229381,0.007549958129131,0.035905819227447,0.024424898178781,0.515238469914725,0.432700609023480,-0.570028278650120,0.471558335320058
813,-3.869113029050695,-5.926592970443176,1.764449539894102,4.429171469752585,-5.381736107187957,-4.667633017699111,0.311514494485798,-0.014884203397394,-0.436648570024182,-0.054196682270219,0.770601701083702,-0.098175448546801,0.627373349147413
814,-0.507558316359280,-5.702428056351697,3.024428449907274,-5.328834219284512,-3.420994846756235,-6.088017575022591,-0.105218439394546,0.015176120251541,0.147591630593146,0.505798253806566,-0.570009111579554,-0.196994327344602,-0.616807080177072
815,0.221415242916380,-5.082505563985362,-2.112504442995625,5.777093382879942,-1.226470400803036,-3.509130633053278,-0.429738632583432,-0.268690735254603,-0.031558182589989,0.080103017259743,0.860156512621317,-0.474650397164301,0.168586123073020
816,-2.917603087416835,-5.752458779781479,-1.523504616971121,-5.658194243480526,4.924331483341621,6.139856556729532,0.477879681340801,0.267874954032639,0.147737284981013,-0.354485804824304,-0.641970921984540,0.513445581717866,0.445630771063654
817,-3.414103101680606,-2.469910001865865,2.675867121075886,3.254594757248517,2.326731364513074,4.358221820548453,0.030412930614436,0.059409747924119,0.465086730553851,0.783187215068069,0.321048323276532,-0.531830198360753,-0.026502837335106
818,2.788346339387148,5.299905900773741,-0.862867894088084,-4.066074272473170,-5.200948790833517,-4.486732608612634,0.226826108641836,0.109209159150574,0.768760965599403,0.164295138131593,-0.806536588094692,0.097725790372626,-0.559424266140591
819,1.380513468794907,0.458867503450220,1.476530937517563,-5.713389907038065,-1.810548707546873,-1.286155980796750,0.059097579441169,-0.276111874078014,-0.253324176213687,0.636379404863715,0.141793162495694,-0.437312981215359,0.619413681311052
820,1.061267370316090,2.270362796472588,-0.254793346446235,-4.029035595691305,1.633277791346511,-4.205128436126005,0.304049607666789,0.282249210897545,-0.383018103129505,0.685458803667184,-0.089319145479966,0.202726622576390,0.693592268717473
821,-1.844148560278013,2.722927998459308,-1.001400278817837,0.898922674484608,5.898973643836356,-5.341680813458678,-0.343671792855439,-0.385990593733477,-0.291948427955710,-0.585989590335868,0.617279061906207,0.160182553040107,-0.499924303721823
822,-4.292404196085265,1.398912485631402,-0.187574133306373,-3.227479085186691,5.685901903880715,-1.451202748479919,0.330396269353999,-0.208454442980194,-0.630361136696718,-0.300661764399794,0.755186240818869,-0.428328594620067,0.394754176845117
823,-0.377565242368268,4.748498483783594,0.822303276948800,4.155535449661789,2.926221204504623,-3.334676955003186,-0.312060401358040,0.084699150709721,0.945784491567193,0.372271391711843,0.032634906744016,0.683518815718342,0.627017545475190
824,5.749246255445982,-4.434302083942280,2.224344962841556,0.193780374615372,-5.441196495032530,4.023852285842091,0.149608830058233,-0.321486144236918,0.179345243536526,-0.587417308287182,-0.232577629916911,0.330618985303343,-0.701098879291546
825,3.912255623488480,1.519380493482280,-1.808523015018632,1.383660641833672,2.267502322525214,-5.034974338602902,0.198058824738493,0.289637987795109,-0.263675015994195,0.274165901145228,0.822167819883313,0.406006943508771,0.289881866318355
826,-2.190146768541363,-4.133627943017085,-1.294335185503064,3.753271654961084,4.651632629806860,3.032245574618630,-0.026079454213241,0.183792568277420,-0.577540291370007,-0.046835565097964,-0.253316657148731,-0.965513838466575,-0.037684596090278
827,1.238462704086524,-1.263975732593353,-2.020981055491203,3.359113836035831,3.128772798589505,-3.774539033982421,0.118847167205126,0.240110632001343,0.412325362282428,0.680772586908470,-0.394547561348748,-0.587202788289329,0.189931019512198
828,6.053169486457495,5.325460502941342,1.995104685256764,-0.139019835004379,-2.600435728739770,0.920446894696882,-0.335768142080291,0.029028623805747,0.151068997309964,-0.203148352203797,-0.183867246485403,-0.514488947707078,-0.812542125279682
829,-2.072883506372781,5.021834927703413,2.177606706193133,4.605309390083670,-0.272665048108833,-3.201414239543026,-0.000912224300319,0.476889526132221,0.165872836390519,0.620807167320593,-0.392764970901635,-0.662311518833899,0.147233116709365
830,-3.781466700612826,-3.117540381237245,-2.147419370798575,2.370864411567164,2.197818447154523,1.550857570524605,-0.174126175850836,0.223513663434240,-0.043649876534337,0.063866456739601,-0.630836308185425,-0.053446164383730,0.771433817959246
831,1.500463557956100,5.522104130741301,-0.671804070179444,-3.095263953611507,0.943663748885642,-1.478565430420669,0.174743787692139,-0.261413416898526,0.783121541468102,-0.152244906453002,-0.740313913686624,-0.591557427906190,-0.280742955655389
832,5.848413782987958,3.254386296394729,-1.117054509958319,2.714979622520090,5.002825299690397,-5.087121813678962,0.427634824017520,-0.377917219912909,-0.228742502581897,-0.159928353380146,-0.986305485652808,0.039737413302756,-0.006734147332835
833,-5.857339550472049,-2.406567489704986,2.192962914469542,-2.991994078372142,-2.662937390259807,0.387264234613679,-0.079109734774006,-0.085559355264591,0.633846418557848,-0.560618264783143,0.678302966466139,0.158666363364354,-0.447702168870673
834,1.714281036181129,-1.170586388632696,0.223443190850384,3.184869791033256,-6.068265472866305,-2.661439612581780,0.272609430266342,-0.266507469744850,0.917722962258628,0.485847741035287,0.325692529164001,0.691165486172788,0.424460386492307
835,4.169170792308174,4.125674099542207,-2.880321251973866,-4.769827547406777,5.469046914079183,-5.276400466423533,-0.214762027977839,0.036376065102129,0.265425702467474,-0.702047490006571,0.585735918488686,-0.145211609318507,-0.378095681126905
836,-0.919267854239417,-2.984649964087369,2.012362517573982,6.199220428033378,-1.598182497483877,0.816342477799085,-0.006704737159772,-0.207668013842984,0.417055533386959,0.180048218786990,0.964002275947269,-0.076124984396052,0.180242163854126
837,-4.819185953695845,2.706835921819959,-1.662427491411377,6.064992743229199,4.035725125453034,3.057002049206980,0.104539138365122,0.305486798180117,-0.365371475335014,-0.886205519297053,0.346540247625699,0.305348044822586,-0.036224382202921
838,-3.787934883757034,2.385450672851640,0.864672056583479,5.448019453910819,-5.534622525904073,-2.374453500123154,-0.526719455252638,0.657020597347449,-0.056614636410260,-0.039326540520686,0.097499549530397,0.846504982250698,0.521897093378369
839,1.015692675679129,4.139167256131396,-0.332662120659594,-4.552594221008224,1.499021169108964,0.424227932731266,0.329661072550208,0.263721917769144,0.756194882079786,-0.914570847816504,-0.368905906335814,0.159362068850940,0.045522825113351
840,3.465133413473520,-4.092217171190234,-0.069035664432986,-3.994280344521600,4.434037375278985,-1.868108368346031,-0.345064079257984,-0.003355930941681,-0.578924641714110,0.135190520667382,0.938662924890690,0.279237474469187,0.150538597739611
841,0.356229573752418,-1.429604339570053,-1.346126913418380,-4.120132132672612,-3.196281567188493,-2.593450931548394,0.240844160168701,0.053182065810919,0.645342590028140,0.510253039723270,-0.646374133524067,0.257844139361538,0.505330302634904
842,3.923634501091001,0.226770285670560,2.350479255375414,-4.282607080614516,-4.353951114187712,5.352822325240210,0.050499454289104,0.189586769679332,-0.036005306672954,-0.735911381513362,-0.182092126897830,0.053404735483940,-0.649942174434626
843,3.402653088399440,-0.878442163321050,-2.678471339889392,4.652581605534683,1.874359601941450,2.543819092434049,-0.155021725318614,0.066343779846809,0.201373393582901,0.014751726214507,-0.888105729952304,0.368179582056351,-0.274762432578379
844,3.739033393850942,-6.102130176338722,-2.889960045312851,4.391890105258851,3.564880260681480,5.911290441447244,-0.051038443289041,0.017072397240029,0.302854883797189,-0.636942773968402,-0.115556900255261,-0.531561547357194,0.546253445631292
845,-2.217988823563582,3.925792099335242,1.516834345981717,0.268642527714779,-2.782619767658531,2.200114832904791,-0.041142021872329,0.012524962253375,0.652105068797167,-0.069494623688081,0.375603414044421,-0.673791596095184,0.632532574392918
846,-3.045681374040395,-0.161544780508706,-2.327272164868489,-5.058288583874020,4.317559298542609,-3.028008040381250,0.165550020057238,0.111902985573157,0.351254605845970,-0.056326432188222,-0.670246195530714,-0.700527819517131,0.238449458997337
847,-4.449940106723982,4.458877858723049,-1.120064664346003,-4.201082371947010,0.306485206638211,2.214165969211169,0.118894443346188,0.441389093044280,0.609064135923301,0.053218736013273,0.615824437810102,0.078822996493949,0.782122089674455
848,3.888141258215697,2.323223121115966,2.741190912584540,-1.513358248452871,5.805779586540261,-3.035918676332000,-0.205143827060052,0.113759778911349,0.294138261446016,-0.242134007458176,0.065340221983485,0.766285414842636,0.591530591620453
849,-5.763894617496194,-1.789484759144883,-1.980069141058509,4.179915395191344,1.800621661709904,1.872151374995719,0.367760168792129,0.082111719719010,0.217036423562463,0.537638021335757,0.027869992831309,-0.832735760278106,0.129304969230880
850,-1.295317849473035,-2.393324393309305,-1.574332153749588,-1.085630233016235,3.048981811336922,5.693860901856256,0.148654979641264,-0.652476720283508,0.121782947322262,0.675291370066988,-0.201479358867771,0.709213988906361,0.020078630501347
851,-4.598093365711247,-5.856895224210163,-1.146108556228996,3.798606881624888,-1.038986303723582,-0.796917983867469,0.270346737615102,-0.735428864238791,0.350901921813431,-0.065910964851300,-0.462641910641960,0.508836964346649,-0.722982123530322
852,-1.947257547186984,5.783048526492314,0.800469599975338,2.088164091145051,-4.099924170993701,5.539886502188649,0.156525265834165,0.604070203661744,0.267836793038823,-0.033073872660299,0.277412670811738,-0.838353989857707,0.468092850522215
853,0.526733945114976,1.465802335279967,-1.673013048644750,-5.877833812031343,5.864921969270327,3.663985410804340,-0.205377634555777,-0.380154034476334,-0.269061038572195,0.537658246347042,-0.079130385679421,0.673618095587698,-0.500899843775234
854,3.550812794593531,5.740766055555499,0.753034508323408,-3.885141674542144,3.811351987683915,-2.105233766389899,0.665948170814257,0.349431749410993,0.418109294035293,0.264440260923058,0.569541307271327,-0.133868584485243,0.766663713633645
855,3.569887672878547,-5.657791858206286,0.617852182148464,-5.301172731378869,-2.879233668799463,-4.962990356134699,0.354812262850263,0.203130413959839,-0.375510343177392,-0.765807721696509,-0.458441140831644,-0.432373629788204,0.128153416055745
856,-4.106962699647697,-3.584983675992254,0.434839152496393,4.237151111093254,-0.712548866750627,-6.009426898978709,-0.336851481088149,0.855101638073996,-0.011319405694513,0.285525997405415,-0.362461362293475,-0.281518997496684,-0.841334487405849
857,-1.249655501213027,-0.350400702909733,2.405381993726059,-2.445822881725771,-0.294822210357200,-5.547001560156190,-0.289890423247229,0.143781941656634,-0.141578500775954,0.635513379596334,0.584911170283910,-0.461765758838434,-0.201925855688467
858,-3.742805509698891,-3.649550596102123,1.466511982881770,0.839421511780476,-5.116941487778191,6.167608963508259,-0.296524717927881,0.413615256734380,0.344123031602766,0.876476575888485,-0.007977732210864,0.228270020393373,0.423813597584100
859,5.262779830848514,-2.492761041833134,-2.605963899219907,-1.005344700705041,-5.896490879876382,-1.908657777997242,-0.103379338426534,-0.264815254114344,-0.048418315394134,-0.000827419839266,0.719882638364790,0.123949727236187,-0.682938333581761
860,-0.369156958809546,2.763373326539950,-2.567935985735621,0.071175113455782,2.648888856800495,1.544805200242454,-0.024821402372722,-0.039606189489133,-0.178991862939633,-0.430580984719868,0.423397829629637,0.618906346313261,0.502284011248369
861,1.076958457157486,1.517064625685952,0.592191682466226,5.981899589355583,1.411562764997422,-6.146507352795756,0.273489090762537,0.191887848155072,-0.670393631200210,0.102030730675867,-0.938131366154167,0.315854486791436,-0.098667183040682
862,2.391694110159133,2.161941749154154,-2.020724748879502,-1.403571984652232,0.711692306966806,1.531611521858655,0.337843724317218,-0.028064643016287,-0.213179936355960,-0.286258918461748,-0.274108002414518,-0.337220489566690,-0.853933824151401
863,6.086586352632503,-5.827243809127364,-0.594815644430627,0.874159057495511,-3.778220549657935,5.756986970948981,-0.742902211492992,0.093322975308359,-0.083909062536907,0.226083655794920,-0.557685638514806,0.623199260872639,0.499495335738517
864,-6.128793816968669,4.500779359367057,-2.773115746371771,4.073890041250925,-0.318625124286309,-1.378503730530338,0.165585178596654,-0.205952952441694,0.088198057887295,-0.499954471125891,-0.316651422494102,-0.687231556376844,0.421295847776303
865,-3.793934608319773,-5.035328190514782,2.218605379938470,-1.845536365490252,-2.980832828264599,-4.343683692599392,-0.245339810933305,0.231824591259761,-0.093912072116833,-0.751421278431814,-0.574563531199889,0.299905234906186,0.123691798478629
866,-4.248092164027710,-5.167424688942928,1.345482197727546,-0.949762861218928,-4.063771603290320,3.619873107567216,-0.029595882516416,0.223438034950476,-0.550827734572323,0.271028352279456,-0.016073446482274,-0.947365169185175,0.169659991729369
867,-4.374450317702494,0.146078154490787,-0.439534185084303,6.155912603143900,3.827289095135509,-2.780625792497081,0.311592901287143,-0.715946419381040,0.097386969478643,0.338721357729161,-0.760961475247339,-0.224160019468787,0.505922682511133
868,-0.738842505763141,-0.863575090726743,1.880112876714763,-1.470466811771140,-2.359131328125866,2.604219572150804,-0.384705033314372,0.265121904458632,0.031969755778476,0.393970329860298,-0.652838994797322,0.477889579521711,-0.436130915948815
869,-6.172611356173102,5.294968992730805,-1.588636790806126,4.361266420397534,-4.159746182278186,2.449554593630030,0.220770512787416,-0.057495530897143,0.665711479106998,0.038511985804313,-0.331483650881324,-0.897783770080608,-0.287436459635252
870,-4.537618847121782,0.022594807621627,-1.292276252574704,0.548139287847143,-2.244899205181135,-1.397491157899906,0.165872870047361,-0.527747763805336,0.401075662791775,-0.023590453950199,-0.704771573634822,0.511201963447381,0.491338042539210
871,-2.803825459262668,-4.073044098749673,3.051648178173865,-3.115795203825336,-0.793456237176852,0.572356235689913,-0.156359810789865,0.161446083183225,0.270464008278330,0.874292047555583,-0.447877728026898,-0.019064221268831,-0.186159909180099
872,2.810342534666670,-5.873381365056840,-2.971176253459449,4.297516338495532,6.195049237344326,-1.892724185649301,0.042667627971849,0.232367566307205,0.233706763454934,-0.182999032392031,-0.064044491668726,-0.672671953570777,-0.714088299938985
873,-0.071028915365571,-1.353042866679941,-0.364603714282180,1.773734979665331,1.169182474565459,1.337036137928449,-0.132729079621448,-0.164084489634558,0.860741989864405,-0.687396895577442,-0.194448865081807,0.698561999138874,-0.041064341928157
874,-1.903895266811412,-3.052671794123608,-1.986276293015416,-3.528190558489166,-3.486327462193322,2.325369720309611,-0.117489742083824,-0.217596631360308,-0.079560483331341,-0.752512718904456,-0.148240563365281,-0.591802328988282,0.248030938925393
875,-3.880794729012733,-5.746738744215497,2.532446287716006,-4.940547732101220,4.583531215788257,3.012142587420495,0.154951829709916,0.022677809914131,-0.147766707386048,0.162321684124436,0.879380429680669,0.447517739023397,-0.008342902195085
876,5.768554021723865,-4.693969712002449,2.497202038975148,-3.036060973741749,-2.696085403219511,-4.314470114824442,0.279367972807921,-0.208242326553560,0.043406806653879,-0.089341285963201,0.422485228707811,0.366844483752077,0.823983914216062
877,5.168497668867722,1.594110550318643,-1.396820729784345,4.226635006261093,-1.359173263012925,3.169944348326965,-0.358581862502640,0.378970356614787,-0.404002858581685,-0.135750268336881,-0.223707269262248,0.958437550242995,0.113685463494236
878,-3.537138190966218,-1.240527416100772,-0.188647038510098,6.159730103694836,5.937784788945853,-4.490532698807538,0.357825619293055,0.097768669946610,0.917438052735775,-0.042474546455379,-0.253522346747688,-0.777807990307343,-0.573530350388719
879,-3.912668477739857,-5.830416425931481,2.687997938731668,0.922509000334157,-2.252422775336386,5.980684032512194,0.133226328220412,-0.030470231977827,-0.024656435477322,0.233111471887522,0.376942454288140,-0.816836390103186,0.369258364337035
880,4.612554722588483,4.221322893754843,2.347450101164075,-2.919099041092419,-3.273545916097996,2.914328765963491,-0.013480060365033,0.215277458812346,0.521112128721300,0.694186694145133,0.344191426825300,0.591208572067464,0.223851557255623
881,5.111555175301890,-1.711819055027628,2.720874361974710,4.918441987225060,0.129701065286171,5.664221795539492,-0.291011331794290,0.089987146081399,0.162783233413528,0.306711833789552,0.682096755254156,-0.110562333609865,-0.654559269945773
882,-0.025751862988065,-4.982496544644480,2.575814081379213,2.248716736732424,3.095592270172133,4.661680669766294,0.156213928956948,-0.038140784185555,-0.081777946267531,-0.469011940075373,0.475944478758926,-0.519480488895231,-0.532583021568282
883,4.447364709505317,-3.525153610066595,1.858967214108530,0.764361507222945,-5.849416707197515,-4.632897426213935,-0.302529418296822,-0.256661821479561,0.365124638827267,0.644311286702754,0.066382317464375,-0.575101493595542,-0.499714544334741
884,4.256199062650865,-0.592913896110541,-1.604706112000335,-1.623029786815095,2.862919324270516,1.056313732012141,-0.017109682174683,0.051069917653699,0.778500044345528,0.620694246555451,0.305481761554060,0.702185400982131,-0.168390048097726
885,-2.114308631336892,-5.057504765556715,0.537552623480448,-4.454876099331557,-1.910470031301628,-1.817184411700881,0.015809257882097,0.220853112874948,-0.572664677722497,-0.067005199298669,0.724623715067628,0.424211828057804,0.538957419249788
886,-3.390627520849841,-3.418475835798737,0.240549185022041,6.004347713998582,-3.592183859374525,2.178487508003149,-0.835186545133560,0.257780717846009,0.114157460354372,-0.511832562971325,-0.753323852230118,0.000945963159726,0.412952426191059
887,-4.573043040873049,0.796679262900937,-0.643832908387814,-0.924797800561719,-3.657830608564394,-4.202877578584055,0.156256659074326,-0.775477699882679,-0.237798074174380,0.529399918373161,-0.192677881770110,-0.539184098385209,0.626012354791504
888,-6.215008128519891,-4.654594778973602,0.387128448985769,-3.197827564844837,-2.265517780171316,-4.682349003773647,0.134300204684837,-0.060975390733867,-0.724117024440644,-0.342520149942670,0.921152130660344,0.083321517935454,0.164973403044528
889,1.223402793472253,2.551460393052780,1.079513211655650,-3.668059140224432,-4.457799657731274,-3.852088632722460,0.306137629347214,0.525879611964320,0.014428010529150,-0.436486729433472,-0.034354569823479,0.693454253394402,-0.572206516049868
890,2.214813860317886,3.238637247677460,1.500396339543500,3.670350931955115,-3.358905960737069,-3.475223919541732,-0.276476482290907,0.428783918571920,0.630448812706860,0.628061029117495,0.503651938242488,-0.581320936899429,-0.118067934388758
891,5.594299525465496,5.945029524429193,1.479952748430944,3.043090265861933,-4.585641307464647,-0.061104183222214,-0.540674060753785,0.288015791966832,0.083566162545063,-0.399548371757298,0.172651459660267,-0.204018311925634,0.876886024807265
892,-0.656975724179655,3.077483791179358,-1.273379021580085,4.716730385346215,-3.522052693918218,6.020266571185054,0.372537522649172,-0.339295291037808,-0.351538708107684,-0.253808492414122,0.072843643412875,-0.733760849072066,-0.625995262890902
893,5.935952783568375,-2.469093611940920,2.427179431021940,-5.807990749771355,3.159310296626852,5.190045076511176,-0.026243554091802,-0.026677247139506,0.354160759348397,-0.575167659704985,0.386964987019654,-0.588675559629248,-0.415814078099289
894,-0.061636209109183,-6.172035931698011,-1.732642940905342,0.069881597395018,2.681902951986457,-1.182983841871583,-0.505123267165397,-0.013292045306350,0.549795589404568,0.132949505446175,-0.109577612395497,-0.515944325171155,-0.839117768365682
895,-5.427889505488276,-2.577524590084226,-2.885123762708025,2.418421855494554,4.547753384471998,5.345264565807186,0.078261675345145,-0.089240795741312,0.193400958597681,-0.533866603458185,-0.027020812535274,0.739742403615589,-0.408702216405766
896,0.160575083261493,2.240231120392465,-2.066560061250785,0.605713542657486,3.635804328224291,-3.142237489052244,-0.010761139138528,-0.048307717712319,-0.275806842132557,0.731280796788586,-0.558579298797938,-0.145934751662869,-0.363208771176787
897,0.948460254542948,1.569656088312411,2.965090045542115,4.160698804072583,2.105787580278712,-4.410663245884137,0.183786902919805,0.113758309174557,0.141067028196046,0.178237118874010,-0.382093270331254,0.800397329615614,0.426145957351766
898,-2.403776074139696,-4.989889326018334,0.599997576268518,0.333924154115344,0.303299705562345,5.319655598346243,-0.232217427730704,0.098966271492656,-0.580163628256880,-0.552405361374811,0.140722735042144,0.773626439461744,0.276672298454992
899,-0.072350552483431,-4.356847583985108,-2.597749548119661,-3.436937174603232,-2.570615691788284,4.057353204032026,-0.110687571916883,-0.041971143765937,0.109719526137179,0.732374554856269,-0.363380722440294,-0.381503088806856,-0.431320478517635
900,1.873586491034711,-5.962917083753360,0.770912328108683,-2.791651012841647,-0.801895729914230,3.232943889558809,0.400835833379987,-0.600522444291363,-0.376903587886780,-0.014379884292232,0.917328034309920,0.121778865849788,0.378777512834618
901,-3.133395070643221,0.602657410653597,-1.561217637751108,0.481169332579848,4.466613204370388,-0.336720197958577,0.534289435910110,0.114052778987191,0.109509468074713,0.385417707771356,0.730127727248082,-0.435593245665745,-0.358643579017118
902,2.591830393439787,-1.675717202144702,0.948663265537674,-5.426627660479407,-3.093036309772436,-5.626173451811651,0.214481262450769,-0.091415461383403,0.747678265567124,0.708881896695500,0.596173829549025,-0.376088639262470,-0.024910979827079
903,2.335320613308969,-4.188882732863992,2.179302458118804,-2.432841982726347,1.843305086878356,3.778618828079894,-0.269550529866975,0.435749285355009,0.083633406623195,0.188849005477810,0.080783775440308,-0.978560935156975,-0.015117239839287
904,-3.847012274538732,5.573745339770273,2.400399213513326,5.650307056411583,-1.498318887605776,2.728372178611927,0.197705825031144,0.017151564015287,0.088533747006689,-0.944144872639317,0.224261157100867,0.123056695454948,-0.207736473899933
905,2.165173477482318,3.533077165827450,-1.273919023571626,-4.761278280080069,3.834974118666553,2.140677983918772,-0.250006204239459,0.471828510348289,0.064525518496300,0.321505544651413,0.701443304446438,0.445744596137901,-0.453787649038095
906,-5.178175300277792,-1.698771929544711,3.074524882414895,-4.621408467791635,0.042028815327164,1.664369278811021,0.205774588714296,-0.111457802954945,0.298979670917984,0.688985878791307,0.145501238497897,0.693550013813049,-0.152040214291052
907,-2.572663908341025,5.994284140296839,0.479466833419037,2.970443681688796,1.860250996536326,-2.778523292734342,0.531582868007811,0.465099774955457,0.311673621382535,0.702452899468886,0.602635637571803,-0.357108381422045,-0.125951642602663
908,-2.606496025963016,-5.326396278718774,-1.514283442102689,0.709261405192835,2.922439520736233,5.242675885423429,0.483707173868311,0.329039077193177,-0.079117147665966,0.678863518550246,0.406092206251746,0.592893892971019,-0.150699286265195
909,3.073774388005170,3.264833192864822,-1.790054725403038,0.431648672985389,4.487712453996073,-1.476625922000514,-0.437909666492849,0.141722198746530,-0.049966015910252,0.005813951269368,0.156489597929028,-0.123593407377386,0.979898909767480
910,5.150300603761108,-5.606918438448646,0.213657522144905,3.634276045910415,2.157183486327906,4.561811561122671,-0.351482102639561,0.565150409435156,-0.307063047913789,0.548751924452380,0.215020596118937,0.211297021212805,0.779737800469531
911,-2.297923870852225,1.092542026648066,-0.163077377549775,-4.523511878777327,-0.899431898629605,-5.682183415782249,0.157076619587623,0.471705902340674,-0.404257103956237,-0.809803630503863,0.566539184296405,-0.088799330373912,-0.123960121025559
912,4.751087170433765,-6.034353669337492,0.684377056531027,-5.479969923069391,-4.977226468524855,-4.501105743028648,-0.180587633691658,0.524113669715785,-0.335356422496552,0.015961033865909,-0.763145351845946,-0.627353796416869,0.154212941983483
913,-4.553250425879717,-1.619862196325464,-1.371115126764685,5.680407587616674,1.668892638688664,-4.986697035600909,0.036808011786628,0.554454816731778,0.692776084411908,0.368045759854931,-0.727366186083736,0.433986177783709,0.383584081379160
914,5.686285055665646,-2.123219543458776,2.624039172511789,4.287944826113410,1.719923780865024,4.116311894829666,-0.255619132359558,0.029666107812251,0.427538551297579,-0.562124672652268,0.038041732753049,-0.074456005970684,-0.822815278260935
915,-2.675323872210910,-0.138535387167185,-2.921380062994183,-1.969479824293386,5.132765561078813,-1.628461750339540,-0.161874500219062,0.114232831292188,0.309243562895501,-0.163683500450279,-0.202457383908686,0.159021429012629,0.952329199644732
916,-5.167323708566469,0.675195332641631,0.338456616329296,-1.004777345385794,-1.512766705924776,-5.127756507938782,-0.067013994817558,-0.455157059709737,-0.534473533625372,0.224418526138080,-0.521591094589545,-0.472771567959149,-0.673844269620467
917,-1.300551144941655,0.415436837031593,-1.325010392524667,-0.686348161785894,2.120229854309022,1.565722656207182,-0.273002618648466,0.679162757475512,0.388624644380620,-0.766600739167424,0.209015006394615,-0.173312078835540,0.581892564946075
918,4.605646687538821,6.082776219014995,2.354749091013944,-5.865466696610220,3.469991638794024,4.099377147272852,-0.020609279986722,0.176948356792657,0.022082047741239,0.040041904811490,-0.638028337360802,-0.077200348658041,-0.765086003499446
919,0.585163461063142,-2.967477897876572,-2.947300023514875,5.457158164127730,6.207737863553412,2.685351267599687,0.141974809455188,-0.186292834095279,0.002413555018736,0.090077693993613,0.506936597592235,-0.509574673485905,0.689372865152187
920,6.206341170432532,-2.734472794972285,-1.838855512040696,0.071867973461417,5.836887471947414,-4.401129863195162,0.514559844634966,-0.264487646172667,0.006212849030365,0.154120596206991,0.189619899808701,0.503003907724954,-0.829022438921147
921,5.552108722879311,0.178937569547080,-0.106309471092105,3.439638796868651,5.677598334200098,0.859464715209021,-0.813228376175927,0.438914561998475,0.131499303860403,-0.042629437592807,0.733594370702605,0.254837279910347,-0.628553888773164
922,-4.048863308463476,5.635770902738622,0.436600047598662,-1.859542481998132,-4.501322446557340,0.281388568579922,0.559153608798335,-0.531688210135742,0.635092335297704,0.846169424096801,-0.221958773012837,-0.146893478535956,0.461685948204980
923,6.058226336782313,-0.941026649634037,2.671834914802770,-1.486269983927563,-0.441539969979970,2.366493017498883,-0.169157081342307,-0.191501421650039,0.032798152125563,0.128662629194376,0.247794316492873,-0.621986832526310,0.731557437749428
924,0.417636256988875,-0.290233586496991,2.791354831027922,5.664107256924781,2.082894198960611,2.483222218761622,0.060962375937676,-0.065940458340700,-0.001982856463111,0.036404412740186,-0.195973381426907,-0.936222034674197,-0.289408801344489
925,0.906998314944114,5.243788688963567,-0.121519837127418,2.733513037950880,3.037953794441762,4.300159885819587,-0.140107318951219,-0.235173175166380,0.878756746228718,0.649312470106470,-0.586599190588805,-0.455662177091408,0.163299375789108
926,0.624646383047053,-3.056303911002229,2.354087682339442,4.524863223875492,1.293146885720717,-6.079131895555772,0.204673992363742,-0.051424603597150,0.590641880557006,-0.811551951157990,0.289700039571637,-0.336636255660116,0.379648981322206
927,-2.257585690682294,1.668427844011095,-2.416824586312835,-3.604180401310277,-5.344607190130271,3.728114065298286,-0.070806312137646,0.218182121799766,-0.033529953772454,0.154530155741399,0.718842902880001,-0.600661579985496,-0.313992003520665
928,-1.892010596066712,-3.829298593827297,-0.322995902632678,-5.952263716803316,3.650735640699359,5.405908687470582,-0.221606919012452,-0.518146242423070,-0.330468012650809,-0.519577232958111,0.482730159495218,-0.337293976847458,0.619066931185749
929,-4.028088826865190,-1.955648640235089,-1.451085447966310,-0.568181350476481,-3.095809942203227,-3.312303736404483,-0.358412089719515,0.493291136168109,0.524820482450062,-0.715617488740966,-0.504309557621801,0.478261747684453,0.069492306057500
930,-2.589853937109819,4.798219822981478,1.371619530877504,-4.024010383631637,1.762148958615537,2.633190370226977,0.185512240170785,0.249198473072219,0.602772459443996,0.267234569934938,0.930460775372252,-0.214875924667427,-0.129061098413403
931,-3.444652673878420,-2.279633237834167,1.801203183932513,0.712131726349412,-0.063557144755566,1.199219426225367,0.109856095001910,0.210610397344536,0.570286413306259,-0.399609368991687,0.521175374527734,0.470129658882243,0.589632669582689
932,4.523475470592981,-5.770428580527365,-2.731901286867854,-4.478576099462121,-0.368357300699064,-3.133434513621251,-0.196780152804044,0.181119706220316,0.160925977067855,-0.512461181267846,0.375546170761250,0.656871002290013,-0.406040758632233
933,-3.261978698362326,-5.135599558262188,0.991138542457198,-4.678332532524358,-5.547606638416732,4.115150472696120,-0.009736035559554,0.210839494849863,-0.434547589465715,-0.691061086432790,0.248231433232154,0.498387274033723,0.460896794798008
934,-3.837465732299711,1.795973510042010,0.023851305653100,-0.446359105610634,-4.035922982000532,-4.065762277209668,-0.164738279230249,0.230623611650499,-0.727249338110405,0.332394684928891,0.714757330122832,-0.609467335906376,0.084766142591776
935,-3.094201559230637,0.014621435597288,1.374745971793859,4.812004076335949,5.554796964850665,2.937382500672006,0.427138839898739,0.229117061362957,-0.333885462450709,-0.665474328985976,0.630211969627057,0.360600776167906,-0.173042974507940
936,2.941805023811193,-3.160256524554522,-1.313330315995483,-2.745655443118888,-5.257755795606624,1.654325606206261,-0.341856389497273,0.258867599447804,-0.216262499098328,0.030747624642127,-0.333652436820498,-0.210872361924471,-0.918293788478941
937,0.427367011138127,3.232371225883453,1.796270748828661,-3.882297967480133,-2.452140271428186,2.356512988368832,0.404563134139355,0.121795438845246,0.590872336506508,0.577824827160773,-0.261776358972969,-0.376349272393028,-0.675242794977271
938,3.685347511274729,-3.533281730184632,-1.654602981147117,-1.264791433909710,-3.102425811915657,4.199972431363170,-0.189087842294541,-0.074492327208213,-0.446985207021967,0.537055769840107,0.250777867623686,0.663636163806967,-0.456364550857251
939,-2.011024663442307,2.758830348446731,-0.803392212950809,-4.745955132453060,5.228562790663254,5.690731982145053,-0.347103697178322,-0.306592719445096,-0.295098356143128,0.584879829554823,-0.779168285048265,-0.206028162402789,-0.091459088404580
940,-6.050697678576263,3.591332501984615,2.003653063083361,-0.309002230621642,5.372971260110994,-0.284585369919734,0.082781192934407,-0.181158825706027,0.476147359478563,0.408236891392590,0.535518995757575,0.738138697841445,-0.041392130143909
941,-4.646110490943332,5.243501071729357,2.004945549394012,-2.355015421809097,-2.976937566904536,0.605699116967259,0.070628503131746,-0.530287457849382,0.173023544777114,0.630647824938646,-0.146098923812876,-0.747844708343099,0.147196187328684
942,-2.345506836507377,-3.376979237129285,0.678067334863323,2.217315183507660,6.217208226124225,5.674247547489646,-0.675621967672299,-0.356010956023613,0.140120934004420,0.081640696499989,-0.592975856847051,0.404535131489223,0.691422994455999
943,-1.543941908612012,4.887420663674330,-1.613421754967823,3.377581357962072,-5.801319566927330,-0.916965450689418,-0.214280539096265,-0.313204117943206,0.523278416301314,-0.177231796783712,-0.581627487705061,0.495131218185652,0.620599252765187
944,4.658634303009622,1.654191026959686,2.454577229796269,-4.549983117781425,-1.852470284318545,-3.245314959674014,-0.122279919060718,-0.295925060121923,-0.069239245074765,0.076521284338766,-0.096001770368411,0.834199218639073,-0.537624233783445
945,5.478177285385589,-3.798264540111846,0.115496349618221,-4.318099283274321,-4.475819977621774,-0.084800617832629,0.327779977389231,-0.500412766038294,-0.187588467129557,0.338887197482689,-0.137269507135139,0.017815342417894,-0.930588611239004
946,-5.559877431404328,2.330388689936422,-0.655308308208660,-5.734393372415108,3.125331058208010,-4.115967859657044,0.332766092154950,0.248437705188462,-0.475573271094810,0.226554210962439,0.267317523432365,-0.659544302462537,-0.664993115942098
947,4.972004254250537,-2.750616825185769,-0.356548520698903,-4.128776924395265,-5.648865952023707,-1.975399364289682,-0.035656763673718,-0.701517462841634,0.328812841022006,-0.553297695489582,0.432263217416522,0.267670056009717,-0.659820363546315
948,-1.978118179086574,-5.872369234787912,-1.548587807720577,5.307635908243924,4.467588246180092,3.610894749809287,0.172505730914486,0.676901991234337,0.317634222354293,-0.109333593733488,-0.435455678624389,-0.851948151424083,-0.269460320864097
949,5.312873452285666,6.011508319652014,2.368607416200722,-0.979740407484256,0.045146728885663,-5.474662103912996,-0.263408610714402,-0.029324674085643,-0.109814080504484,0.618264320452375,0.081396916736632,-0.716699539103371,0.312194719126297
950,-4.424696474244014,-0.706157172113318,-1.222375213599029,-3.931459315077927,1.674695115150747,1.209042673392322,0.185432347829604,-0.190958013895196,0.673947811481445,-0.426922387449746,-0.738746572570451,0.398099739467825,-0.336908554425784
951,0.618532085754836,-5.392478506033247,-0.316827206536105,5.470964867291203,-5.722011688277552,-0.042317685684497,-0.420539286527239,-0.567682867819944,-0.464867834489245,0.747344570398908,0.652991061539819,0.103832929127054,-0.065555239861267
952,-0.064550403987050,-0.695580491557160,-1.416853922776202,3.810776867883112,-0.524248588731244,3.032165089888407,-0.045515168307742,-0.218088251222092,0.833614178781903,0.580217223453147,0.384535025198827,0.322311218544848,-0.641557687510479
953,-4.354256072418243,-0.514237734745084,0.780335070715170,4.596760782512192,-1.296180656070807,-1.569398877374449,0.442771006978357,-0.723371793922929,0.158806224121030,-0.154600422865531,0.805444906446488,-0.571913779259547,0.016487602077614
954,-5.789810795506899,5.919829095751844,0.869013977506740,-1.429569867200954,2.259913823137440,4.191564971500910,-0.729820264904320,-0.472395777432179,0.125489794310670,-0.119595492712030,0.417040560741308,-0.134682166605988,-0.890861831496815
955,1.153339109885271,1.427634725634452,1.998562399028577,-0.396649041237177,-3.039119537585473,1.862530233251361,0.159925490247100,0.275423476818795,-0.047070566962531,0.031128476125337,0.658129838297964,-0.247277905790424,-0.710457438010126
956,-3.372010526547322,2.150015487737718,2.680516149929794,-0.359474135913090,5.564596183241790,1.585534108294118,-0.023852768589727,0.220550035760507,0.156564112856584,0.153136281245019,0.061148400947669,0.903262767616182,0.396139527270816
957,-1.786719156190111,0.311547257786154,2.664702650356918,-5.973842358029651,-2.883347459700915,-2.894194512597181,-0.024127816038170,0.064170648073869,0.063504698019801,-0.453159484288406,-0.526175704633056,-0.491389197489418,-0.525663643639237
958,-2.892556289298045,2.613240190005751,0.423592753135720,0.321155449973734,0.303404865625224,-3.157494252339672,-0.797567103923024,0.033901837065244,0.011844736440992,-0.262643336450093,-0.120742592552606,0.673310116083254,0.680509508928416
959,-2.549261289427701,3.290907420215854,-0.206240905847996,-1.854635223901315,0.474613099609327,-5.370548751387859,-0.863359878401403,-0.312260283766450,0.127427734313257,0.508473689265024,-0.630318829674124,-0.563965060136807,-0.161542846416505
960,4.503087227544722,5.055456990791461,1.260419872030050,-2.824060241917915,4.531074593342273,-5.435681921441081,0.023997546926843,0.671111875444095,0.610602414754350,0.565210425318000,-0.678653332604478,0.456258208068927,0.108606062567489
961,-2.859672614947136,5.848832586843390,2.263958465767719,3.019347284090594,0.975100853171347,1.549112503340091,0.327045870245241,0.292645500615719,0.031296500665416,-0.143602743960895,0.020200804129139,0.299275898559029,0.943082242426992
962,1.037690033550825,-6.228850317514309,1.799740717391842,6.066666769509990,-0.060057314178414,3.664082631789563,0.091889408312471,-0.304364819565727,-0.223797579426357,0.727723913605935,0.366067350808308,0.579699008034916,0.019017368944853
963,3.528618353492332,4.894363363047452,1.025423370416249,0.986733967929177,-3.367401909223587,-1.692375053066668,0.359510029753482,0.185987012614866,0.626056671492318,-0.427097932258443,-0.099927072791227,-0.745227205270336,0.502233361007514
964,3.250894943166548,1.863567384171677,1.125765862046112,0.744461345412362,-4.002449355106113,2.851665390202852,-0.521650067903714,0.011988661317340,-0.178066149787429,0.655517504558639,0.536833781826613,0.011989379579762,-0.531001456386180
965,-3.633234868076045,-1.232621829779863,-3.075631418767769,-4.669285181262833,1.688832260014535,-3.391746256460336,0.005305201185155,0.135804154674221,0.336618636499637,-0.369002242816571,-0.367277708014037,0.387779059431456,0.760639093827520
966,0.647055201600675,-5.424460563094323,2.794105792502631,-1.298994174238893,-0.352101634476313,1.598823633789525,0.225714112239728,-0.115051931829448,0.128046872159692,-0.457090413950593,-0.136907599040172,-0.599198394039463,0.642873196968158
967,6.157731502829989,-6.189015294765872,1.129029997226248,-3.666024903080908,4.054060094925266,-6.046101998015009,-0.685293257492861,0.013029288223241,-0.219839759687104,0.484819212218281,-0.783497578474099,-0.374902327250823,0.102616377889629
968,0.435029679291234,-1.545085580703946,-0.299819267808914,5.998782555902251,2.244093221982201,-5.774564272110412,0.077175248552027,-0.043136645309085,1.084515004430465,-0.891145738884434,0.409708881080597,0.025505720072326,0.193254658612396
969,-5.663396974773091,-1.430764511473535,-1.117618296183566,-3.481988522081480,5.105723422645619,1.640291360362840,0.409539683570679,0.080539617255496,0.729259470142546,-0.149353405367866,0.619900064727405,0.014477254030794,0.770199895593156
970,-1.744967617170787,1.792315131920635,0.688238636552056,2.078187592338200,-0.574238995509362,-5.389161323568382,-0.265900085784625,-0.253425133240007,-0.530653771378064,-0.104731115643840,-0.772511378366925,0.414275979363157,0.469715846690664
971,1.429063917969399,-1.195744097835007,2.281444141884023,3.462020954207134,0.507373197083488,3.485144266760200,0.158560456005348,-0.456127690750994,0.276006149212227,-0.045051558449103,0.507521959773317,-0.052595165715687,0.858851306090000
972,0.452173326940580,-2.231284231118716,-2.778428656998114,-2.593750048156479,3.617964816394327,0.920026206593286,0.074037614561317,-0.014213393273197,0.054603911738442,0.503112321291000,-0.687623161376690,-0.499295841567363,-0.157340531005358
973,-1.417738750451250,-4.246854503678016,-0.111594372148947,2.115303306502266,0.629581484168832,-4.670655243369541,-0.168851750519814,-0.314504744634189,-0.476125411750554,0.555016077613860,0.515058552337074,-0.066220495878648,-0.649835892499137
974,1.857476119809538,-1.109527772528436,-2.877496240173291,-5.298711548936544,-4.056803877909218,1.388727662938944,0.031730373061298,0.150661062958425,0.360286984638519,-0.321005578627848,0.656554523907620,-0.118341448759382,-0.672225317235055
975,3.444240842750499,0.704954333647562,-1.288695204026369,4.587734268922311,4.455120854294840,-4.738201148433754,0.721401940737376,0.338975480383890,0.095271144501321,0.357283445184837,-0.108183588473647,0.924934122120261,-0.071705792788593
976,2.284739879397332,0.766957527217619,-1.219913760156112,-5.767675399898031,-1.069070552359420,-0.890783437920039,0.507416942539265,-0.307572479479080,-0.054702167627890,0.231641505045286,-0.351102410558684,0.591035438200529,0.688292395157280
977,-1.725802669332076,-2.565718176566678,1.430616969467430,1.630069111272004,3.917182043352067,3.621231905654128,-0.108183952224778,-0.286863004612727,0.695078079363998,-0.323734211300617,0.168532534533907,-0.552551398644624,0.749319622786575
978,1.105617786620471,-5.942450597931974,2.969444219708788,5.889798259698070,4.463874556852625,-1.106116122508075,0.059056108225690,-0.126225815764357,0.205837128900354,0.603413953337653,0.102863327922317,-0.617565473754842,0.493886244303411
979,-3.379882823789030,5.766678826457357,-1.090111816375691,-1.697798699887696,-3.130758129856075,3.603866773567914,0.338786678315750,-0.047298341842874,0.863485767028430,-0.693795928240803,-0.643243621312649,0.292163466326425,-0.139733183393207
980,-5.124997731531061,4.733647132903322,-0.201468861889722,4.110599237150005,1.500258644275998,-1.177188776643471,0.210401816442975,0.128918837109684,0.974211653782907,0.245709407351819,-0.861104647596091,-0.331621258255591,-0.296905732683304
981,-2.794267878489101,4.502658160596269,2.914600246653460,4.971965142241569,-1.855641829017906,-0.244825241520567,-0.035599434992981,0.099737262889110,0.108131947456290,-0.544565118776680,-0.712855345220362,0.276401581256252,0.344801760554587
982,0.760463654549107,-4.947544368929301,-2.094761484956724,5.201829361690040,5.144541482827456,-2.919746254440938,-0.243909217532015,-0.474797851040769,-0.041378209768203,-0.187277107186737,-0.856042310452483,0.452564055031352,-0.165241108482489
983,0.525184228628097,-5.958758858294260,1.650309418540041,-5.306705785411552,4.297026567010036,5.883795552479199,-0.229642300606128,-0.241304364876936,-0.217419731140355,-0.597432686987897,0.348588448199619,0.540292965301135,-0.479211633776049
984,5.875781248271453,-5.236206832624946,-1.268148040639327,2.196797374065865,-5.373203646559197,2.586656425857756,-0.510799617744929,0.007642169901014,-0.152202158478900,-0.276630348161131,-0.654526499177549,-0.659115684023813,0.246246273930092
985,1.339725633939868,4.101667516540511,-2.697933736106532,-2.751137449886663,-1.312505595673233,-1.854666421561284,0.178763149338343,0.063178358517845,0.008197994702029,-0.159958095390812,0.705121069319682,-0.688626267843376,0.054877577903147
986,1.013993352919905,3.481700507080093,-1.568439412423931,2.952918072608604,-0.609241015009306,4.482977532434031,0.417092170923368,0.261283458400962,-0.136328867333951,-0.239219070968731,0.485989118199369,-0.739297122188293,0.400035721155955
987,-3.978428179666787,-5.695568459283221,-0.400622969064097,5.580865392576223,-3.648335674046138,-5.655254174930692,0.590786308027386,-0.585396545761219,-0.208581454724228,0.739303681587964,0.456587719436243,-0.414653236007941,0.270222898213007
988,3.674051464937504,4.929399210803787,-0.738131187497395,2.755561714920594,5.844991229236236,-1.617267520396832,-0.285165236305175,0.092607287909710,0.865360004480154,-0.045667499775853,0.492052074694472,-0.356651915240843,-0.792842132210522
989,4.414175911113878,3.055898852353272,-2.372142561106464,2.278467148009366,1.882892489390626,0.827380394922977,-0.166618888078904,-0.190496440945909,-0.039588774999265,-0.280717334937647,-0.320329927131531,-0.694466645798922,0.579916022819000
990,4.821141905302483,6.090331573417549,2.484078289280690,-1.463716352390536,2.752347572103000,-2.738589873678712,-0.053236689992834,0.105416434747302,-0.145752520985791,0.423128866005606,-0.735799112554658,0.313526653158270,-0.425749534909861
991,-0.968791140786289,-5.322167544401777,2.046114394981224,2.733932659610771,-0.460046548484065,1.036442027310872,-0.109821785985967,-0.235014564595523,-0.346523612264384,-0.620803208658192,-0.666480653564868,0.412725828846730,0.008019024019166
992,0.112678854562511,-2.898304943810609,1.515291416970295,-5.887072357442082,2.067993963683351,-4.498975256107622,0.215808683510372,-0.062433840920385,0.668691704592021,-0.927428359551993,0.249380914167821,0.266753071516357,-0.080799730099242
993,-4.242624170008693,2.202815534030560,1.053049055979384,-4.782082634085782,-4.634393298336470,-0.568845736761319,-0.130179056217100,0.535229181686253,-0.040067641672150,-0.997722806444600,-0.038678345070968,0.022787274149529,0.050338129283052
994,2.832094464528319,-4.342134108883281,2.310580475607093,1.725879254999929,2.171408379632904,-1.458061367254536,-0.185292013728687,0.140602114944026,0.047383269782278,-0.749517816589970,-0.351625597039270,-0.502219787672756,0.249715371955578
995,2.153789887113422,-3.899464335387951,-1.082215653686946,-5.822602878049835,4.530280327183645,-0.258003121201544,-0.059527893899857,0.300775548636108,-0.391442333790144,-0.151805218225362,-0.043804927616225,-0.123768165111741,0.979651849046874
996,-3.315993908469299,1.304788085408928,-2.791055320152828,3.651857870802141,-2.231026865436680,-6.045462740120169,0.117250701421182,0.053130900917363,0.265002830865485,0.594481141456466,0.107587402671383,0.401649751361939,-0.688254749689340
997,-4.347261756052470,0.188949285994494,0.120850253503075,2.591433506906677,2.391953878305019,4.128847809383654,0.307028087847828,-0.632881429217049,0.044570378183582,0.599112312347745,0.013740478312552,-0.762176121174580,-0.244873838456361
998,-1.172237854433513,-1.044081220614551,-1.124252212208338,-3.756102422961686,0.728018870140208,-2.775159713570201,-0.200172572974126,-0.062269244293576,0.737476690953911,-0.356736740845558,0.746180563158006,0.245000670881257,-0.505893403953664
999,0.211928546012406,5.934196289759274,-2.581610281559324,3.873894799751589,-5.927566914297609,3.259934246787399,0.091344740189118,-0.213301339516494,0.303528324302601,0.294585643823083,0.395499319465361,0.696061555946801,-0.521821710058804
