target_index,variant,solver_status,success,pos_err_m,rot_err_rad,q1_rad,q2_rad,q3_rad,q4_rad,q5_rad,q6_rad
0,arm_cold,ok,true,0.000000186097536,0.000000118532189,-4.831444820156954,-2.152805643784838,1.817705591431228,-5.756547883607172,-5.202388252120654,-2.662240901180494
0,arm_restarts,ok,true,0.000000186097536,0.000000118532189,-4.831444820156954,-2.152805643784838,1.817705591431228,-5.756547883607172,-5.202388252120654,-2.662240901180494
0,k_cold,not_converged,false,,,,,,,,
0,k_restarts,ok,true,0.000089944066389,0.000088083795690,-4.831493302420141,-0.150148991147837,-2.383389176935118,-0.416501807566432,5.202406457063010,0.479418863045698
1,arm_cold,ok,true,0.000000043832940,0.000000321475947,-3.905292011412216,-1.247374980561967,2.677584993026198,-4.210823381972258,-2.018554735706938,-5.242334506424029
1,arm_restarts,ok,true,0.000000043832940,0.000000321475947,-3.905292011412216,-1.247374980561967,2.677584993026198,-4.210823381972258,-2.018554735706938,-5.242334506424029
1,k_cold,not_converged,false,,,,,,,,
1,k_restarts,ok,true,0.000057996945739,0.000153755502687,-3.905292314343902,1.091605844156093,-2.677730613681012,-1.194534059266764,4.264667849968078,1.040974507787082
2,arm_cold,ok,true,0.000003509528675,0.000023675758665,-3.296348946485469,-1.423649117508234,2.456313828877982,-0.248340880572159,-2.755748374051386,2.310278616432254
2,arm_restarts,ok,true,0.000003509528675,0.000023675758665,-3.296348946485469,-1.423649117508234,2.456313828877982,-0.248340880572159,-2.755748374051386,2.310278616432254
2,k_cold,ok,true,0.000066407902511,0.000361067610938,-3.296309179921366,-1.423778532420459,2.456506873677796,-0.248244054185207,-2.755974152188108,2.310205008801281
2,k_restarts,ok,true,0.000066407902511,0.000361067610938,-3.296309179921366,-1.423778532420459,2.456506873677796,-0.248244054185207,-2.755974152188108,2.310205008801281
3,arm_cold,ok,true,0.000008135706225,0.000008327784936,-3.438313305674110,0.965138586869851,0.737255788429610,0.979266149606452,1.291516044486368,-4.392677095040548
3,arm_restarts,ok,true,0.000008135706225,0.000008327784936,-3.438313305674110,0.965138586869851,0.737255788429610,0.979266149606452,1.291516044486368,-4.392677095040548
3,k_cold,not_converged,false,,,,,,,,
3,k_restarts,not_converged,false,,,,,,,,
4,arm_cold,ok,true,0.000002417803239,0.000001558473258,-2.103591701378904,-2.959135445903358,2.761975052565703,-1.412040433445329,-1.590910369689650,-0.009426892878741
4,arm_restarts,ok,true,0.000002417803239,0.000001558473258,-2.103591701378904,-2.959135445903358,2.761975052565703,-1.412040433445329,-1.590910369689650,-0.009426892878741
4,k_cold,ok,true,0.000064794375137,0.000064023318436,-2.102733886578324,-2.958237220100284,2.762071532830661,-1.413014135795309,-1.590942778475179,-0.008633433469084
4,k_restarts,ok,true,0.000064794375137,0.000064023318436,-2.102733886578324,-2.958237220100284,2.762071532830661,-1.413014135795309,-1.590942778475179,-0.008633433469084
5,arm_cold,ok,true,0.000000062358751,0.000000001714192,-3.640107947582250,-0.292261975906558,2.179371029853037,-4.243898754840490,-2.371561009066427,-4.272164448293050
5,arm_restarts,ok,true,0.000000062358751,0.000000001714192,-3.640107947582250,-0.292261975906558,2.179371029853037,-4.243898754840490,-2.371561009066427,-4.272164448293050
5,k_cold,not_converged,false,,,,,,,,
5,k_restarts,ok,true,0.000099672993588,0.000173300757763,2.643090366860426,-4.550408524835260,-2.179610596475899,-1.910144038393496,-2.371473529600693,2.010934086286281
6,arm_cold,ok,true,0.000003397408273,0.000000007411685,-1.299570975681253,0.482067247855514,0.542365789908432,-1.541306967487353,-2.009610462494890,0.198326166066200
6,arm_restarts,ok,true,0.000003397408273,0.000000007411685,-1.299570975681253,0.482067247855514,0.542365789908432,-1.541306967487353,-2.009610462494890,0.198326166066200
6,k_cold,ok,true,0.000096986440034,0.000035132817107,-1.299570637371942,0.481632102677192,0.543257197904053,-1.541800910808318,-2.009605978515900,0.198317294096183
6,k_restarts,ok,true,0.000096986440034,0.000035132817107,-1.299570637371942,0.481632102677192,0.543257197904053,-1.541800910808318,-2.009605978515900,0.198317294096183
7,arm_cold,ok,true,0.000078423290829,0.000001544985253,-2.840454492572642,-5.144079832826096,0.065098929329252,-5.404607453159076,5.092136725558790,-3.731246815349231
7,arm_restarts,ok,true,0.000078423290829,0.000001544985253,-2.840454492572642,-5.144079832826096,0.065098929329252,-5.404607453159076,5.092136725558790,-3.731246815349231
7,k_cold,not_converged,false,,,,,,,,
7,k_restarts,ok,true,0.000060653149079,0.000692181137802,1.351975275392217,-3.893019258289613,-1.246204933010689,-0.168169961190969,4.925314896469409,-1.474456196444166
8,arm_cold,ok,true,0.000058917183651,0.000000758593901,-1.433351339585183,-0.036387446851727,0.209895065620561,-2.258841267030142,-1.918704818976968,-0.778773416883552
8,arm_restarts,ok,true,0.000058917183651,0.000000758593901,-1.433351339585183,-0.036387446851727,0.209895065620561,-2.258841267030142,-1.918704818976968,-0.778773416883552
8,k_cold,ok,true,0.000089545878448,0.000066812912004,-1.433348764845636,-0.036726286082945,0.210567683220095,-2.259131069213382,-1.918714670432773,-0.778704218018688
8,k_restarts,ok,true,0.000089545878448,0.000066812912004,-1.433348764845636,-0.036726286082945,0.210567683220095,-2.259131069213382,-1.918714670432773,-0.778704218018688
9,arm_cold,ok,true,0.000024743146949,0.000000454794767,4.130687148132020,-5.092949447983703,0.194113156237412,-3.170858707549104,1.780547660350903,-1.860173310342118
9,arm_restarts,ok,true,0.000024743146949,0.000000454794767,4.130687148132020,-5.092949447983703,0.194113156237412,-3.170858707549104,1.780547660350903,-1.860173310342118
9,k_cold,not_converged,false,,,,,,,,
9,k_restarts,not_converged,false,,,,,,,,
10,arm_cold,not_converged,false,0.042530782253426,0.134411630913211,-0.586421476473001,-5.314267929188809,1.620451114450772,-0.504557649353648,-0.023171817355515,5.251010011246751
10,arm_restarts,ok,true,0.000000337857263,0.000000546877896,5.477604522248630,-5.184225915278375,1.971106190307515,-2.955223597102414,6.066880004093324,-5.208635104721329
10,k_cold,not_converged,false,,,,,,,,
10,k_restarts,not_converged,false,,,,,,,,
11,arm_cold,ok,true,0.000000573627162,0.000000002090351,-0.612040957046840,-3.081337054134427,0.777409881856687,-0.872279571955436,-1.629422524602901,1.855770950231975
11,arm_restarts,ok,true,0.000000573627162,0.000000002090351,-0.612040957046840,-3.081337054134427,0.777409881856687,-0.872279571955436,-1.629422524602901,1.855770950231975
11,k_cold,not_converged,false,,,,,,,,
11,k_restarts,not_converged,false,,,,,,,,
12,arm_cold,ok,true,0.000004796564769,0.000002204266850,-1.880690520727354,-3.226341167830105,2.453059612085690,-0.678955999306841,-3.164868779277684,-0.451266152871816
12,arm_restarts,ok,true,0.000004796564769,0.000002204266850,-1.880690520727354,-3.226341167830105,2.453059612085690,-0.678955999306841,-3.164868779277684,-0.451266152871816
12,k_cold,ok,true,0.000079737086467,0.000194260908531,-1.251323080724440,-2.491646685949204,2.315272817302270,0.215571889911883,-2.514752784149567,1.032739938527299
12,k_restarts,ok,true,0.000079737086467,0.000194260908531,-1.251323080724440,-2.491646685949204,2.315272817302270,0.215571889911883,-2.514752784149567,1.032739938527299
13,arm_cold,ok,true,0.000082490879633,0.000592030035112,-2.169624414841185,-2.264703763127311,2.735904352637265,0.255423515128569,-2.237325595266879,-0.212679484571946
13,arm_restarts,ok,true,0.000082490879633,0.000592030035112,-2.169624414841185,-2.264703763127311,2.735904352637265,0.255423515128569,-2.237325595266879,-0.212679484571946
13,k_cold,ok,true,0.000053515350469,0.000349759627659,-2.171755414195908,-2.265493106034142,2.736216659754932,0.257234651731124,-2.238747486931515,-0.210650173606565
13,k_restarts,ok,true,0.000053515350469,0.000349759627659,-2.171755414195908,-2.265493106034142,2.736216659754932,0.257234651731124,-2.238747486931515,-0.210650173606565
14,arm_cold,not_converged,false,0.440998866103951,0.609846449976345,6.283190000000000,2.323043301274056,1.185566912283283,6.077781624604029,-3.999373652788489,-0.921087222988961
14,arm_restarts,ok,true,0.000000179257917,0.000000003297237,-5.752973268862191,-3.484644706093320,0.797587490926286,-3.412826314043322,3.920495979147149,-4.048204916579800
14,k_cold,not_converged,false,,,,,,,,
14,k_restarts,not_converged,false,,,,,,,,
15,arm_cold,ok,true,0.000068097239495,0.000008188247116,-1.230815576080611,0.678255770685073,0.619228684081825,-4.815427606034195,-1.778684319618364,-0.744173499979634
15,arm_restarts,ok,true,0.000068097239495,0.000008188247116,-1.230815576080611,0.678255770685073,0.619228684081825,-4.815427606034195,-1.778684319618364,-0.744173499979634
15,k_cold,not_converged,false,,,,,,,,
15,k_restarts,ok,true,0.000083796442565,0.000322711679993,2.557317028936312,-4.809154216207773,1.559315214324878,-2.494507030235098,5.506284838226440,-4.207265974989897
16,arm_cold,not_converged,false,0.410100086252741,0.378389918607487,-3.560953910692324,-4.882604247641997,0.179590120702497,-3.953438314114247,-6.283190000000000,-4.282944576658821
16,arm_restarts,ok,true,0.000093614007206,0.000137007448419,-4.989072505496603,1.732603786635248,-1.158952733950144,-0.853893217893030,5.048568162645128,-0.485219723731885
16,k_cold,not_converged,false,,,,,,,,
16,k_restarts,ok,true,0.000074508247449,0.000227540524594,-4.989159981694040,1.732527505965056,-1.158874992393981,-0.853925893646912,5.048715693112550,-0.485158315414865
17,arm_cold,ok,true,0.000023876378307,0.000000179091273,-2.153120381287144,-1.554258971055898,0.446481816294126,0.015236842078328,0.941250105419492,-0.673430201671884
17,arm_restarts,ok,true,0.000023876378307,0.000000179091273,-2.153120381287144,-1.554258971055898,0.446481816294126,0.015236842078328,0.941250105419492,-0.673430201671884
17,k_cold,ok,true,0.000067141465951,0.000181205542459,-2.153136551871538,-1.554323682753767,0.446465925891010,0.015364363947070,0.941072703613925,-0.673488585567717
17,k_restarts,ok,true,0.000067141465951,0.000181205542459,-2.153136551871538,-1.554323682753767,0.446465925891010,0.015364363947070,0.941072703613925,-0.673488585567717
18,arm_cold,ok,true,0.000000025679611,0.000000085322757,-1.564471677450062,-0.330944695008897,2.043235719599096,1.876292881690870,-1.607042311071573,4.283343219329659
18,arm_restarts,ok,true,0.000000025679611,0.000000085322757,-1.564471677450062,-0.330944695008897,2.043235719599096,1.876292881690870,-1.607042311071573,4.283343219329659
18,k_cold,ok,true,0.000073868340321,0.000156118691929,-1.564458543069044,-0.331026954115042,2.043435974710229,-4.407026655353314,-1.607192536089646,-1.999766760450014
18,k_restarts,ok,true,0.000073868340321,0.000156118691929,-1.564458543069044,-0.331026954115042,2.043435974710229,-4.407026655353314,-1.607192536089646,-1.999766760450014
19,arm_cold,ok,true,0.000000059164342,0.000000001798981,-1.767956368620667,-1.574925272548811,1.416354128913943,-2.453585297325776,-2.129206218186154,2.395197735927062
19,arm_restarts,ok,true,0.000000059164342,0.000000001798981,-1.767956368620667,-1.574925272548811,1.416354128913943,-2.453585297325776,-2.129206218186154,2.395197735927062
19,k_cold,ok,true,0.000096822409287,0.000905214023610,-1.767960222192174,-1.575142239041027,1.416824149764987,-2.454492793416353,-2.128652940855319,2.394391297986314
19,k_restarts,ok,true,0.000096822409287,0.000905214023610,-1.767960222192174,-1.575142239041027,1.416824149764987,-2.454492793416353,-2.128652940855319,2.394391297986314
20,arm_cold,ok,true,0.000039711318828,0.000337584407807,0.921630102284054,-0.905530613523208,1.581360253724619,-0.853706698276261,-0.440707010622510,-0.216647262119678
20,arm_restarts,ok,true,0.000039711318828,0.000337584407807,0.921630102284054,-0.905530613523208,1.581360253724619,-0.853706698276261,-0.440707010622510,-0.216647262119678
20,k_cold,not_converged,false,,,,,,,,
20,k_restarts,ok,true,0.000072062758160,0.000147773195052,0.921645505794394,5.772743059178286,1.445713543186970,2.028963683673177,0.440788317943136,2.924361047608176
21,arm_cold,not_converged,false,0.182279841128173,1.780293773370566,0.226797628767701,-0.885751765203343,0.179200215225120,0.995232980741671,2.341511756034459,6.283190000000000
21,arm_restarts,not_converged,false,0.005671398046736,0.000034444617953,-6.060669689691208,-0.678403922978334,-0.041762661456886,4.160881477324458,3.952570296166961,-1.354960482952173
21,k_cold,not_converged,false,,,,,,,,
21,k_restarts,not_converged,false,,,,,,,,
22,arm_cold,ok,true,0.000000288637589,0.000002261866914,-0.374796354975157,-5.868414844033174,1.165201012916150,-5.133254018707331,0.536338298858910,0.521747426627751
22,arm_restarts,ok,true,0.000000288637589,0.000002261866914,-0.374796354975157,-5.868414844033174,1.165201012916150,-5.133254018707331,0.536338298858910,0.521747426627751
22,k_cold,not_converged,false,,,,,,,,
22,k_restarts,ok,true,0.000099839556769,0.000292513999094,5.908313667776613,-4.511003517572838,-1.865528113294712,-0.318453441203308,-0.536676316677777,3.663498468168062
23,arm_cold,ok,true,0.000000177603684,0.000001416904854,-2.443517786275756,-0.979629442791337,1.189456787504449,1.410278803969556,-2.059722863982838,1.245988924074046
23,arm_restarts,ok,true,0.000000177603684,0.000001416904854,-2.443517786275756,-0.979629442791337,1.189456787504449,1.410278803969556,-2.059722863982838,1.245988924074046
23,k_cold,ok,true,0.000052878535076,0.000791072260415,-2.443295971201202,-0.979655064154530,1.189485825461870,1.410520656203458,-2.060453713710004,1.245847518744997
23,k_restarts,ok,true,0.000052878535076,0.000791072260415,-2.443295971201202,-0.979655064154530,1.189485825461870,1.410520656203458,-2.060453713710004,1.245847518744997
24,arm_cold,ok,true,0.000027530357205,0.000000187724831,-6.177533972302896,-0.329703376295758,0.210019015090290,-0.420448314814406,0.206760196034861,-0.179969464617447
24,arm_restarts,ok,true,0.000027530357205,0.000000187724831,-6.177533972302896,-0.329703376295758,0.210019015090290,-0.420448314814406,0.206760196034861,-0.179969464617447
24,k_cold,not_converged,false,,,,,,,,
24,k_restarts,not_converged,false,,,,,,,,
25,arm_cold,ok,true,0.000076218974582,0.000059009726673,-6.234032704556814,-4.525900497484414,1.213604197195389,-4.852771646495989,-5.163582291426758,3.837910225520529
25,arm_restarts,ok,true,0.000076218974582,0.000059009726673,-6.234032704556814,-4.525900497484414,1.213604197195389,-4.852771646495989,-5.163582291426758,3.837910225520529
25,k_cold,not_converged,false,,,,,,,,
25,k_restarts,not_converged,false,,,,,,,,
26,arm_cold,not_converged,false,0.683152068305364,0.231254356710277,-3.869435828840019,-6.283190000000000,3.141500000000000,-6.283190000000000,1.686830490978255,0.398541055499105
26,arm_restarts,ok,true,0.000003022125415,0.000007559109479,-0.189741210478954,-2.649857174248880,1.013313517606235,-1.330874968338901,-1.986443060330005,0.301558344333538
26,k_cold,not_converged,false,,,,,,,,
26,k_restarts,not_converged,false,,,,,,,,
27,arm_cold,ok,true,0.000000411797865,0.000000724823491,-2.041864560560197,0.424944537140107,0.892349604003986,-3.324721315499937,-0.153533464215487,2.798139331714653
27,arm_restarts,ok,true,0.000000411797865,0.000000724823491,-2.041864560560197,0.424944537140107,0.892349604003986,-3.324721315499937,-0.153533464215487,2.798139331714653
27,k_cold,ok,true,0.000055840558976,0.000054402017060,-2.041868097844277,0.424810826622674,0.892674137921749,-3.324819391210525,-0.153484290279290,2.798024228056310
27,k_restarts,ok,true,0.000055840558976,0.000054402017060,-2.041868097844277,0.424810826622674,0.892674137921749,-3.324819391210525,-0.153484290279290,2.798024228056310
28,arm_cold,ok,true,0.000031186086746,0.000001430459755,-1.072290363822016,-0.789959345264104,1.179746441518388,-2.040291648067105,-1.394268942565178,0.884724280102423
28,arm_restarts,ok,true,0.000031186086746,0.000001430459755,-1.072290363822016,-0.789959345264104,1.179746441518388,-2.040291648067105,-1.394268942565178,0.884724280102423
28,k_cold,ok,true,0.000058978554818,0.000054801004133,-1.072302337072009,-0.790041126049374,1.179818990476125,-2.040251723491902,-1.394277848087689,0.884661639836828
28,k_restarts,ok,true,0.000058978554818,0.000054801004133,-1.072302337072009,-0.790041126049374,1.179818990476125,-2.040251723491902,-1.394277848087689,0.884661639836828
29,arm_cold,ok,true,0.000003966876764,0.000000240216381,-2.813560606563820,-0.002227507678784,1.451314266509709,-1.590562814735246,-4.596676240271370,-1.501530830857716
29,arm_restarts,ok,true,0.000003966876764,0.000000240216381,-2.813560606563820,-0.002227507678784,1.451314266509709,-1.590562814735246,-4.596676240271370,-1.501530830857716
29,k_cold,not_converged,false,,,,,,,,
29,k_restarts,not_converged,false,,,,,,,,
30,arm_cold,ok,true,0.000000099127741,0.000000408068054,-2.816450199113020,0.870866161188454,2.111725807897098,-2.827602601122177,-0.354941801470208,-0.746028182657471
30,arm_restarts,ok,true,0.000000099127741,0.000000408068054,-2.816450199113020,0.870866161188454,2.111725807897098,-2.827602601122177,-0.354941801470208,-0.746028182657471
30,k_cold,not_converged,false,,,,,,,,
30,k_restarts,not_converged,false,,,,,,,,
31,arm_cold,ok,true,0.000000127955710,0.000000637126262,-0.205576643225348,-2.778820483420767,2.611799292320006,-3.909799582701259,-4.197092280195323,-1.121862806996850
31,arm_restarts,ok,true,0.000000127955710,0.000000637126262,-0.205576643225348,-2.778820483420767,2.611799292320006,-3.909799582701259,-4.197092280195323,-1.121862806996850
31,k_cold,not_converged,false,,,,,,,,
31,k_restarts,ok,true,0.000073566339170,0.000112082652582,-5.292903037857862,-0.467653827622394,-2.276859959173786,1.920104703434906,5.017265673991880,2.922427819237216
32,arm_cold,ok,true,0.000000473653624,0.000000061820444,-3.348465347293316,-1.620630243508750,2.398655304319315,-0.781518561963155,-4.110031991792632,2.762494060634905
32,arm_restarts,ok,true,0.000000473653624,0.000000061820444,-3.348465347293316,-1.620630243508750,2.398655304319315,-0.781518561963155,-4.110031991792632,2.762494060634905
32,k_cold,not_converged,false,,,,,,,,
32,k_restarts,ok,true,0.000080781429351,0.000124609293230,2.934779454678672,-5.711977176049343,-2.398732109058727,1.824128123315193,-4.109991436807449,2.762642445811810
33,arm_cold,ok,true,0.000000050708138,0.000000304860178,-2.711999058695524,-5.170904901595825,1.557875005917468,-2.900155932745352,-2.009355937593019,-3.389011289393868
33,arm_restarts,ok,true,0.000000050708138,0.000000304860178,-2.711999058695524,-5.170904901595825,1.557875005917468,-2.900155932745352,-2.009355937593019,-3.389011289393868
33,k_cold,not_converged,false,,,,,,,,
33,k_restarts,ok,true,0.000074848021197,0.000536338230530,5.173761959439716,-4.123498216703767,-1.581283831346184,5.224607206975449,5.819325183499080,3.429240208026729
34,arm_cold,ok,true,0.000002125440382,0.000008696930023,-1.016987938621400,-3.169513363002035,1.641190778654372,-0.766625337219240,-1.694416500152049,-0.695030653520670
34,arm_restarts,ok,true,0.000002125440382,0.000008696930023,-1.016987938621400,-3.169513363002035,1.641190778654372,-0.766625337219240,-1.694416500152049,-0.695030653520670
34,k_cold,not_converged,false,,,,,,,,
34,k_restarts,ok,true,0.000060153198845,0.000097243918688,-4.923173988663712,-0.342459147360256,-1.612583186630496,1.029654007288080,4.337604286094279,1.855489228711374
35,arm_cold,not_converged,false,0.073329353375643,0.065397410751273,-3.736150126658486,-4.465918709557995,3.141500000000000,-3.412358633352744,0.249706653656455,1.009965276005332
35,arm_restarts,ok,true,0.000023483395494,0.000130158904660,-3.904036941854774,-6.068151623669863,2.884020718336141,5.356674059335891,0.304215501138177,-5.854711922340044
35,k_cold,not_converged,false,,,,,,,,
35,k_restarts,not_converged,false,,,,,,,,
36,arm_cold,not_converged,false,0.258633272753599,0.904108056337787,-1.607576562836405,-2.537885620353623,3.141500000000000,0.156007117047771,-2.001163525218735,0.391684758458759
36,arm_restarts,ok,true,0.000098428484349,0.000030572813568,4.763811410509412,-5.044526975737517,2.226777259504220,-1.841442860073955,4.279569156658614,-5.986796175529149
36,k_cold,not_converged,false,,,,,,,,
36,k_restarts,ok,true,0.000075135271770,0.000123671103895,4.763672310025879,-5.044791480627737,2.226794376761821,-1.841248229179796,4.279566284346564,-5.986715854591495
37,arm_cold,ok,true,0.000000338130553,0.000002658565212,-2.914017321858611,-1.882906873333563,1.512101138749147,-2.891782335468523,1.345934651528686,-0.573617820321847
37,arm_restarts,ok,true,0.000000338130553,0.000002658565212,-2.914017321858611,-1.882906873333563,1.512101138749147,-2.891782335468523,1.345934651528686,-0.573617820321847
37,k_cold,not_converged,false,,,,,,,,
37,k_restarts,not_converged,false,,,,,,,,
38,arm_cold,ok,true,0.000000100965564,0.000000391292300,0.235627773309034,-1.261780319082301,1.997253601577024,-1.964561258867003,-2.503839334557860,2.903365861596588
38,arm_restarts,ok,true,0.000000100965564,0.000000391292300,0.235627773309034,-1.261780319082301,1.997253601577024,-1.964561258867003,-2.503839334557860,2.903365861596588
38,k_cold,ok,true,0.000056346494905,0.000141166390062,0.235648002062295,-1.261907516837035,1.997446176406417,-1.964780407511280,-2.503905506954040,2.903310842302293
38,k_restarts,ok,true,0.000056346494905,0.000141166390062,0.235648002062295,-1.261907516837035,1.997446176406417,-1.964780407511280,-2.503905506954040,2.903310842302293
39,arm_cold,ok,true,0.000000103182162,0.000000071218134,-3.057182398311619,-2.113201312811012,2.722852160846188,-1.098615802602283,-1.109876399781171,-1.169966261616550
39,arm_restarts,ok,true,0.000000103182162,0.000000071218134,-3.057182398311619,-2.113201312811012,2.722852160846188,-1.098615802602283,-1.109876399781171,-1.169966261616550
39,k_cold,ok,true,0.000058527200740,0.000138555580472,-3.057156518477714,-2.113496467482489,2.722870756396192,-1.098304491087957,-1.109766333937885,-1.170072179185465
39,k_restarts,ok,true,0.000058527200740,0.000138555580472,-3.057156518477714,-2.113496467482489,2.722870756396192,-1.098304491087957,-1.109766333937885,-1.170072179185465
40,arm_cold,not_converged,false,0.000100957193043,0.000952163075581,-2.622214752939881,-3.848270250037418,0.716017341501642,-6.283190000000000,-0.360196372103050,1.906075449192993
40,arm_restarts,ok,true,0.000035711292162,0.000079985063435,-6.134650513786275,-0.051307875807711,0.885918370922226,-3.706133236146641,3.152649169004111,-4.099130905691662
40,k_cold,not_converged,false,,,,,,,,
40,k_restarts,ok,true,0.000051411031427,0.000244096528484,0.148530025629300,-5.775677223717695,-0.847255733645934,-5.673088379366906,-3.152652995939845,5.325602532863095
41,arm_cold,ok,true,0.000000031895461,0.000000081805602,3.031878831953645,-5.779352409553508,2.106745039502026,-4.693199491492265,-5.329319069950484,5.295967963155854
41,arm_restarts,ok,true,0.000000031895461,0.000000081805602,3.031878831953645,-5.779352409553508,2.106745039502026,-4.693199491492265,-5.329319069950484,5.295967963155854
41,k_cold,not_converged,false,,,,,,,,
41,k_restarts,not_converged,false,,,,,,,,
42,arm_cold,ok,true,0.000000148350427,0.000000200194889,1.591759252046539,-1.237459405686221,1.980077187054184,-1.629040002766936,-3.545909030322549,-4.472590175294187
42,arm_restarts,ok,true,0.000000148350427,0.000000200194889,1.591759252046539,-1.237459405686221,1.980077187054184,-1.629040002766936,-3.545909030322549,-4.472590175294187
42,k_cold,not_converged,false,,,,,,,,
42,k_restarts,ok,true,0.000064556499504,0.000299945255993,-4.691378478371404,5.528363278647795,1.554552406641099,-4.827501301066379,3.545631622080974,-1.330678081221608
43,arm_cold,ok,true,0.000001032568768,0.000004738884496,-3.062931271026699,-2.928894532422013,2.568210949443861,-1.616759051269870,0.779914888016055,1.844192642508369
43,arm_restarts,ok,true,0.000001032568768,0.000004738884496,-3.062931271026699,-2.928894532422013,2.568210949443861,-1.616759051269870,0.779914888016055,1.844192642508369
43,k_cold,ok,true,0.000061106227213,0.000314686141420,-3.686346367539917,-3.247020705348540,2.582127705104220,-1.687649900453607,1.143188217616564,2.474305611692705
43,k_restarts,ok,true,0.000061106227213,0.000314686141420,-3.686346367539917,-3.247020705348540,2.582127705104220,-1.687649900453607,1.143188217616564,2.474305611692705
44,arm_cold,ok,true,0.000002060026544,0.000009984339565,-1.016845112754039,-3.389410922496607,2.956987807238610,-0.501309978494813,-4.009534126109549,0.848716543710417
44,arm_restarts,ok,true,0.000002060026544,0.000009984339565,-1.016845112754039,-3.389410922496607,2.956987807238610,-0.501309978494813,-4.009534126109549,0.848716543710417
44,k_cold,not_converged,false,,,,,,,,
44,k_restarts,not_converged,false,,,,,,,,
45,arm_cold,not_converged,false,0.272601998412792,0.359126163276872,-6.283190000000000,-3.440622209196380,-0.625706594743086,-0.756616706353736,-2.017917855884364,-2.935964154335102
45,arm_restarts,not_converged,false,0.187970698886529,0.002533295569774,5.913676630462898,-3.717443485075042,0.189563330324142,1.838588425050657,2.021392149336110,-6.065690223539333
45,k_cold,not_converged,false,,,,,,,,
45,k_restarts,not_converged,false,,,,,,,,
46,arm_cold,ok,true,0.000000209922394,0.000000017370214,1.193127180047683,-0.777656401506784,1.394515246521048,5.837015881008815,1.496800220129204,-5.469187988982813
46,arm_restarts,ok,true,0.000000209922394,0.000000017370214,1.193127180047683,-0.777656401506784,1.394515246521048,5.837015881008815,1.496800220129204,-5.469187988982813
46,k_cold,not_converged,false,,,,,,,,
46,k_restarts,ok,true,0.000094549368609,0.000482446886247,-5.089988788911953,5.787008000287906,1.487127907452649,-3.961613763173316,4.785898549511557,-2.327590242622553
47,arm_cold,ok,true,0.000001488681734,0.000011074683669,-1.555308325472505,-2.795244450402637,1.844684355263794,0.702229160735829,0.793083347517994,-0.209365960019557
47,arm_restarts,ok,true,0.000001488681734,0.000011074683669,-1.555308325472505,-2.795244450402637,1.844684355263794,0.702229160735829,0.793083347517994,-0.209365960019557
47,k_cold,not_converged,false,,,,,,,,
47,k_restarts,ok,true,0.000097881193451,0.000779532954027,-6.172698245191211,0.075288851596615,-2.337629053989444,-1.148041895788561,3.858338364517399,2.551285092715654
48,arm_cold,ok,true,0.000000136551939,0.000000000276775,-4.749487000618467,-4.293898442459299,0.877362398049917,3.571362470691863,-2.359727861112488,-1.293999040242608
48,arm_restarts,ok,true,0.000000136551939,0.000000000276775,-4.749487000618467,-4.293898442459299,0.877362398049917,3.571362470691863,-2.359727861112488,-1.293999040242608
48,k_cold,ok,true,0.000062504249128,0.000158275242466,4.209878184745765,-5.976360648374326,0.935399093372066,-1.586133285102529,-5.954919500515490,5.205693941098650
48,k_restarts,ok,true,0.000062504249128,0.000158275242466,4.209878184745765,-5.976360648374326,0.935399093372066,-1.586133285102529,-5.954919500515490,5.205693941098650
49,arm_cold,ok,true,0.000009023995373,0.000026535217589,-1.021482840498392,-3.123680578764762,2.267072048070949,-0.935342142734470,-1.296773791885429,2.548321115081262
49,arm_restarts,ok,true,0.000009023995373,0.000026535217589,-1.021482840498392,-3.123680578764762,2.267072048070949,-0.935342142734470,-1.296773791885429,2.548321115081262
49,k_cold,ok,true,0.000085523576031,0.000306686610434,-1.021451588434627,-3.123836237171922,2.267128974755322,-0.935055797984083,-1.296557305431205,2.548394537961638
49,k_restarts,ok,true,0.000085523576031,0.000306686610434,-1.021451588434627,-3.123836237171922,2.267128974755322,-0.935055797984083,-1.296557305431205,2.548394537961638
50,arm_cold,ok,true,0.000002066921360,0.000000004239807,-1.438165793696448,-0.054952247108444,0.354640083210926,-1.399436291985998,-2.172002701407345,-2.697198689697514
50,arm_restarts,ok,true,0.000002066921360,0.000000004239807,-1.438165793696448,-0.054952247108444,0.354640083210926,-1.399436291985998,-2.172002701407345,-2.697198689697514
50,k_cold,ok,true,0.000059598578582,0.000211590317886,-1.438164160411953,-0.055217698911506,0.355111315348521,-1.399469107674145,-2.171948694332113,-2.696951936615270
50,k_restarts,ok,true,0.000059598578582,0.000211590317886,-1.438164160411953,-0.055217698911506,0.355111315348521,-1.399469107674145,-2.171948694332113,-2.696951936615270
51,arm_cold,ok,true,0.000003545974438,0.000012876048373,-1.756304312697355,-0.183014180392620,0.892815420705303,-0.332906879819752,-2.559227590029801,-1.483353668297139
51,arm_restarts,ok,true,0.000003545974438,0.000012876048373,-1.756304312697355,-0.183014180392620,0.892815420705303,-0.332906879819752,-2.559227590029801,-1.483353668297139
51,k_cold,ok,true,0.000084320109136,0.000496442995066,-1.756292171320985,-0.183308952913992,0.893225842467513,-0.333535286932159,-2.558800468881670,-1.483869168977389
51,k_restarts,ok,true,0.000084320109136,0.000496442995066,-1.756292171320985,-0.183308952913992,0.893225842467513,-0.333535286932159,-2.558800468881670,-1.483869168977389
52,arm_cold,ok,true,0.000002681431683,0.000000276117504,-0.703089215951977,-3.293188975716332,1.958283228713844,-0.418796843142668,-1.617669512172719,1.991698635898163
52,arm_restarts,ok,true,0.000002681431683,0.000000276117504,-0.703089215951977,-3.293188975716332,1.958283228713844,-0.418796843142668,-1.617669512172719,1.991698635898163
52,k_cold,not_converged,false,,,,,,,,
52,k_restarts,ok,true,0.000050539110386,0.000204832500832,-4.899040654848579,4.595228431616810,1.946251151243837,-4.838815497776875,-4.577076931521892,0.950479537167416
53,arm_cold,ok,true,0.000012757378531,0.000007126487521,-0.524836540107419,-2.880598151936529,1.160790013369621,-0.673644892288962,-3.942162066363209,-1.350461677258301
53,arm_restarts,ok,true,0.000012757378531,0.000007126487521,-0.524836540107419,-2.880598151936529,1.160790013369621,-0.673644892288962,-3.942162066363209,-1.350461677258301
53,k_cold,not_converged,false,,,,,,,,
53,k_restarts,ok,true,0.000056165200784,0.000226628177090,-4.311858083332852,5.069628203308334,0.758865916122562,2.028217369420959,5.773261622974161,-0.356666859697722
54,arm_cold,ok,true,0.000079558090740,0.000001102842613,-1.042125910651647,-1.144895576711613,0.711608921151729,-0.250734120203237,-3.914812380631145,0.983569508413474
54,arm_restarts,ok,true,0.000079558090740,0.000001102842613,-1.042125910651647,-1.144895576711613,0.711608921151729,-0.250734120203237,-3.914812380631145,0.983569508413474
54,k_cold,ok,true,0.000082614019982,0.000203500107432,-1.042095160812495,-0.875857190161635,0.695935092957326,-3.645732018818500,-2.368599351766116,-2.158062130781632
54,k_restarts,ok,true,0.000082614019982,0.000203500107432,-1.042095160812495,-0.875857190161635,0.695935092957326,-3.645732018818500,-2.368599351766116,-2.158062130781632
55,arm_cold,ok,true,0.000011393725969,0.000052978789077,-2.146990902125191,-5.053697446612684,1.023466049214840,-1.901601306350406,1.912391022947378,1.965009244508841
55,arm_restarts,ok,true,0.000011393725969,0.000052978789077,-2.146990902125191,-5.053697446612684,1.023466049214840,-1.901601306350406,1.912391022947378,1.965009244508841
55,k_cold,not_converged,false,,,,,,,,
55,k_restarts,not_converged,false,,,,,,,,
56,arm_cold,ok,true,0.000001274932593,0.000008100681269,-3.535121416875148,-5.560711688431669,1.554806782029154,-3.469450531335466,-4.426057097420137,-4.043687728065465
56,arm_restarts,ok,true,0.000001274932593,0.000008100681269,-3.535121416875148,-5.560711688431669,1.554806782029154,-3.469450531335466,-4.426057097420137,-4.043687728065465
56,k_cold,not_converged,false,,,,,,,,
56,k_restarts,ok,true,0.000034529145444,0.000511652111254,-3.535066312962635,-5.597391320888383,1.087299136386014,0.176631057511461,-1.857551846504190,-0.902102421585021
57,arm_cold,ok,true,0.000005257901626,0.000004916429319,0.117777818504815,-5.824204175687327,2.967431377751101,-3.164883107880794,-5.060595626523477,0.206641667726357
57,arm_restarts,ok,true,0.000005257901626,0.000004916429319,0.117777818504815,-5.824204175687327,2.967431377751101,-3.164883107880794,-5.060595626523477,0.206641667726357
57,k_cold,not_converged,false,,,,,,,,
57,k_restarts,ok,true,0.000084381693114,0.000110949036974,-6.164536598333139,2.857907411883354,-2.458773044278633,-3.279374466129326,5.059812583913668,3.348503106902033
58,arm_cold,not_converged,false,0.091518156917557,0.052249195763920,-2.797693515876264,-3.212722864543388,0.416124857129232,-5.060240787133020,-0.411967653037680,3.691107249179273
58,arm_restarts,ok,true,0.000000085310234,0.000000013923477,3.475955357906329,-3.513754592856149,1.101194813642573,3.932605388018293,-5.871058637409435,-5.737768431148448
58,k_cold,ok,true,0.000080122415936,0.000103549714849,-0.002455573560296,-0.561793730426540,1.046730220519569,-2.672582217449901,-2.629011387279523,-0.192918868108183
58,k_restarts,ok,true,0.000080122415936,0.000103549714849,-0.002455573560296,-0.561793730426540,1.046730220519569,-2.672582217449901,-2.629011387279523,-0.192918868108183
59,arm_cold,not_converged,false,0.706333351977929,1.769143125608614,-4.168834312697252,-6.283190000000000,1.750116143082147,5.851422382409837,6.283190000000000,-0.639362831009850
59,arm_restarts,ok,true,0.000005660452005,0.000000711639021,-1.287913017099825,2.151953307527511,1.221137493974009,5.123278865677905,-4.498469293872224,1.691932533524523
59,k_cold,not_converged,false,,,,,,,,
59,k_restarts,ok,true,0.000052321803488,0.000159601526680,-4.810545822901759,0.998614008240350,-1.258927906597760,-1.846246848204696,5.140152769739116,1.358704405989315
60,arm_cold,ok,true,0.000015471615295,0.000024635350559,-3.707548370494791,-5.287154709149560,2.568592280362650,-2.143638177743940,-0.480707264680614,2.992597687355962
60,arm_restarts,ok,true,0.000015471615295,0.000024635350559,-3.707548370494791,-5.287154709149560,2.568592280362650,-2.143638177743940,-0.480707264680614,2.992597687355962
60,k_cold,not_converged,false,,,,,,,,
60,k_restarts,ok,true,0.000078323078118,0.000295688412382,2.575694403292546,-5.287465096471383,2.568371888170461,-2.142489082244953,5.802627447796684,-3.291235256567924
61,arm_cold,not_converged,false,0.070822567081460,0.100293799793306,-2.905168934589684,-2.749117387916625,3.141500000000000,-2.098758409490085,-1.646275887380888,1.552793253799184
61,arm_restarts,ok,true,0.000010846410608,0.000037147270461,3.354697337243200,-4.783373533465862,2.996372337841962,0.179176744708844,4.637581970553525,-4.738762806196635
61,k_cold,not_converged,false,,,,,,,,
61,k_restarts,ok,true,0.000057482010948,0.000362730596613,2.692575582002605,-4.613346162732777,2.774455614708494,0.192918342748353,4.675808466505526,-5.400763500121720
62,arm_cold,not_converged,false,0.005365749267951,0.341288931029159,-1.585378899053076,-1.942078730554441,-0.530460676580436,-1.017148594888010,1.951309696065876,6.283190000000000
62,arm_restarts,ok,true,0.000007775095353,0.000000054818605,4.698371538377061,-2.461159504094176,0.541834919392323,4.704273601227513,-4.330008793426599,-5.944994221717232
62,k_cold,not_converged,false,,,,,,,,
62,k_restarts,ok,true,0.000054722744580,0.000082694097292,-5.250958195917707,-0.688018922468667,-0.568695715347609,-1.364787412217962,5.573173248966274,0.066670038063220
63,arm_cold,ok,true,0.000000439289603,0.000000065101569,0.949680569251361,-1.775973573930079,2.445647169593649,-1.107373419136638,-1.261793296648554,-0.312498192888881
63,arm_restarts,ok,true,0.000000439289603,0.000000065101569,0.949680569251361,-1.775973573930079,2.445647169593649,-1.107373419136638,-1.261793296648554,-0.312498192888881
63,k_cold,not_converged,false,,,,,,,,
63,k_restarts,ok,true,0.000056838007171,0.000053795277048,5.033296193854904,-3.643432602429954,2.588720051775159,2.050857693468326,2.639700577724764,0.480703626230653
64,arm_cold,not_converged,false,0.145155535048820,0.260952861705795,-3.043296916477741,-2.260617722417536,3.141500000000000,-1.349303691560468,-3.620331975979002,1.385163736778344
64,arm_restarts,ok,true,0.000001718526051,0.000023617964083,-2.399690154115323,1.935396895821064,-3.004914201990390,1.593902258451572,3.335839691779743,-4.197977807134597
64,k_cold,ok,true,0.000051796518769,0.000117629590307,-2.202229018958480,-0.082210041305826,3.022999334706256,-2.676038187746229,-2.763532855670856,1.815797090081923
64,k_restarts,ok,true,0.000051796518769,0.000117629590307,-2.202229018958480,-0.082210041305826,3.022999334706256,-2.676038187746229,-2.763532855670856,1.815797090081923
65,arm_cold,not_converged,false,0.148753046388345,0.015270861778849,-2.186323189004508,-4.426258694747615,0.243606597024666,-5.514762588712334,1.640703347767519,4.220407396564748
65,arm_restarts,ok,true,0.000001283956704,0.000000004069291,4.089717900738097,-4.243899739580992,0.185644361641091,-2.512585153439759,4.632003344066295,-5.206932623361230
65,k_cold,not_converged,false,,,,,,,,
65,k_restarts,ok,true,0.000066097301979,0.000097205607056,4.089698557864503,-4.244685712886799,0.187243306780108,-2.513388692176918,4.632019358620366,-5.207027653759645
66,arm_cold,not_converged,false,0.111264729384815,0.040784960013113,-4.702165793013891,-4.538291059609747,0.394011500449218,2.481598982342536,-0.476925252843459,1.825253316771041
66,arm_restarts,ok,true,0.000000116022880,0.000000019485696,1.731153396749857,-4.673613663050299,0.154283615321533,-0.568167505152288,0.510996277512790,-0.957509316998735
66,k_cold,not_converged,false,,,,,,,,
66,k_restarts,not_converged,false,,,,,,,,
67,arm_cold,ok,true,0.000000225201182,0.000002192518621,-5.250246089018419,-5.045501156865925,2.033127505498365,-5.864067219173620,-2.506641241828532,0.252479766072577
67,arm_restarts,ok,true,0.000000225201182,0.000002192518621,-5.250246089018419,-5.045501156865925,2.033127505498365,-5.864067219173620,-2.506641241828532,0.252479766072577
67,k_cold,not_converged,false,,,,,,,,
67,k_restarts,not_converged,false,,,,,,,,
68,arm_cold,ok,true,0.000062023950813,0.000138456553306,-0.270982563262123,-3.732821015489581,2.615530105148699,-0.411401789907460,-1.294642943224944,1.322923689516049
68,arm_restarts,ok,true,0.000062023950813,0.000138456553306,-0.270982563262123,-3.732821015489581,2.615530105148699,-0.411401789907460,-1.294642943224944,1.322923689516049
68,k_cold,not_converged,false,,,,,,,,
68,k_restarts,not_converged,false,,,,,,,,
69,arm_cold,ok,true,0.000005166663987,0.000003717406535,5.017034890072604,-4.412912675275146,1.840752517860924,-2.359310496434116,-5.132162410530811,5.722581617233341
69,arm_restarts,ok,true,0.000005166663987,0.000003717406535,5.017034890072604,-4.412912675275146,1.840752517860924,-2.359310496434116,-5.132162410530811,5.722581617233341
69,k_cold,not_converged,false,,,,,,,,
69,k_restarts,ok,true,0.000057069718293,0.000328256323360,-4.883065675251436,1.305071857018561,-1.818379549534280,-1.068978962065370,4.241864842470265,5.197421118640160
70,arm_cold,ok,true,0.000075494050106,0.000007084514130,-3.007506704255270,-1.643779073288233,3.046543705364882,-1.430040197402362,-2.605084156925540,-2.048012713406449
70,arm_restarts,ok,true,0.000075494050106,0.000007084514130,-3.007506704255270,-1.643779073288233,3.046543705364882,-1.430040197402362,-2.605084156925540,-2.048012713406449
70,k_cold,ok,true,0.000089040772745,0.000253696561793,-3.007190738212569,-1.643794132216376,3.046450901778539,-1.430038899474505,-2.604519743401991,-2.048126399678746
70,k_restarts,ok,true,0.000089040772745,0.000253696561793,-3.007190738212569,-1.643794132216376,3.046450901778539,-1.430038899474505,-2.604519743401991,-2.048126399678746
71,arm_cold,ok,true,0.000000066149824,0.000000223626224,-0.816443216668637,-3.208253527154480,2.046555847024017,-3.540339323624715,-3.619365673500004,-1.586543770000235
71,arm_restarts,ok,true,0.000000066149824,0.000000223626224,-0.816443216668637,-3.208253527154480,2.046555847024017,-3.540339323624715,-3.619365673500004,-1.586543770000235
71,k_cold,not_converged,false,,,,,,,,
71,k_restarts,ok,true,0.000089727802350,0.000488300143315,-4.656258296968450,4.889429205739696,1.824747726548174,-4.253449910382191,-5.464799333354430,-5.804596471720266
72,arm_cold,ok,true,0.000000065622297,0.000000211066723,-1.722044161930723,-3.514925519033614,2.397990456990521,2.661163366795630,-2.847122614226832,0.534484097081541
72,arm_restarts,ok,true,0.000000065622297,0.000000211066723,-1.722044161930723,-3.514925519033614,2.397990456990521,2.661163366795630,-2.847122614226832,0.534484097081541
72,k_cold,not_converged,false,,,,,,,,
72,k_restarts,ok,true,0.000088667450474,0.000312621378519,-5.648270787844094,4.704755073388370,1.939414913241160,0.047108708553481,5.464014128034874,-1.295665629462704
73,arm_cold,ok,true,0.000049036910588,0.000028388521475,-2.109699271827488,-2.317956807249892,0.670479664184324,0.480447953350807,-1.732313953504457,2.293853471739093
73,arm_restarts,ok,true,0.000049036910588,0.000028388521475,-2.109699271827488,-2.317956807249892,0.670479664184324,0.480447953350807,-1.732313953504457,2.293853471739093
73,k_cold,ok,true,0.000050085606645,0.000307217044762,-0.035121493493031,-1.960977726889021,1.217819312113274,-0.878473576461334,-1.140180961720965,4.346321464408505
73,k_restarts,ok,true,0.000050085606645,0.000307217044762,-0.035121493493031,-1.960977726889021,1.217819312113274,-0.878473576461334,-1.140180961720965,4.346321464408505
74,arm_cold,not_converged,false,0.609124420701859,1.076097009840474,-6.283190000000000,6.283190000000000,1.457087692812957,1.532869523345943,4.977030901854412,2.742157522241988
74,arm_restarts,ok,true,0.000066268296595,0.000000259377779,-3.289497066615253,-4.312875284726128,0.026056197154938,0.461831573034105,1.299699678252393,-3.457236144274830
74,k_cold,not_converged,false,,,,,,,,
74,k_restarts,not_converged,false,,,,,,,,
75,arm_cold,ok,true,0.000000354109475,0.000001225841784,-2.202179042116900,0.355985060381678,1.787289546449667,-1.415309023862301,-0.509799179580146,-0.335339760605025
75,arm_restarts,ok,true,0.000000354109475,0.000001225841784,-2.202179042116900,0.355985060381678,1.787289546449667,-1.415309023862301,-0.509799179580146,-0.335339760605025
75,k_cold,not_converged,false,,,,,,,,
75,k_restarts,ok,true,0.000089274700388,0.000529450135349,2.625377873955534,-5.433947698477936,1.929639250725471,-2.435253423884967,4.447689693937486,-5.864225402751146
76,arm_cold,not_converged,false,0.001036735277916,0.485060215230265,1.749775062856816,0.463764829900075,0.530856040142322,-4.033592300201409,4.931990814540151,-6.283190000000000
76,arm_restarts,ok,true,0.000095237009091,0.000015354426836,5.328695114409639,-3.608962557264587,-0.523510145615816,0.897489207672091,1.361403214383286,5.840744544025805
76,k_cold,not_converged,false,,,,,,,,
76,k_restarts,not_converged,false,,,,,,,,
77,arm_cold,ok,true,0.000000782577855,0.000001435598971,-5.443094679526114,1.043713908218646,1.173855867974038,-2.043564965744570,-2.314061818245969,2.066443123933046
77,arm_restarts,ok,true,0.000000782577855,0.000001435598971,-5.443094679526114,1.043713908218646,1.173855867974038,-2.043564965744570,-2.314061818245969,2.066443123933046
77,k_cold,not_converged,false,,,,,,,,
77,k_restarts,ok,true,0.000063449471183,0.000072855296177,-4.866311539359583,2.051526395363174,-1.169729035324837,-0.752105727422998,4.539772026882086,1.970413654380470
78,arm_cold,ok,true,0.000010446598305,0.000000124813351,-1.728806350046516,-3.650772812308932,0.771217848783609,-0.381209875802724,0.716873222749578,1.008965558880046
78,arm_restarts,ok,true,0.000010446598305,0.000000124813351,-1.728806350046516,-3.650772812308932,0.771217848783609,-0.381209875802724,0.716873222749578,1.008965558880046
78,k_cold,not_converged,false,,,,,,,,
78,k_restarts,ok,true,0.000091938243980,0.000701961113827,-5.218707364045930,0.500089873763487,-0.752481020106670,-2.799168924668198,4.204837526844236,0.963289948884282
79,arm_cold,ok,true,0.000000652706599,0.000001421983962,-2.818003931661933,-1.397312360930397,1.242297036480209,-3.251120381261662,-0.471116295938297,-1.739442873583861
79,arm_restarts,ok,true,0.000000652706599,0.000001421983962,-2.818003931661933,-1.397312360930397,1.242297036480209,-3.251120381261662,-0.471116295938297,-1.739442873583861
79,k_cold,ok,true,0.000066347705702,0.000192580376990,-2.818025313610085,-1.397537792743591,1.242679830517788,-3.251068447306428,-0.471258804276277,-1.739612752550987
79,k_restarts,ok,true,0.000066347705702,0.000192580376990,-2.818025313610085,-1.397537792743591,1.242679830517788,-3.251068447306428,-0.471258804276277,-1.739612752550987
80,arm_cold,not_converged,false,0.091525715141898,0.018590639166446,-1.647262481388410,0.973105008125479,-0.303233208075977,-5.579195230086531,-1.786862070006678,4.663016523035915
80,arm_restarts,not_converged,false,0.007754962402932,0.000061908335094,-4.266800623964675,2.130136795846810,-0.068720780772256,-0.198778938351543,4.794503736957976,-5.268458399681826
80,k_cold,not_converged,false,,,,,,,,
80,k_restarts,not_converged,false,,,,,,,,
81,arm_cold,not_converged,false,0.480542339283940,1.236851017215169,-6.283190000000000,-4.427080264892885,1.106754652081176,1.046310796241705,4.277600385574875,-3.475746909344532
81,arm_restarts,ok,true,0.000012044001482,0.000001927804855,-4.555925756408227,6.254068686028987,1.182487556537750,-1.968490760478241,5.028702969207168,-0.476337445448309
81,k_cold,not_converged,false,,,,,,,,
81,k_restarts,ok,true,0.000089832547645,0.000429750608666,-4.556073883149954,1.099214143017324,-1.182707142504503,-0.731474944829083,5.028972177319079,-0.476298771194863
82,arm_cold,ok,true,0.000009773599767,0.000134994320839,-0.246800879466565,-2.945457223050926,2.068939278014106,-0.346634316167289,-2.228798075524966,-0.747176421286722
82,arm_restarts,ok,true,0.000009773599767,0.000134994320839,-0.246800879466565,-2.945457223050926,2.068939278014106,-0.346634316167289,-2.228798075524966,-0.747176421286722
82,k_cold,not_converged,false,,,,,,,,
82,k_restarts,ok,true,0.000071203157452,0.000109962514388,-5.543566984645500,-0.608377212426834,-2.075188806815850,1.837530351000633,4.599575630050951,0.162346497999301
83,arm_cold,ok,true,0.000004672686188,0.000033519497626,0.641864461266916,-2.384719186194077,2.053217696962962,-1.005012692650115,-1.775509461040522,-0.457278546210637
83,arm_restarts,ok,true,0.000004672686188,0.000033519497626,0.641864461266916,-2.384719186194077,2.053217696962962,-1.005012692650115,-1.775509461040522,-0.457278546210637
83,k_cold,ok,true,0.000088305778312,0.000367717424784,0.641957035797501,-2.384996236234635,2.053539435539857,-1.005425104206126,-1.775459093741055,-0.457265937353908
83,k_restarts,ok,true,0.000088305778312,0.000367717424784,0.641957035797501,-2.384996236234635,2.053539435539857,-1.005425104206126,-1.775459093741055,-0.457265937353908
84,arm_cold,ok,true,0.000002922082279,0.000000020781623,-4.534679997957274,-4.847719256392792,0.336991163099100,-3.458830176111308,0.911514171636606,2.770233430170412
84,arm_restarts,ok,true,0.000002922082279,0.000000020781623,-4.534679997957274,-4.847719256392792,0.336991163099100,-3.458830176111308,0.911514171636606,2.770233430170412
84,k_cold,not_converged,false,,,,,,,,
84,k_restarts,ok,true,0.000056127992128,0.000120434511060,-5.590699022197433,2.002080923313477,-0.908486121370578,-0.157469839233757,4.936598952572410,0.718914578948867
85,arm_cold,ok,true,0.000002741184491,0.000000003204762,-2.088181094178167,-2.219344963554212,0.300703693964764,2.638764214437271,-4.317772454500486,4.065876486506450
85,arm_restarts,ok,true,0.000002741184491,0.000000003204762,-2.088181094178167,-2.219344963554212,0.300703693964764,2.638764214437271,-4.317772454500486,4.065876486506450
85,k_cold,not_converged,false,,,,,,,,
85,k_restarts,ok,true,0.000093141199148,0.000203719862695,-5.801065098273485,5.094844450402299,0.772231105193682,-3.380991738067593,-4.660518064560383,-5.723836021436298
86,arm_cold,ok,true,0.000001130653444,0.000000005970397,-5.125949731624771,-5.444555623167393,0.290673912671947,-2.318678241891289,5.528881979591800,-4.869420887814434
86,arm_restarts,ok,true,0.000001130653444,0.000000005970397,-5.125949731624771,-5.444555623167393,0.290673912671947,-2.318678241891289,5.528881979591800,-4.869420887814434
86,k_cold,not_converged,false,,,,,,,,
86,k_restarts,ok,true,0.000072407627254,0.000026560551567,-5.125969927958885,1.118042240365801,-0.291874728384732,-2.015551019188779,5.528886315024987,1.413771299346095
87,arm_cold,ok,true,0.000004234645620,0.000005378105676,-2.025509644053413,-0.133526284555796,3.087479999281660,-5.332029838623124,-2.498335070387092,-1.983365192759517
87,arm_restarts,ok,true,0.000004234645620,0.000005378105676,-2.025509644053413,-0.133526284555796,3.087479999281660,-5.332029838623124,-2.498335070387092,-1.983365192759517
87,k_cold,not_converged,false,,,,,,,,
87,k_restarts,ok,true,0.000078547352845,0.000288591886657,-2.024967152747650,4.492681290901575,2.611426959399995,-0.057174915749059,2.498960145016001,-5.124524742783435
88,arm_cold,ok,true,0.000003320529358,0.000002921180400,-1.949342207266320,-1.252128985190027,2.587098359975090,-4.384215405983724,-1.666726023982437,-0.050130034351398
88,arm_restarts,ok,true,0.000003320529358,0.000002921180400,-1.949342207266320,-1.252128985190027,2.587098359975090,-4.384215405983724,-1.666726023982437,-0.050130034351398
88,k_cold,ok,true,0.000050358782108,0.000185616165372,-1.949289466342631,-1.252339745240117,2.587223342319567,-4.383955830074485,-1.666769646198036,-0.050173326505667
88,k_restarts,ok,true,0.000050358782108,0.000185616165372,-1.949289466342631,-1.252339745240117,2.587223342319567,-4.383955830074485,-1.666769646198036,-0.050173326505667
89,arm_cold,ok,true,0.000000017873212,0.000000000124154,-1.473419361152764,-1.026107807011552,2.026331633481148,-2.242752161870858,-1.742144662288308,2.736431787834546
89,arm_restarts,ok,true,0.000000017873212,0.000000000124154,-1.473419361152764,-1.026107807011552,2.026331633481148,-2.242752161870858,-1.742144662288308,2.736431787834546
89,k_cold,ok,true,0.000056014628981,0.000328615974157,-1.473398691057731,-1.026247726241913,2.026404138601568,-2.242714856863230,-1.742283112469146,2.736152945167778
89,k_restarts,ok,true,0.000056014628981,0.000328615974157,-1.473398691057731,-1.026247726241913,2.026404138601568,-2.242714856863230,-1.742283112469146,2.736152945167778
90,arm_cold,not_converged,false,0.002353144061806,0.000507456624711,-3.385396113447620,-4.079597344163312,3.141500000000000,-3.887313039347581,0.097404778877518,1.375748148903900
90,arm_restarts,ok,true,0.000016503055158,0.000011771928324,-3.392091598784230,-4.781807708665776,3.089090611561885,3.219277510415928,0.096878002288491,-4.977063975249869
90,k_cold,not_converged,false,,,,,,,,
90,k_restarts,not_converged,false,,,,,,,,
91,arm_cold,ok,true,0.000000097465175,0.000000000088652,-1.556793001676501,0.381122548473131,0.729701758300060,-1.816659432411239,-4.480167479226849,-0.719940527643663
91,arm_restarts,ok,true,0.000000097465175,0.000000000088652,-1.556793001676501,0.381122548473131,0.729701758300060,-1.816659432411239,-4.480167479226849,-0.719940527643663
91,k_cold,not_converged,false,,,,,,,,
91,k_restarts,not_converged,false,,,,,,,,
92,arm_cold,ok,true,0.000048453881888,0.000076256015341,1.078893926440571,1.380958142868772,2.751356184455322,-3.607918775434202,-1.178402094700084,0.698926068651195
92,arm_restarts,ok,true,0.000048453881888,0.000076256015341,1.078893926440571,1.380958142868772,2.751356184455322,-3.607918775434202,-1.178402094700084,0.698926068651195
92,k_cold,not_converged,false,,,,,,,,
92,k_restarts,ok,true,0.000087111770743,0.000245758160134,-3.317527801623005,6.050188837498255,2.248277000631973,-5.803876767584018,-0.874380297200009,-1.773681841696934
93,arm_cold,ok,true,0.000031222585188,0.000016190413056,-3.611560897369785,-1.711836984555565,1.535376443636843,3.134803430398877,-2.342420390582687,4.534481718491163
93,arm_restarts,ok,true,0.000031222585188,0.000016190413056,-3.611560897369785,-1.711836984555565,1.535376443636843,3.134803430398877,-2.342420390582687,4.534481718491163
93,k_cold,not_converged,false,,,,,,,,
93,k_restarts,not_converged,false,,,,,,,,
94,arm_cold,ok,true,0.000007947376112,0.000000027614304,-1.460349723917014,-1.460322032561816,0.215339543689459,-0.618818249000679,-1.167262819887499,-0.752057909418375
94,arm_restarts,ok,true,0.000007947376112,0.000000027614304,-1.460349723917014,-1.460322032561816,0.215339543689459,-0.618818249000679,-1.167262819887499,-0.752057909418375
94,k_cold,ok,true,0.000054598331675,0.000061762323265,-1.460360517201716,-1.460804605074678,0.216359596238638,-0.619353775583987,-1.167294594771716,-0.752017280487187
94,k_restarts,ok,true,0.000054598331675,0.000061762323265,-1.460360517201716,-1.460804605074678,0.216359596238638,-0.619353775583987,-1.167294594771716,-0.752017280487187
95,arm_cold,not_converged,false,0.272670781777668,0.055793488108856,-1.303354383150340,-4.486151403579872,3.141500000000000,-3.529673020222420,-3.319777322565613,-4.373275122444494
95,arm_restarts,ok,true,0.000000014897019,0.000000234436999,1.702527904687738,-5.185955304193440,2.997853066076345,-5.019901217387891,6.058349906471727,-4.920434862987512
95,k_cold,not_converged,false,,,,,,,,
95,k_restarts,not_converged,false,,,,,,,,
96,arm_cold,ok,true,0.000014960397353,0.000049487905163,-1.343060274505935,-1.346314084445906,1.519288185493671,-2.889208600977357,-2.727586367338421,-0.790734815411497
96,arm_restarts,ok,true,0.000014960397353,0.000049487905163,-1.343060274505935,-1.346314084445906,1.519288185493671,-2.889208600977357,-2.727586367338421,-0.790734815411497
96,k_cold,ok,true,0.000067040400097,0.000440535765699,-1.343043141735163,-1.346600589314995,1.519509282873754,-2.888165080613887,-2.727656485311300,-0.789709541695388
96,k_restarts,ok,true,0.000067040400097,0.000440535765699,-1.343043141735163,-1.346600589314995,1.519509282873754,-2.888165080613887,-2.727656485311300,-0.789709541695388
97,arm_cold,not_converged,false,0.005714565071359,0.446565258948444,-0.007612840789075,3.973480663263805,0.550916337971457,-1.440364836425467,-1.229463078682773,-6.283190000000000
97,arm_restarts,ok,true,0.000000097960522,0.000000000107070,2.423753501213874,4.908299937198913,0.555304260291603,-2.220296317088002,2.621511388207580,-0.377544308753550
97,k_cold,not_converged,false,,,,,,,,
97,k_restarts,not_converged,false,,,,,,,,
98,arm_cold,not_converged,false,0.403553870432265,0.616502257718923,-6.283190000000000,2.494102510381444,0.728785545649442,1.433580482712344,-4.753551472062493,1.452799251374976
98,arm_restarts,ok,true,0.000033778162987,0.000019717678676,-4.082452121484651,6.041890558497554,1.164338326129026,3.850241838876602,1.596043250219307,-1.364600908955796
98,k_cold,not_converged,false,,,,,,,,
98,k_restarts,not_converged,false,,,,,,,,
99,arm_cold,not_converged,false,0.015784681057654,0.056745874772260,-6.283190000000000,-5.879415595147178,2.384062773280359,-3.592922722740762,-5.597816670718193,3.044071427666957
99,arm_restarts,ok,true,0.000000145712051,0.000000445958713,-1.308283352884247,0.593388929097576,2.408617600844602,-2.348170466712173,5.430402943870211,1.896004093350126
99,k_cold,ok,true,0.000059443919995,0.000429465474621,-0.058986894491755,0.305095906525138,1.912583722829386,0.113264575815210,-0.683608541371113,-0.094656419265611
99,k_restarts,ok,true,0.000059443919995,0.000429465474621,-0.058986894491755,0.305095906525138,1.912583722829386,0.113264575815210,-0.683608541371113,-0.094656419265611
100,arm_cold,not_converged,false,0.547702811116413,1.538179652538035,-5.193649849806153,-6.283190000000000,3.141500000000000,-6.283190000000000,4.297254262068906,6.283190000000000
100,arm_restarts,ok,true,0.000017877757930,0.000000632503505,2.000403728293765,-1.168768669143861,0.564271352987302,-4.997797990583470,4.192777352953348,4.886102226827479
100,k_cold,not_converged,false,,,,,,,,
100,k_restarts,ok,true,0.000093083673612,0.000823426836730,-4.283124409288095,5.114482821815495,0.564330492758145,1.285394406093899,4.193333545905904,-1.396866754255377
101,arm_cold,ok,true,0.000032497608242,0.000036534587099,-2.186154840492967,-3.468681059157026,2.111364110521067,0.744610529178123,-3.061598063819003,-1.265565191073649
101,arm_restarts,ok,true,0.000032497608242,0.000036534587099,-2.186154840492967,-3.468681059157026,2.111364110521067,0.744610529178123,-3.061598063819003,-1.265565191073649
101,k_cold,ok,true,0.000084770377777,0.000336941181703,0.009415204752048,-1.827126541135134,2.210365470029118,-0.442957710774286,-0.881230109851136,-0.616060407852699
101,k_restarts,ok,true,0.000084770377777,0.000336941181703,0.009415204752048,-1.827126541135134,2.210365470029118,-0.442957710774286,-0.881230109851136,-0.616060407852699
102,arm_cold,ok,true,0.000002204514332,0.000007500627078,-3.286746840804055,-2.317380472046561,2.756492473076630,-1.322827052811961,-1.647755745160719,-0.219789291197988
102,arm_restarts,ok,true,0.000002204514332,0.000007500627078,-3.286746840804055,-2.317380472046561,2.756492473076630,-1.322827052811961,-1.647755745160719,-0.219789291197988
102,k_cold,ok,true,0.000056735314410,0.000111379453728,-3.286720236320621,-2.317686851861804,2.756518129091278,-1.322525952735941,-1.647730867568046,-0.219878744424877
102,k_restarts,ok,true,0.000056735314410,0.000111379453728,-3.286720236320621,-2.317686851861804,2.756518129091278,-1.322525952735941,-1.647730867568046,-0.219878744424877
103,arm_cold,ok,true,0.000087582118865,0.000038743796112,-1.839366610479083,-2.708619134191880,2.574089717640619,-2.012176099968972,-3.187035643085325,-0.047029256991478
103,arm_restarts,ok,true,0.000087582118865,0.000038743796112,-1.839366610479083,-2.708619134191880,2.574089717640619,-2.012176099968972,-3.187035643085325,-0.047029256991478
103,k_cold,ok,true,0.000076013680771,0.000147973055268,-1.839210588573855,-2.117197298579347,2.176213736691117,0.935053869322704,-3.096172700667548,3.093723872402214
103,k_restarts,ok,true,0.000076013680771,0.000147973055268,-1.839210588573855,-2.117197298579347,2.176213736691117,0.935053869322704,-3.096172700667548,3.093723872402214
104,arm_cold,ok,true,0.000019315989413,0.000023238159207,-0.987007932788293,-3.420558504837135,2.019228925694377,1.100659397992527,-1.774536867834921,0.779304636333573
104,arm_restarts,ok,true,0.000019315989413,0.000023238159207,-0.987007932788293,-3.420558504837135,2.019228925694377,1.100659397992527,-1.774536867834921,0.779304636333573
104,k_cold,not_converged,false,,,,,,,,
104,k_restarts,ok,true,0.000064429851184,0.000120171848118,-4.938092842961972,0.793942466205862,-2.455064129691713,-0.953910031394457,5.668233389567884,3.540224462885474
105,arm_cold,not_converged,false,0.036628195940878,0.050595828574608,-3.607797167225999,-2.724587175871559,3.141500000000000,-2.186123801080377,1.553586401256212,1.314505025637401
105,arm_restarts,ok,true,0.000001750992038,0.000003153681190,-3.700438218566744,1.911888931204144,3.018766061797558,-0.367151212284757,-4.716930853416285,-4.879344509653975
105,k_cold,not_converged,false,,,,,,,,
105,k_restarts,ok,true,0.000064157249614,0.000473261833758,-3.700881414836439,5.029412996090826,2.804226182267926,-0.128517780907316,4.717331271010869,-1.737407316636375
106,arm_cold,ok,true,0.000088943130186,0.000114910336658,1.867596179326926,-1.396729415605237,2.156201858972154,-1.460212880052584,-2.793924966917563,-4.130071268721828
106,arm_restarts,ok,true,0.000088943130186,0.000114910336658,1.867596179326926,-1.396729415605237,2.156201858972154,-1.460212880052584,-2.793924966917563,-4.130071268721828
106,k_cold,not_converged,false,,,,,,,,
106,k_restarts,ok,true,0.000070221966304,0.000302326213428,-4.415855417917660,0.609328835705975,-2.156582999725322,0.845175557251050,3.489113066807782,2.151935284528853
107,arm_cold,ok,true,0.000081090615544,0.000045484933569,-3.891304785804329,-1.991311490072308,2.636598667452277,-2.322638095499173,-1.372232390054148,-0.614058977082539
107,arm_restarts,ok,true,0.000081090615544,0.000045484933569,-3.891304785804329,-1.991311490072308,2.636598667452277,-2.322638095499173,-1.372232390054148,-0.614058977082539
107,k_cold,not_converged,false,,,,,,,,
107,k_restarts,ok,true,0.000029349000677,0.000590626341450,-3.891739993673571,4.798106588574998,2.176240729243540,-5.510505929838907,-4.911284404427210,2.527202908494373
108,arm_cold,not_converged,false,0.052806478859986,0.384975060209157,-5.726698018048526,-2.941969112666778,-0.090349548372943,6.283190000000000,-2.010721771698988,2.323873543758944
108,arm_restarts,not_converged,false,0.010821184916687,0.075323418047965,3.362238952649661,-0.367858671488878,-0.005806800846923,-6.283190000000000,-1.430489965674378,5.308489173922210
108,k_cold,not_converged,false,,,,,,,,
108,k_restarts,not_converged,false,,,,,,,,
109,arm_cold,not_converged,false,0.007618166095290,1.397426352714943,0.691234122472553,0.054438591368639,0.996159039068744,-6.196840885537648,-5.225892835206857,6.283190000000000
109,arm_restarts,ok,true,0.000000164495208,0.000000005445022,-5.577081102785113,0.055940655897178,0.990070788367691,-6.206032127780617,-5.215604177241199,1.415871880014783
109,k_cold,not_converged,false,,,,,,,,
109,k_restarts,ok,true,0.000071589520282,0.000413789712877,-5.577091106314625,1.454420828437360,-1.384357674233335,-2.088698767072607,5.215831448290911,4.557262053873124
110,arm_cold,ok,true,0.000000213854663,0.000001442062134,-3.255951355913644,0.910147417522201,1.435380459888322,2.954277581731704,2.019025221266456,-3.409513385770074
110,arm_restarts,ok,true,0.000000213854663,0.000001442062134,-3.255951355913644,0.910147417522201,1.435380459888322,2.954277581731704,2.019025221266456,-3.409513385770074
110,k_cold,not_converged,false,,,,,,,,
110,k_restarts,ok,true,0.000060048837905,0.000374104433615,3.027318633494926,-4.507575616215195,-0.861818457673822,-5.038404460601104,-2.019139634394144,-0.267731217919402
111,arm_cold,not_converged,false,0.001868990876198,1.322693452888490,-1.300829200288820,-5.330202753007030,2.042850994530635,-6.118942665918132,-4.654620677497110,-6.283190000000000
111,arm_restarts,ok,true,0.000044411603002,0.000200925761199,-5.976499023254073,6.142204762171837,2.202591472903166,-0.682220990195164,6.264123007800482,0.438692164627287
111,k_cold,not_converged,false,,,,,,,,
111,k_restarts,not_converged,false,,,,,,,,
112,arm_cold,ok,true,0.000001253565180,0.000000042457959,-2.735030938417672,-1.797665919093346,0.725573834029946,-0.415589833226875,-1.480436741979360,-0.606188738396077
112,arm_restarts,ok,true,0.000001253565180,0.000000042457959,-2.735030938417672,-1.797665919093346,0.725573834029946,-0.415589833226875,-1.480436741979360,-0.606188738396077
112,k_cold,ok,true,0.000099327365924,0.000070123565736,-2.734903038959958,-1.797974336874701,0.726118240147742,-0.415846980726109,-1.480422522513697,-0.606129265473631
112,k_restarts,ok,true,0.000099327365924,0.000070123565736,-2.734903038959958,-1.797974336874701,0.726118240147742,-0.415846980726109,-1.480422522513697,-0.606129265473631
113,arm_cold,ok,true,0.000000143291822,0.000000028276778,-4.051256802527549,-1.752806230656937,0.589398510619029,0.429656109712541,-1.169285387634200,-1.725694778195013
113,arm_restarts,ok,true,0.000000143291822,0.000000028276778,-4.051256802527549,-1.752806230656937,0.589398510619029,0.429656109712541,-1.169285387634200,-1.725694778195013
113,k_cold,ok,true,0.000075525228166,0.000214090134419,2.231799534886961,-0.652064361757709,-1.244672951990103,-1.978376595978481,1.169370990660106,1.415846494151503
113,k_restarts,ok,true,0.000075525228166,0.000214090134419,2.231799534886961,-0.652064361757709,-1.244672951990103,-1.978376595978481,1.169370990660106,1.415846494151503
114,arm_cold,ok,true,0.000001916695805,0.000000244615475,-2.604114578333690,-1.481463766298541,0.948756519272203,-3.294513050338556,-1.638025578836981,1.230233718091934
114,arm_restarts,ok,true,0.000001916695805,0.000000244615475,-2.604114578333690,-1.481463766298541,0.948756519272203,-3.294513050338556,-1.638025578836981,1.230233718091934
114,k_cold,ok,true,0.000092524547456,0.000248232372992,-2.604124580901995,-1.481688395937679,0.949223782767432,-3.294814209672528,-1.637808204671853,1.230117129419245
114,k_restarts,ok,true,0.000092524547456,0.000248232372992,-2.604124580901995,-1.481688395937679,0.949223782767432,-3.294814209672528,-1.637808204671853,1.230117129419245
115,arm_cold,ok,true,0.000000848267223,0.000000001811565,2.252193442630787,0.000856115938796,0.437567358884278,0.706316183586958,-0.269566653845880,-1.208482874076429
115,arm_restarts,ok,true,0.000000848267223,0.000000001811565,2.252193442630787,0.000856115938796,0.437567358884278,0.706316183586958,-0.269566653845880,-1.208482874076429
115,k_cold,not_converged,false,,,,,,,,
115,k_restarts,ok,true,0.000062832207467,0.000118082777559,2.252179812555666,-5.862318847980038,-0.438507404530609,1.161960765133454,-0.269511304276544,5.075126448943613
116,arm_cold,ok,true,0.000084576213057,0.000001615775491,-1.642222444398569,0.464552394841038,0.359424408977073,-2.296105854059229,-1.368936179625702,-1.502548475466907
116,arm_restarts,ok,true,0.000084576213057,0.000001615775491,-1.642222444398569,0.464552394841038,0.359424408977073,-2.296105854059229,-1.368936179625702,-1.502548475466907
116,k_cold,ok,true,0.000050992417196,0.000022166336374,-1.642222364834129,0.464771661102868,0.358965884785329,-2.295873927645544,-1.368935420658415,-1.502525896886552
116,k_restarts,ok,true,0.000050992417196,0.000022166336374,-1.642222364834129,0.464771661102868,0.358965884785329,-2.295873927645544,-1.368935420658415,-1.502525896886552
117,arm_cold,not_converged,false,0.103596916561471,0.091747879261168,-1.132103556286068,-2.670743775619978,3.141500000000000,-2.097002714775454,1.006219429802524,0.548877522329082
117,arm_restarts,ok,true,0.000060928498371,0.000119617988576,-2.461019012858126,-4.315717067064877,2.959065534326242,2.387191609983706,-1.420092016244142,-1.200654704135702
117,k_cold,not_converged,false,,,,,,,,
117,k_restarts,not_converged,false,,,,,,,,
118,arm_cold,ok,true,0.000011983560391,0.000009548746960,-0.815356203348730,-4.024178626041933,2.941753995647266,-3.599209744345282,-4.070204071765702,-0.653715250043835
118,arm_restarts,ok,true,0.000011983560391,0.000009548746960,-0.815356203348730,-4.024178626041933,2.941753995647266,-3.599209744345282,-4.070204071765702,-0.653715250043835
118,k_cold,not_converged,false,,,,,,,,
118,k_restarts,ok,true,0.000038856047740,0.000821293813212,-5.205593478512390,0.517352764117412,-2.831772724276509,1.353851631188973,4.926534340427239,4.302409993502300
119,arm_cold,not_converged,false,0.657767452238436,2.944864355922754,6.283190000000000,-1.245217940630539,1.207648732921134,-5.727882900540416,6.283190000000000,-3.591859473160668
119,arm_restarts,ok,true,0.000001411722340,0.000007937662713,-4.774665216820721,-0.843055468879164,1.247954269180726,-3.771697248771240,1.566261702769653,1.481891359057996
119,k_cold,not_converged,false,,,,,,,,
119,k_restarts,ok,true,0.000054589122937,0.000212942435658,-4.774686704458979,5.439985071776109,1.248189290496003,-3.771747572510971,-4.717105146162015,-4.801328235173122
120,arm_cold,ok,true,0.000000739096916,0.000002771403991,-1.187264234223953,-1.522037480520179,1.891650853980166,-3.046330178458533,-1.790017155022259,-1.122220137948780
120,arm_restarts,ok,true,0.000000739096916,0.000002771403991,-1.187264234223953,-1.522037480520179,1.891650853980166,-3.046330178458533,-1.790017155022259,-1.122220137948780
120,k_cold,ok,true,0.000052026164865,0.000464344637833,-1.187281780112365,-1.522159093273751,1.891704356490912,-3.046073714823728,-1.790290903888731,-1.121872664113374
120,k_restarts,ok,true,0.000052026164865,0.000464344637833,-1.187281780112365,-1.522159093273751,1.891704356490912,-3.046073714823728,-1.790290903888731,-1.121872664113374
121,arm_cold,ok,true,0.000001191519733,0.000006208872450,-3.018735736126292,-2.237827412347225,2.446364270928379,-4.814152791533151,-0.522229417031693,0.255988771056114
121,arm_restarts,ok,true,0.000001191519733,0.000006208872450,-3.018735736126292,-2.237827412347225,2.446364270928379,-4.814152791533151,-0.522229417031693,0.255988771056114
121,k_cold,ok,true,0.000051173404070,0.000211838993885,-3.018726561525332,-2.237835262731096,2.446463823250127,-4.814175758854191,-0.522027604727566,0.255899359515704
121,k_restarts,ok,true,0.000051173404070,0.000211838993885,-3.018726561525332,-2.237835262731096,2.446463823250127,-4.814175758854191,-0.522027604727566,0.255899359515704
122,arm_cold,ok,true,0.000005532753495,0.000000333631365,-3.501648873355960,-1.539649437562505,0.373858472890985,0.332618224720526,-0.426272779856552,-0.407906692692705
122,arm_restarts,ok,true,0.000005532753495,0.000000333631365,-3.501648873355960,-1.539649437562505,0.373858472890985,0.332618224720526,-0.426272779856552,-0.407906692692705
122,k_cold,not_converged,false,,,,,,,,
122,k_restarts,not_converged,false,,,,,,,,
123,arm_cold,ok,true,0.000011506722363,0.000010817743541,-1.665484326779064,0.384297324983204,0.612379159271492,-3.868702288548162,-3.088709933015618,-1.197298066178736
123,arm_restarts,ok,true,0.000011506722363,0.000010817743541,-1.665484326779064,0.384297324983204,0.612379159271492,-3.868702288548162,-3.088709933015618,-1.197298066178736
123,k_cold,ok,true,0.000057852905733,0.000028518436341,-1.665481573123607,0.384000728342582,0.613053634051180,-3.868771515287369,-3.088720890409899,-1.196992423065010
123,k_restarts,ok,true,0.000057852905733,0.000028518436341,-1.665481573123607,0.384000728342582,0.613053634051180,-3.868771515287369,-3.088720890409899,-1.196992423065010
124,arm_cold,ok,true,0.000001198292122,0.000006380034257,-4.864909920809115,-2.090072095753816,1.549983434945183,-2.865330226037077,-0.777951221659750,-4.549690815073174
124,arm_restarts,ok,true,0.000001198292122,0.000006380034257,-4.864909920809115,-2.090072095753816,1.549983434945183,-2.865330226037077,-0.777951221659750,-4.549690815073174
124,k_cold,not_converged,false,,,,,,,,
124,k_restarts,not_converged,false,,,,,,,,
125,arm_cold,ok,true,0.000000267532821,0.000001379697818,0.613157428269268,-5.911828852208946,1.834365102332738,-2.173908773836963,3.556931537835420,-0.594480791113863
125,arm_restarts,ok,true,0.000000267532821,0.000001379697818,0.613157428269268,-5.911828852208946,1.834365102332738,-2.173908773836963,3.556931537835420,-0.594480791113863
125,k_cold,not_converged,false,,,,,,,,
125,k_restarts,not_converged,false,,,,,,,,
126,arm_cold,ok,true,0.000001178369242,0.000000016703254,-0.630842290777834,-1.249185152316632,0.682413327992500,0.869340786680379,-2.100800920581844,3.233342217711348
126,arm_restarts,ok,true,0.000001178369242,0.000000016703254,-0.630842290777834,-1.249185152316632,0.682413327992500,0.869340786680379,-2.100800920581844,3.233342217711348
126,k_cold,not_converged,false,,,,,,,,
126,k_restarts,not_converged,false,,,,,,,,
127,arm_cold,ok,true,0.000001710233899,0.000011694402550,-1.353225991567090,1.610539069488282,2.436736925873443,-3.646639255346942,-2.582039327773515,0.653811472812064
127,arm_restarts,ok,true,0.000001710233899,0.000011694402550,-1.353225991567090,1.610539069488282,2.436736925873443,-3.646639255346942,-2.582039327773515,0.653811472812064
127,k_cold,not_converged,false,,,,,,,,
127,k_restarts,ok,true,0.000087752467762,0.000210573865888,-5.340512204782446,1.357520780730211,-2.191497144686194,1.422667319214469,5.901283615580717,-0.245463241984065
128,arm_cold,not_converged,false,0.032398734197655,0.156433194515486,0.540328747698565,-6.283190000000000,2.485130729386843,-0.211219445225841,-5.210014791055325,-1.569293432569330
128,arm_restarts,ok,true,0.000036034493109,0.000123037072707,-0.379625099152541,-5.847841372217832,2.562003680567071,5.595957297752252,1.657915827317314,-2.350048756234795
128,k_cold,not_converged,false,,,,,,,,
128,k_restarts,ok,true,0.000077282858272,0.000067588073954,-5.625305991903167,2.811764064738250,-2.859495899363869,-1.008604902290919,5.275406918481806,1.643368727652226
129,arm_cold,not_converged,false,0.032639350016431,0.007209663988581,-1.144385433605581,-3.619583852912286,3.141500000000000,-2.930695873203817,-2.009562745403737,0.864364030052724
129,arm_restarts,ok,true,0.000001424947127,0.000005347608225,4.882083065252837,-4.768075036246635,2.973791434787786,-1.586336792391601,4.521217644715620,-5.351677901154423
129,k_cold,not_converged,false,,,,,,,,
129,k_restarts,ok,true,0.000071074884184,0.000201342136231,4.882061645054273,-4.768737750799106,2.973926285286965,-1.585912660083507,4.521130174611205,-5.351823942602916
130,arm_cold,not_converged,false,0.123455710183400,1.001233875305792,-6.283190000000000,-5.055424468509592,0.930340596592098,-3.443917544355721,-2.167436946788195,5.077214824077973
130,arm_restarts,ok,true,0.000002864552414,0.000013209210729,4.531860491500387,-5.264933875043375,0.956519876182538,-0.696971184450721,2.105442157740997,-5.248029854776704
130,k_cold,not_converged,false,,,,,,,,
130,k_restarts,ok,true,0.000095252321193,0.000220653826924,4.532218123757864,-4.306718374739040,-0.521345437218653,-3.318931706924823,-2.105622941843877,4.176974465309716
131,arm_cold,ok,true,0.000010742294394,0.000000230423695,-5.817937142951826,-5.389959602225637,0.195124898202531,-5.112887278217300,-1.362818478550476,1.603885662160016
131,arm_restarts,ok,true,0.000010742294394,0.000000230423695,-5.817937142951826,-5.389959602225637,0.195124898202531,-5.112887278217300,-1.362818478550476,1.603885662160016
131,k_cold,not_converged,false,,,,,,,,
131,k_restarts,ok,true,0.000079083830422,0.000088821910739,-5.817932178865623,1.081326837721975,-0.196936372796956,-4.908857164618058,4.920361420488661,1.603924626192009
132,arm_cold,ok,true,0.000034010508572,0.000003685666216,-4.015941192036403,-1.234207630346848,0.411078852321156,-4.361752848587638,-4.093023771377807,-1.824533820309223
132,arm_restarts,ok,true,0.000034010508572,0.000003685666216,-4.015941192036403,-1.234207630346848,0.411078852321156,-4.361752848587638,-4.093023771377807,-1.824533820309223
132,k_cold,not_converged,false,,,,,,,,
132,k_restarts,ok,true,0.000068524340327,0.000112825403813,-4.015908093952567,4.438446228306494,1.343455136032902,-1.542094249343135,4.092936687818288,1.317019579401030
133,arm_cold,ok,true,0.000037732542575,0.000069819684686,-0.517258799776808,-1.285163615076909,2.686347423121092,-3.778128851820493,-2.464519799455163,-1.290592355706376
133,arm_restarts,ok,true,0.000037732542575,0.000069819684686,-0.517258799776808,-1.285163615076909,2.686347423121092,-3.778128851820493,-2.464519799455163,-1.290592355706376
133,k_cold,ok,true,0.000064845475670,0.000326444226647,-0.517244642873107,-1.285398002945894,2.686415661077897,-3.777717462119945,-2.464609566256681,-1.290183747909647
133,k_restarts,ok,true,0.000064845475670,0.000326444226647,-0.517244642873107,-1.285398002945894,2.686415661077897,-3.777717462119945,-2.464609566256681,-1.290183747909647
134,arm_cold,ok,true,0.000061266599702,0.000000281646287,-2.887546620610535,-1.077114356506636,0.522396777202928,1.052221418715257,-1.216036600601559,0.767077094670265
134,arm_restarts,ok,true,0.000061266599702,0.000000281646287,-2.887546620610535,-1.077114356506636,0.522396777202928,1.052221418715257,-1.216036600601559,0.767077094670265
134,k_cold,ok,true,0.000052880895522,0.000204241482400,-2.887533504238502,-1.077052605624105,0.522209576714991,1.052360668295746,-1.216146802006750,0.766902746630066
134,k_restarts,ok,true,0.000052880895522,0.000204241482400,-2.887533504238502,-1.077052605624105,0.522209576714991,1.052360668295746,-1.216146802006750,0.766902746630066
135,arm_cold,not_converged,false,0.113741301600026,0.159802303789241,1.055160726919588,-3.938651610311363,3.141500000000000,-2.735137627516307,-5.311689467052875,-2.928292411833108
135,arm_restarts,ok,true,0.000049506970131,0.000040057202917,-4.383267921431445,-1.467467929158621,2.995071767434861,-2.547690610940183,-0.216142382748260,-5.202051274897968
135,k_cold,not_converged,false,,,,,,,,
135,k_restarts,ok,true,0.000091161259828,0.000535686212818,-4.383851989775486,0.520940475364711,-2.995009762799137,1.455578549313726,6.067230392233694,1.079453887915546
136,arm_cold,ok,true,0.000006186330987,0.000026805010126,3.811962112641583,-5.596760586592965,2.443706340988118,-0.935189308052711,-1.331581829694785,-5.374438327294221
136,arm_restarts,ok,true,0.000006186330987,0.000026805010126,3.811962112641583,-5.596760586592965,2.443706340988118,-0.935189308052711,-1.331581829694785,-5.374438327294221
136,k_cold,not_converged,false,,,,,,,,
136,k_restarts,ok,true,0.000059091125306,0.000235575284490,3.811633864155271,-5.596685683072256,2.443585384604610,-0.935321935626168,4.951670241872800,-5.374286561756492
137,arm_cold,not_converged,false,0.076330094011635,0.617621419091195,-4.216505647137867,-0.692977046082446,0.938591694274064,6.283190000000000,2.088244869781593,-0.751298820107857
137,arm_restarts,ok,true,0.000000075495427,0.000000568550574,-0.662682205316205,2.916238641809797,0.848662198969223,-4.887521087388055,5.460840579612303,5.963059664775821
137,k_cold,not_converged,false,,,,,,,,
137,k_restarts,ok,true,0.000053468156918,0.000118523432402,-4.215573652641742,0.717671377173697,-1.609750194402398,-1.384866382363278,4.192531010485140,2.393345391249465
138,arm_cold,ok,true,0.000000053116944,0.000000071742507,-0.775643092181028,-1.640751054812833,2.523302996304246,-1.358132719951831,-3.909619316397539,-1.449164433435266
138,arm_restarts,ok,true,0.000000053116944,0.000000071742507,-0.775643092181028,-1.640751054812833,2.523302996304246,-1.358132719951831,-3.909619316397539,-1.449164433435266
138,k_cold,not_converged,false,,,,,,,,
138,k_restarts,ok,true,0.000083986735928,0.000362659200336,-0.775606581807076,4.642299760388475,2.523603377518271,4.924604368285084,2.373338980961272,-1.449553187347504
139,arm_cold,ok,true,0.000098345509520,0.000080565736355,-2.632242159311540,-1.458702797948797,1.805217610070901,-0.900240651314984,-4.719384843721372,-0.123397293484577
139,arm_restarts,ok,true,0.000098345509520,0.000080565736355,-2.632242159311540,-1.458702797948797,1.805217610070901,-0.900240651314984,-4.719384843721372,-0.123397293484577
139,k_cold,ok,true,0.000072413712728,0.000217521386599,-2.632179990671271,-1.458682955138799,1.805001910305859,-0.899948478149773,-4.719149029851699,-0.123407903185654
139,k_restarts,ok,true,0.000072413712728,0.000217521386599,-2.632179990671271,-1.458682955138799,1.805001910305859,-0.899948478149773,-4.719149029851699,-0.123407903185654
140,arm_cold,ok,true,0.000051636319081,0.000152627370831,-0.076807250013909,-4.487751923939302,2.734849533584912,-1.584456275470454,-0.461185573485380,1.159561338724545
140,arm_restarts,ok,true,0.000051636319081,0.000152627370831,-0.076807250013909,-4.487751923939302,2.734849533584912,-1.584456275470454,-0.461185573485380,1.159561338724545
140,k_cold,not_converged,false,,,,,,,,
140,k_restarts,ok,true,0.000072850959389,0.000843332549305,-4.471745555444611,1.317037747273506,-2.655186860622432,-1.923532708948770,3.944687362575743,0.900909442057593
141,arm_cold,ok,true,0.000000030595050,0.000000010859273,-3.948373699909462,-0.560373987556823,2.775123608331101,-3.543714421222535,0.171655162931028,-0.130221728559117
141,arm_restarts,ok,true,0.000000030595050,0.000000010859273,-3.948373699909462,-0.560373987556823,2.775123608331101,-3.543714421222535,0.171655162931028,-0.130221728559117
141,k_cold,not_converged,false,,,,,,,,
141,k_restarts,not_converged,false,,,,,,,,
142,arm_cold,ok,true,0.000015571779758,0.000000262369751,-1.962594444670795,-0.181109595348832,1.267438619905088,-3.430652073333355,-1.864818352090212,-0.634439246261730
142,arm_restarts,ok,true,0.000015571779758,0.000000262369751,-1.962594444670795,-0.181109595348832,1.267438619905088,-3.430652073333355,-1.864818352090212,-0.634439246261730
142,k_cold,ok,true,0.000082099159429,0.000055702758848,-1.962586205702822,-0.181253566593463,1.267724196441888,-3.430736023149422,-1.864838762817035,-0.634414516996934
142,k_restarts,ok,true,0.000082099159429,0.000055702758848,-1.962586205702822,-0.181253566593463,1.267724196441888,-3.430736023149422,-1.864838762817035,-0.634414516996934
143,arm_cold,ok,true,0.000010516207182,0.000016089869447,-2.109512947461135,-2.000325999549067,2.865572389389088,-1.485558794352771,-1.813308940670425,-1.984115432728064
143,arm_restarts,ok,true,0.000010516207182,0.000016089869447,-2.109512947461135,-2.000325999549067,2.865572389389088,-1.485558794352771,-1.813308940670425,-1.984115432728064
143,k_cold,ok,true,0.000080162223620,0.000264845035338,-2.109385105855959,-2.000648340518256,2.865359212396674,-1.484965390256411,-1.812948142799517,-1.983955147450173
143,k_restarts,ok,true,0.000080162223620,0.000264845035338,-2.109385105855959,-2.000648340518256,2.865359212396674,-1.484965390256411,-1.812948142799517,-1.983955147450173
144,arm_cold,ok,true,0.000012000505606,0.000291689584638,-0.773965112195453,-1.102853089674861,1.638498956935707,-0.606244629422471,-2.703419017909609,0.042884493660032
144,arm_restarts,ok,true,0.000012000505606,0.000291689584638,-0.773965112195453,-1.102853089674861,1.638498956935707,-0.606244629422471,-2.703419017909609,0.042884493660032
144,k_cold,ok,true,0.000056445122841,0.000245771571584,-0.774054209255537,-1.102887213902531,1.638453988335760,-0.605878504126722,-2.703342456461374,0.043379724027309
144,k_restarts,ok,true,0.000056445122841,0.000245771571584,-0.774054209255537,-1.102887213902531,1.638453988335760,-0.605878504126722,-2.703342456461374,0.043379724027309
145,arm_cold,not_converged,false,0.487774281920604,1.364524433871177,-6.109210237115276,-6.283190000000000,1.429947053442524,-6.149919329892852,4.397201270971714,6.283190000000000
145,arm_restarts,ok,true,0.000069311320461,0.000354130488810,-2.586734169926982,-3.708347314467206,1.070484691828056,5.299218675735316,4.981101603137739,-2.781877046595216
145,k_cold,ok,true,0.000092845262566,0.000706070378778,0.200486260127623,-0.268472718241268,0.212751275677473,0.615456782013649,-2.148610336820738,0.552002652842130
145,k_restarts,ok,true,0.000092845262566,0.000706070378778,0.200486260127623,-0.268472718241268,0.212751275677473,0.615456782013649,-2.148610336820738,0.552002652842130
146,arm_cold,ok,true,0.000000678512412,0.000001379451717,-1.972604981574521,2.033484221966524,1.490711749757224,-0.916441819473547,-3.296996416099993,3.497224079734439
146,arm_restarts,ok,true,0.000000678512412,0.000001379451717,-1.972604981574521,2.033484221966524,1.490711749757224,-0.916441819473547,-3.296996416099993,3.497224079734439
146,k_cold,not_converged,false,,,,,,,,
146,k_restarts,ok,true,0.000065301399167,0.000415400396500,-5.550582789820637,0.829094369188387,-1.561668506290269,0.472238366459769,5.971055864494504,1.132159287338517
147,arm_cold,ok,true,0.000021970964937,0.000059067558404,-1.745296922040848,-0.539455761004637,2.478673262654846,-1.981326427225001,-4.296288570857532,-0.128969446854353
147,arm_restarts,ok,true,0.000021970964937,0.000059067558404,-1.745296922040848,-0.539455761004637,2.478673262654846,-1.981326427225001,-4.296288570857532,-0.128969446854353
147,k_cold,not_converged,false,,,,,,,,
147,k_restarts,ok,true,0.000064849424615,0.000417160084162,-1.745285200245142,5.743502245548892,2.478779198550677,-1.980957107275713,1.986649734375600,-0.128549444485573
148,arm_cold,not_converged,false,0.019549443341506,1.061177314409121,-4.868308492827610,-5.276485625008024,0.278009481036385,-4.584877106196047,-1.517193506236405,-6.283190000000000
148,arm_restarts,ok,true,0.000001323305886,0.000000926412892,5.305329850846884,-4.864088813504552,1.432806056036597,-2.591783189151264,5.365755676756291,1.908196121882916
148,k_cold,not_converged,false,,,,,,,,
148,k_restarts,not_converged,false,,,,,,,,
149,arm_cold,ok,true,0.000016284295337,0.000053254080332,2.425921031105744,-5.441388676834011,1.308108485359930,0.654520452339129,0.794296574319240,0.492606594618211
149,arm_restarts,ok,true,0.000016284295337,0.000053254080332,2.425921031105744,-5.441388676834011,1.308108485359930,0.654520452339129,0.794296574319240,0.492606594618211
149,k_cold,not_converged,false,,,,,,,,
149,k_restarts,not_converged,false,,,,,,,,
150,arm_cold,ok,true,0.000004530106001,0.000023050198558,0.725579638057031,-5.356197322102646,1.579860754678274,-3.869097577917647,-2.560346744086207,-3.450149058431386
150,arm_restarts,ok,true,0.000004530106001,0.000023050198558,0.725579638057031,-5.356197322102646,1.579860754678274,-3.869097577917647,-2.560346744086207,-3.450149058431386
150,k_cold,not_converged,false,,,,,,,,
150,k_restarts,ok,true,0.000056845032751,0.000087416708448,-5.557573660866169,2.425451767655697,-1.580045129733473,-2.207726936977386,3.722913079245108,2.832978008596542
151,arm_cold,not_converged,false,0.010097469750793,0.166482012582421,-4.842985971549640,-5.984640957660448,1.260360988620609,-6.283190000000000,-6.283190000000000,-6.270606353701672
151,arm_restarts,ok,true,0.000000086490151,0.000000204209895,-4.871991811713609,-5.781672915460007,1.472381556589816,2.312955836847308,0.094297751875457,-2.856449546625383
151,k_cold,not_converged,false,,,,,,,,
151,k_restarts,ok,true,0.000068638870931,0.000094256634896,-4.872041099479319,1.539537610612870,-1.392472321888987,0.997838505379745,6.188959166633513,0.285482527150181
152,arm_cold,ok,true,0.000000155601880,0.000000013007950,-1.565250441440163,-4.783755150584603,1.632794694211296,-2.781328060307435,-5.080650077215685,-5.214537552682899
152,arm_restarts,ok,true,0.000000155601880,0.000000013007950,-1.565250441440163,-4.783755150584603,1.632794694211296,-2.781328060307435,-5.080650077215685,-5.214537552682899
152,k_cold,not_converged,false,,,,,,,,
152,k_restarts,ok,true,0.000057071298923,0.000191588461440,-5.359342460086498,1.691865634800009,-1.649696136742262,-0.633518103852144,3.754674969990798,0.697355624893217
153,arm_cold,ok,true,0.000014847695338,0.000063995724982,-2.181339139944739,-1.935255737745464,0.726308552412906,0.664044416021366,-4.100104182180393,1.432412690207847
153,arm_restarts,ok,true,0.000014847695338,0.000063995724982,-2.181339139944739,-1.935255737745464,0.726308552412906,0.664044416021366,-4.100104182180393,1.432412690207847
153,k_cold,not_converged,false,,,,,,,,
153,k_restarts,not_converged,false,,,,,,,,
154,arm_cold,ok,true,0.000089306793630,0.000191853965558,-0.069016407384665,-1.871849637100657,0.472345009038238,-1.818842334603826,-2.092265708204985,-1.672278454707176
154,arm_restarts,ok,true,0.000089306793630,0.000191853965558,-0.069016407384665,-1.871849637100657,0.472345009038238,-1.818842334603826,-2.092265708204985,-1.672278454707176
154,k_cold,not_converged,false,,,,,,,,
154,k_restarts,not_converged,false,,,,,,,,
155,arm_cold,ok,true,0.000004241507336,0.000006413350788,-3.899661063865928,-1.645275992912907,2.709589430748936,-3.437070841158514,-2.103565786210410,-2.471632897102974
155,arm_restarts,ok,true,0.000004241507336,0.000006413350788,-3.899661063865928,-1.645275992912907,2.709589430748936,-3.437070841158514,-2.103565786210410,-2.471632897102974
155,k_cold,not_converged,false,,,,,,,,
155,k_restarts,not_converged,false,,,,,,,,
156,arm_cold,ok,true,0.000000046101212,0.000000000808493,-1.624563904711675,-0.101265102337698,1.931983441047114,-3.911639997708448,-1.714773722905730,-0.809298454391731
156,arm_restarts,ok,true,0.000000046101212,0.000000000808493,-1.624563904711675,-0.101265102337698,1.931983441047114,-3.911639997708448,-1.714773722905730,-0.809298454391731
156,k_cold,ok,true,0.000082570962927,0.000056370074453,-1.624561642979714,-0.101375338696341,1.932235329648166,-3.911748291947755,-1.714793296336537,-0.809249699308743
156,k_restarts,ok,true,0.000082570962927,0.000056370074453,-1.624561642979714,-0.101375338696341,1.932235329648166,-3.911748291947755,-1.714793296336537,-0.809249699308743
157,arm_cold,ok,true,0.000094829734139,0.000175032480044,-4.855323208583457,-2.754118773977807,2.778957213611430,-1.059157945062480,1.685730740892114,4.215337413873914
157,arm_restarts,ok,true,0.000094829734139,0.000175032480044,-4.855323208583457,-2.754118773977807,2.778957213611430,-1.059157945062480,1.685730740892114,4.215337413873914
157,k_cold,not_converged,false,,,,,,,,
157,k_restarts,not_converged,false,,,,,,,,
158,arm_cold,ok,true,0.000000122958242,0.000000607128988,-3.673769780320228,-2.236397974485357,2.630911848481809,-0.753155657646498,-4.585360705148473,2.514200754548873
158,arm_restarts,ok,true,0.000000122958242,0.000000607128988,-3.673769780320228,-2.236397974485357,2.630911848481809,-0.753155657646498,-4.585360705148473,2.514200754548873
158,k_cold,not_converged,false,,,,,,,,
158,k_restarts,ok,true,0.000088645283629,0.000307062846971,2.609502434752339,-6.195951696788936,-2.630952216705365,2.185378895694473,-4.585265597458247,2.514253191728602
159,arm_cold,ok,true,0.000000426992219,0.000002933991041,-3.822539115190436,-5.122289635157193,2.004100244220471,-3.602414359984559,5.655726263757450,3.249558172677292
159,arm_restarts,ok,true,0.000000426992219,0.000002933991041,-3.822539115190436,-5.122289635157193,2.004100244220471,-3.602414359984559,5.655726263757450,3.249558172677292
159,k_cold,not_converged,false,,,,,,,,
159,k_restarts,ok,true,0.000072389906094,0.000070887585965,-1.959973724886024,0.576813828490981,1.535268068445903,1.291198625913505,4.992518057664838,5.955333025300367
160,arm_cold,ok,true,0.000003216237646,0.000002900991893,-1.261401262677338,-2.655982645203276,1.409644620171382,-1.867551754719938,-4.097682454789920,0.407566630671730
160,arm_restarts,ok,true,0.000003216237646,0.000002900991893,-1.261401262677338,-2.655982645203276,1.409644620171382,-1.867551754719938,-4.097682454789920,0.407566630671730
160,k_cold,ok,true,0.000098417595732,0.000629757046688,-1.261684186929796,-2.022358716180699,0.298174109812876,1.751852739996705,-2.186410618775296,3.549087538754621
160,k_restarts,ok,true,0.000098417595732,0.000629757046688,-1.261684186929796,-2.022358716180699,0.298174109812876,1.751852739996705,-2.186410618775296,3.549087538754621
161,arm_cold,ok,true,0.000000066887619,0.000000226301683,-5.598389844844117,-4.172105387815784,2.223577261594779,-3.822657748236325,-4.301744950130369,-5.548704083411041
161,arm_restarts,ok,true,0.000000066887619,0.000000226301683,-5.598389844844117,-4.172105387815784,2.223577261594779,-3.822657748236325,-4.301744950130369,-5.548704083411041
161,k_cold,ok,true,0.000080124961648,0.000144916239704,-3.085446677575843,-1.031388261336126,2.213959055868857,-1.653988896277657,-1.718496250496980,0.438782042761170
161,k_restarts,ok,true,0.000080124961648,0.000144916239704,-3.085446677575843,-1.031388261336126,2.213959055868857,-1.653988896277657,-1.718496250496980,0.438782042761170
162,arm_cold,ok,true,0.000035907410712,0.000078747578667,-4.738272181850947,-2.765909243990805,2.405821880944735,-2.459868320180047,-1.493167250943367,-3.348919654856013
162,arm_restarts,ok,true,0.000035907410712,0.000078747578667,-4.738272181850947,-2.765909243990805,2.405821880944735,-2.459868320180047,-1.493167250943367,-3.348919654856013
162,k_cold,not_converged,false,,,,,,,,
162,k_restarts,not_converged,false,,,,,,,,
163,arm_cold,ok,true,0.000000120605797,0.000000287933438,4.021239637288431,1.399403586880664,1.393586939377215,-4.268268889140692,-2.934115451803684,0.772823394147517
163,arm_restarts,ok,true,0.000000120605797,0.000000287933438,4.021239637288431,1.399403586880664,1.393586939377215,-4.268268889140692,-2.934115451803684,0.772823394147517
163,k_cold,not_converged,false,,,,,,,,
163,k_restarts,ok,true,0.000049158193858,0.000544279082500,4.021078418561355,-4.883296870889146,1.392501026652233,2.012986395739372,3.348831524976333,-5.512534700634060
164,arm_cold,ok,true,0.000043359071863,0.000086390985080,-1.899250551987978,-2.232739223559545,2.043032023022487,-2.416781454088776,1.307021964909051,-0.077742814859085
164,arm_restarts,ok,true,0.000043359071863,0.000086390985080,-1.899250551987978,-2.232739223559545,2.043032023022487,-2.416781454088776,1.307021964909051,-0.077742814859085
164,k_cold,not_converged,false,,,,,,,,
164,k_restarts,not_converged,false,,,,,,,,
165,arm_cold,ok,true,0.000001326499163,0.000000018552135,-1.546073325168083,-0.312478524413395,1.273399457056485,-2.092619956819869,-2.750557526647809,0.264704089004445
165,arm_restarts,ok,true,0.000001326499163,0.000000018552135,-1.546073325168083,-0.312478524413395,1.273399457056485,-2.092619956819869,-2.750557526647809,0.264704089004445
165,k_cold,ok,true,0.000053432788204,0.000079749573507,-1.546068010417293,-0.312598572572965,1.273627052981397,-2.092855778613657,-2.750496093705852,0.264583497609844
165,k_restarts,ok,true,0.000053432788204,0.000079749573507,-1.546068010417293,-0.312598572572965,1.273627052981397,-2.092855778613657,-2.750496093705852,0.264583497609844
166,arm_cold,not_converged,false,0.185839149292335,0.272662929651421,-4.097752270659157,-6.283190000000000,1.530206969028416,-0.681743905885560,-4.091630124045760,-5.129320049134088
166,arm_restarts,ok,true,0.000016519796297,0.000009665837218,-4.099971627836756,1.455415856176672,-1.407918308916680,-2.615727907895722,4.093789877077327,4.291249484302180
166,k_cold,not_converged,false,,,,,,,,
166,k_restarts,not_converged,false,,,,,,,,
167,arm_cold,not_converged,false,0.000115817376468,0.162812967086259,0.228574713526171,-2.828685730651314,1.586271503981600,-3.812929022546328,-0.998256676587687,6.283190000000000
167,arm_restarts,ok,true,0.000042041646611,0.000191332327256,0.228336646163464,-2.828741142582624,1.586239150400344,-3.813197070207083,5.284992358432412,-6.119933167482254
167,k_cold,not_converged,false,,,,,,,,
167,k_restarts,not_converged,false,,,,,,,,
168,arm_cold,ok,true,0.000007545177947,0.000000020429827,-4.145998407021858,-1.193599467840043,0.260840406702880,0.163069463922864,-2.168008986923849,-4.992039924481543
168,arm_restarts,ok,true,0.000007545177947,0.000000020429827,-4.145998407021858,-1.193599467840043,0.260840406702880,0.163069463922864,-2.168008986923849,-4.992039924481543
168,k_cold,not_converged,false,,,,,,,,
168,k_restarts,ok,true,0.000089144519550,0.000054250618400,-4.145961553119366,-0.942696135754080,-0.262227840080407,0.435226570122991,4.115252374419579,1.291155207945390
169,arm_cold,ok,true,0.000003082729151,0.000000048382108,-3.409947769672698,-0.650037644578794,1.144230954281146,-2.018667035821358,-0.546912076499499,-0.776015788657942
169,arm_restarts,ok,true,0.000003082729151,0.000000048382108,-3.409947769672698,-0.650037644578794,1.144230954281146,-2.018667035821358,-0.546912076499499,-0.776015788657942
169,k_cold,not_converged,false,,,,,,,,
169,k_restarts,not_converged,false,,,,,,,,
170,arm_cold,not_converged,false,0.023531474939568,0.011891668472203,-1.615523875274710,-1.673767802087710,-0.086001052402519,1.002282834189034,-2.310861572792548,1.754971192338456
170,arm_restarts,not_converged,false,0.023531474939568,0.011891668472203,-1.615523875274710,-1.673767802087710,-0.086001052402519,1.002282834189034,-2.310861572792548,1.754971192338456
170,k_cold,not_converged,false,,,,,,,,
170,k_restarts,not_converged,false,,,,,,,,
171,arm_cold,ok,true,0.000009962217559,0.000023385476289,0.132462379238199,-3.066768769766590,2.160446475905723,-1.777053467973512,-1.726228746680549,-0.886055388876683
171,arm_restarts,ok,true,0.000009962217559,0.000023385476289,0.132462379238199,-3.066768769766590,2.160446475905723,-1.777053467973512,-1.726228746680549,-0.886055388876683
171,k_cold,not_converged,false,,,,,,,,
171,k_restarts,ok,true,0.000096814275265,0.000193477522894,-4.551643607690958,-0.572893426297519,-1.917401189315921,1.309730639960022,3.633987072133149,1.045292071398026
172,arm_cold,ok,true,0.000000070950336,0.000000424590368,-1.883727229961752,-2.858276020276652,1.910801585598838,0.312943256293322,-1.072876169584730,-0.307302974992410
172,arm_restarts,ok,true,0.000000070950336,0.000000424590368,-1.883727229961752,-2.858276020276652,1.910801585598838,0.312943256293322,-1.072876169584730,-0.307302974992410
172,k_cold,ok,true,0.000067529254813,0.000332325847322,-0.423565641780560,-2.530901725038635,2.397273696395694,-2.088122518918223,-0.713358623722370,1.714593257780995
172,k_restarts,ok,true,0.000067529254813,0.000332325847322,-0.423565641780560,-2.530901725038635,2.397273696395694,-2.088122518918223,-0.713358623722370,1.714593257780995
173,arm_cold,not_converged,false,0.301702875655913,0.486800456803861,-6.283190000000000,-3.136486267423338,0.868448234628175,0.737573634762288,-0.860568629248045,-4.169726815186215
173,arm_restarts,ok,true,0.000003119553937,0.000000246136089,5.791357664473596,-3.320895352234876,1.400548434571824,-2.749716527619036,0.860153276529649,-1.034795402339426
173,k_cold,not_converged,false,,,,,,,,
173,k_restarts,ok,true,0.000063819767503,0.000177870480613,-4.038607751014366,0.243295808695930,-1.431706535584084,-0.744399008882363,4.085223930801115,4.740392843847304
174,arm_cold,ok,true,0.000006944518418,0.000011233226267,-3.561891346649548,-3.043772873512703,2.904129181319253,-2.531982325410751,-0.135018116765349,1.316835367299543
174,arm_restarts,ok,true,0.000006944518418,0.000011233226267,-3.561891346649548,-3.043772873512703,2.904129181319253,-2.531982325410751,-0.135018116765349,1.316835367299543
174,k_cold,not_converged,false,,,,,,,,
174,k_restarts,not_converged,false,,,,,,,,
175,arm_cold,ok,true,0.000000735910454,0.000004359372871,-0.527943171859813,-2.764679777992404,2.154936058916487,0.118339872695015,-0.707531003121762,-1.856886577385221
175,arm_restarts,ok,true,0.000000735910454,0.000004359372871,-0.527943171859813,-2.764679777992404,2.154936058916487,0.118339872695015,-0.707531003121762,-1.856886577385221
175,k_cold,not_converged,false,,,,,,,,
175,k_restarts,not_converged,false,,,,,,,,
176,arm_cold,ok,true,0.000000156141447,0.000000025439745,-2.534413056722882,-1.474610172801235,1.414177402050732,-3.267672015844874,-2.451597858610332,0.179353902937535
176,arm_restarts,ok,true,0.000000156141447,0.000000025439745,-2.534413056722882,-1.474610172801235,1.414177402050732,-3.267672015844874,-2.451597858610332,0.179353902937535
176,k_cold,ok,true,0.000057060081411,0.000137972192545,-2.534404438872005,-1.474756317126584,1.414416553200827,-3.267664099822702,-2.451544562591476,0.179326170344847
176,k_restarts,ok,true,0.000057060081411,0.000137972192545,-2.534404438872005,-1.474756317126584,1.414416553200827,-3.267664099822702,-2.451544562591476,0.179326170344847
177,arm_cold,not_converged,false,0.077791674645541,0.011435880274062,-1.552567292445819,-0.324514847108254,-0.268162193988623,0.547307003312325,-0.328547010611124,-3.219811301583106
177,arm_restarts,ok,true,0.000033909839406,0.000075480084976,1.925928149121043,-3.197505889295146,0.715626249525747,4.871007354055176,3.133453786452989,-0.879921197610777
177,k_cold,not_converged,false,,,,,,,,
177,k_restarts,not_converged,false,,,,,,,,
178,arm_cold,ok,true,0.000000207527778,0.000000031352364,-0.999152910510364,-0.603093874872652,0.892284030311999,-1.907392553731270,-3.527713278663155,-1.126617467235175
178,arm_restarts,ok,true,0.000000207527778,0.000000031352364,-0.999152910510364,-0.603093874872652,0.892284030311999,-1.907392553731270,-3.527713278663155,-1.126617467235175
178,k_cold,not_converged,false,,,,,,,,
178,k_restarts,not_converged,false,,,,,,,,
179,arm_cold,ok,true,0.000000017260412,0.000000049517272,-3.408294203634461,-5.680456688728669,1.029756193187268,-5.729106389167339,-0.926609487882338,4.932474658007455
179,arm_restarts,ok,true,0.000000017260412,0.000000049517272,-3.408294203634461,-5.680456688728669,1.029756193187268,-5.729106389167339,-0.926609487882338,4.932474658007455
179,k_cold,not_converged,false,,,,,,,,
179,k_restarts,ok,true,0.000062081684327,0.000077117528160,-5.546546135741626,2.733821688952990,-1.732254218483573,-0.288510126762258,4.779138425513609,1.029454255533847
180,arm_cold,not_converged,false,0.156382397521435,0.006890288666671,-2.168413420696550,-1.615640824096056,0.254458189842120,1.181211535018527,-2.194070201085411,0.707041833966857
180,arm_restarts,ok,true,0.000019979214227,0.000057695767480,-2.105474841249831,4.555935588215401,0.634838887902521,4.055189349156223,2.132414705852087,-2.420222819496306
180,k_cold,not_converged,false,,,,,,,,
180,k_restarts,not_converged,false,,,,,,,,
181,arm_cold,ok,true,0.000000894503942,0.000000938631308,-0.785073274959023,-1.497017256129335,1.783251773343171,-1.987866411061122,-4.777384293026566,-0.632895117276775
181,arm_restarts,ok,true,0.000000894503942,0.000000938631308,-0.785073274959023,-1.497017256129335,1.783251773343171,-1.987866411061122,-4.777384293026566,-0.632895117276775
181,k_cold,not_converged,false,,,,,,,,
181,k_restarts,not_converged,false,,,,,,,,
182,arm_cold,ok,true,0.000000153784717,0.000000049844239,0.669026870038808,-1.587325762518764,2.465641005521488,-2.950484573362479,-1.093481992586520,2.519174608902829
182,arm_restarts,ok,true,0.000000153784717,0.000000049844239,0.669026870038808,-1.587325762518764,2.465641005521488,-2.950484573362479,-1.093481992586520,2.519174608902829
182,k_cold,not_converged,false,,,,,,,,
182,k_restarts,ok,true,0.000053844622278,0.000118351211185,-5.614114451510450,0.649664924754249,-2.465672683026473,-0.256153593661082,5.189785552363400,2.519153302460987
183,arm_cold,ok,true,0.000002621698641,0.000010709360230,-2.065803303491465,-2.583547581405531,1.135737896438688,1.020701016861152,-2.920570952048548,-2.405652121609615
183,arm_restarts,ok,true,0.000002621698641,0.000010709360230,-2.065803303491465,-2.583547581405531,1.135737896438688,1.020701016861152,-2.920570952048548,-2.405652121609615
183,k_cold,ok,true,0.000056297954139,0.000468694511135,0.157270616898529,-1.754036500193059,1.206154556151779,0.410023080113423,-0.721075422755093,-1.883829531759438
183,k_restarts,ok,true,0.000056297954139,0.000468694511135,0.157270616898529,-1.754036500193059,1.206154556151779,0.410023080113423,-0.721075422755093,-1.883829531759438
184,arm_cold,not_converged,false,0.003070022089947,0.274953181537024,6.226930394987198,-0.298870133172731,2.272179337532381,-1.109068740062335,-4.151279344762458,6.283190000000000
184,arm_restarts,ok,true,0.000060475383943,0.000830877472166,4.394155216772481,-5.007657637502867,2.010922801479819,-5.375478200424832,5.447778994684778,-4.285955894576229
184,k_cold,not_converged,false,,,,,,,,
184,k_restarts,not_converged,false,,,,,,,,
185,arm_cold,not_converged,false,0.259048620134142,0.455688933385393,-1.992998930092534,-1.659565749554695,3.141500000000000,-0.161555993685657,0.103878884176962,-1.189622920161532
185,arm_restarts,ok,true,0.000000200279442,0.000000734067593,-2.113025765231590,-4.222050357600535,2.257069457834409,2.044295240001287,0.003907945515318,-5.804057118179467
185,k_cold,not_converged,false,,,,,,,,
185,k_restarts,ok,true,0.000074720132921,0.000192876935209,-5.969764210455429,1.070082263540132,-2.235420265941538,1.165827682901456,2.430535012065083,0.558817548983910
186,arm_cold,not_converged,false,0.054950828993882,0.047012356657906,-1.160510058955878,-5.258982884245913,3.141500000000000,-4.290013860250225,-3.303311588062386,-3.088548243799022
186,arm_restarts,ok,true,0.000031312858592,0.000034037902506,4.185975468105804,-5.581948115042069,2.642589820638318,-0.243050966227856,4.264978713797333,-6.090351374069098
186,k_cold,not_converged,false,,,,,,,,
186,k_restarts,ok,true,0.000088915268865,0.000289741839441,4.185859701819791,-5.582312801555837,2.642350781604878,-0.242728759337398,4.265077927904480,-6.090652698822978
187,arm_cold,ok,true,0.000003994063275,0.000006361752552,-3.701240904554301,-1.725754120483346,2.734411747984401,-3.695840077725634,1.964661427082028,1.713290314252188
187,arm_restarts,ok,true,0.000003994063275,0.000006361752552,-3.701240904554301,-1.725754120483346,2.734411747984401,-3.695840077725634,1.964661427082028,1.713290314252188
187,k_cold,not_converged,false,,,,,,,,
187,k_restarts,not_converged,false,,,,,,,,
188,arm_cold,ok,true,0.000024922017044,0.000101587036480,-1.769225661695770,-3.398755261589763,2.549621704666805,-3.552165382965592,-0.915195489742867,0.118673119619900
188,arm_restarts,ok,true,0.000024922017044,0.000101587036480,-1.769225661695770,-3.398755261589763,2.549621704666805,-3.552165382965592,-0.915195489742867,0.118673119619900
188,k_cold,not_converged,false,,,,,,,,
188,k_restarts,not_converged,false,,,,,,,,
189,arm_cold,ok,true,0.000019615642863,0.000200810433011,-3.103710680339719,-1.740396365240514,0.853739359894183,0.046115054882481,2.786948497497310,-2.989781403961148
189,arm_restarts,ok,true,0.000019615642863,0.000200810433011,-3.103710680339719,-1.740396365240514,0.853739359894183,0.046115054882481,2.786948497497310,-2.989781403961148
189,k_cold,not_converged,false,,,,,,,,
189,k_restarts,not_converged,false,,,,,,,,
190,arm_cold,ok,true,0.000033524279492,0.000178165993115,-2.793180377579375,0.538703087944280,2.764340264277290,-5.728532295381815,0.516004308788857,-1.378696857732396
190,arm_restarts,ok,true,0.000033524279492,0.000178165993115,-2.793180377579375,0.538703087944280,2.764340264277290,-5.728532295381815,0.516004308788857,-1.378696857732396
190,k_cold,not_converged,false,,,,,,,,
190,k_restarts,not_converged,false,,,,,,,,
191,arm_cold,not_converged,false,0.658288474455230,3.088125026691600,-5.180287433129624,-4.988475961955033,1.737701098073622,-3.679483422519970,-6.283190000000000,-0.301854681338761
191,arm_restarts,ok,true,0.000051280805494,0.000088809961601,3.030842554036658,-4.854984322348834,1.174363058827015,-3.032266372285362,4.694283725152220,-5.611067428912479
191,k_cold,not_converged,false,,,,,,,,
191,k_restarts,ok,true,0.000061760930243,0.000512212162956,3.030942522784874,-4.855099422696324,1.174464437027321,-3.031929806426205,4.694582480352567,-5.611242174574553
192,arm_cold,ok,true,0.000014762861489,0.000035343541332,2.893701904859571,0.936766161821471,1.911462914987096,-1.721879974691205,-4.927678892637427,-1.281729762215200
192,arm_restarts,ok,true,0.000014762861489,0.000035343541332,2.893701904859571,0.936766161821471,1.911462914987096,-1.721879974691205,-4.927678892637427,-1.281729762215200
192,k_cold,not_converged,false,,,,,,,,
192,k_restarts,ok,true,0.000052578129817,0.000151417638835,4.915481002922202,-4.092712917170076,-1.787316722140489,-1.984436894284974,-2.061499364118010,3.830151956761183
193,arm_cold,not_converged,false,0.003265470472173,0.470490013156875,-5.815167533505838,-4.567919341507351,1.089035873102644,-1.471393196231333,1.539178104283602,6.283190000000000
193,arm_restarts,ok,true,0.000000886362730,0.000000025716420,0.470078743320541,1.711230979968590,1.089330879875342,-1.471320923955406,-4.741977044699455,-5.810593290226552
193,k_cold,not_converged,false,,,,,,,,
193,k_restarts,not_converged,false,,,,,,,,
194,arm_cold,ok,true,0.000003579883915,0.000000060487233,1.297461528559533,-5.704176816631156,0.554864365203984,1.020960022985195,-0.818866102559602,0.619016464267281
194,arm_restarts,ok,true,0.000003579883915,0.000000060487233,1.297461528559533,-5.704176816631156,0.554864365203984,1.020960022985195,-0.818866102559602,0.619016464267281
194,k_cold,not_converged,false,,,,,,,,
194,k_restarts,ok,true,0.000051611333108,0.000261505836798,-4.985837063422367,1.110868140115717,-0.554996091405914,1.598885128120403,5.464607886791575,0.619006248565440
195,arm_cold,ok,true,0.000003396223480,0.000048143349023,-0.569156971878485,-0.962304377336041,1.984285325747586,-3.390818017889618,-2.631497221399030,-0.687414441629851
195,arm_restarts,ok,true,0.000003396223480,0.000048143349023,-0.569156971878485,-0.962304377336041,1.984285325747586,-3.390818017889618,-2.631497221399030,-0.687414441629851
195,k_cold,ok,true,0.000078763692731,0.000259376051651,-0.569180911248949,-0.962535464927289,1.984547702677085,-3.390476860360771,-2.631480602305293,-0.686877531452936
195,k_restarts,ok,true,0.000078763692731,0.000259376051651,-0.569180911248949,-0.962535464927289,1.984547702677085,-3.390476860360771,-2.631480602305293,-0.686877531452936
196,arm_cold,ok,true,0.000084569202602,0.000097690698068,-2.209013994484184,-0.267571431378149,1.540446314239510,-2.421789699697925,-3.860976239742371,0.591330997019114
196,arm_restarts,ok,true,0.000084569202602,0.000097690698068,-2.209013994484184,-0.267571431378149,1.540446314239510,-2.421789699697925,-3.860976239742371,0.591330997019114
196,k_cold,not_converged,false,,,,,,,,
196,k_restarts,ok,true,0.000051944157793,0.000109044564484,-2.208951383156160,6.015576804719683,1.540368724730465,3.861547603422313,2.422333674761609,0.591401840868530
197,arm_cold,ok,true,0.000010508431504,0.000119158228429,-1.166043922902239,-3.704505926602962,1.864069219892176,2.460163622126376,0.678183196220857,-0.725123031627948
197,arm_restarts,ok,true,0.000010508431504,0.000119158228429,-1.166043922902239,-3.704505926602962,1.864069219892176,2.460163622126376,0.678183196220857,-0.725123031627948
197,k_cold,not_converged,false,,,,,,,,
197,k_restarts,ok,true,0.000096109560418,0.000385336226928,-4.810214723436457,0.741632678432172,-2.027076625621048,-0.089784712074655,3.522087417972661,4.704546455034622
198,arm_cold,ok,true,0.000079399907608,0.000306995779596,-0.192412332310327,-1.865580004053215,2.545304506230559,-2.636274747623190,-0.830265831911806,2.645958217193649
198,arm_restarts,ok,true,0.000079399907608,0.000306995779596,-0.192412332310327,-1.865580004053215,2.545304506230559,-2.636274747623190,-0.830265831911806,2.645958217193649
198,k_cold,ok,true,0.000068518727164,0.000206834900450,-0.192535808998364,-1.865710045417371,2.545262160206552,-2.635818478607761,-0.830293836654418,2.645593216621559
198,k_restarts,ok,true,0.000068518727164,0.000206834900450,-0.192535808998364,-1.865710045417371,2.545262160206552,-2.635818478607761,-0.830293836654418,2.645593216621559
199,arm_cold,not_converged,false,0.177501336275547,0.276153525393687,0.417298940854022,-3.564531270623095,3.141500000000000,-2.172236330320656,-1.594274460206315,3.472022725671905
199,arm_restarts,ok,true,0.000048168209783,0.000159213773645,5.609695782021188,-4.994720005864930,2.707463437312805,-5.982683775510798,5.354634948392404,-3.759638696560732
199,k_cold,not_converged,false,,,,,,,,
199,k_restarts,ok,true,0.000095219540183,0.000346009762958,-6.274747550410082,2.943925383662975,-2.806363267740894,-2.417480521223689,4.976896532182826,3.163376677589510
200,arm_cold,ok,true,0.000000086767948,0.000000140540225,-1.942307607251066,-1.384176526741007,1.758063954243051,-5.664328699658413,-0.715184097281179,0.910329444367760
200,arm_restarts,ok,true,0.000000086767948,0.000000140540225,-1.942307607251066,-1.384176526741007,1.758063954243051,-5.664328699658413,-0.715184097281179,0.910329444367760
200,k_cold,not_converged,false,,,,,,,,
200,k_restarts,ok,true,0.000051665581257,0.000088172609624,-1.942314970075857,4.670974443341047,2.335625409849734,3.410798154144590,0.715148180814117,-2.231148840807353
201,arm_cold,not_converged,false,0.004888734450830,0.045844516834790,-2.977760894135928,-3.181467897481662,0.996069997274049,-6.283190000000000,-2.761040319846059,-5.272491137903875
201,arm_restarts,ok,true,0.000002711825634,0.000021570608885,-0.296719340078002,-1.234125733971675,1.096280312036094,-0.306033192688279,5.531369579649947,-2.670677370604895
201,k_cold,ok,true,0.000065571629216,0.000555409398725,-0.296668470600255,-1.234077685228111,1.096018640571866,-0.305902191722252,-0.752340101377847,3.612630220111289
201,k_restarts,ok,true,0.000065571629216,0.000555409398725,-0.296668470600255,-1.234077685228111,1.096018640571866,-0.305902191722252,-0.752340101377847,3.612630220111289
202,arm_cold,ok,true,0.000089946961971,0.000001623525831,5.010396353859496,-5.030647956946209,0.100230463607302,-1.358715241308339,1.777733192016940,-4.526615940216980
202,arm_restarts,ok,true,0.000089946961971,0.000001623525831,5.010396353859496,-5.030647956946209,0.100230463607302,-1.358715241308339,1.777733192016940,-4.526615940216980
202,k_cold,not_converged,false,,,,,,,,
202,k_restarts,ok,true,0.000077730538104,0.000067619109108,2.969481241909044,-4.387454564685440,-0.118252330626878,-1.754946672972332,6.019997816950887,-4.547156182847846
203,arm_cold,ok,true,0.000000047131139,0.000000011599115,-1.193700065443706,-0.851083170538984,2.448832044527028,-2.632678973278996,-1.999341357257402,2.467654495261161
203,arm_restarts,ok,true,0.000000047131139,0.000000011599115,-1.193700065443706,-0.851083170538984,2.448832044527028,-2.632678973278996,-1.999341357257402,2.467654495261161
203,k_cold,ok,true,0.000075529756671,0.000284829505861,-1.193682798894214,-0.851275468740213,2.449001050294712,-2.632751006170006,-1.999536634625848,2.467452738726440
203,k_restarts,ok,true,0.000075529756671,0.000284829505861,-1.193682798894214,-0.851275468740213,2.449001050294712,-2.632751006170006,-1.999536634625848,2.467452738726440
204,arm_cold,not_converged,false,0.049304966014220,0.027089299934764,-2.349316087978137,-1.246324127536289,3.118546938937542,-3.052080853265943,0.296452121328664,1.632688741985912
204,arm_restarts,ok,true,0.000001419776130,0.000001513073300,-3.506855439799796,-2.653974779016004,2.976472925175339,-0.003451870933826,-1.077922318537933,-5.995739989837421
204,k_cold,ok,true,0.000056662584720,0.000127915941105,-2.994617048197552,-1.813690902962156,2.890373344278855,-0.569666173801149,-0.605110669276422,0.013925746533697
204,k_restarts,ok,true,0.000056662584720,0.000127915941105,-2.994617048197552,-1.813690902962156,2.890373344278855,-0.569666173801149,-0.605110669276422,0.013925746533697
205,arm_cold,ok,true,0.000000190845157,0.000000061050926,-0.320122403403383,-0.768549850584592,2.186382222315562,-1.369678766932303,1.093222796467764,-1.597852336665540
205,arm_restarts,ok,true,0.000000190845157,0.000000061050926,-0.320122403403383,-0.768549850584592,2.186382222315562,-1.369678766932303,1.093222796467764,-1.597852336665540
205,k_cold,not_converged,false,,,,,,,,
205,k_restarts,ok,true,0.000073489661082,0.000451427014779,-0.320184574825920,6.055876313026780,1.947795743870118,1.469115025196124,-1.092848383976172,1.543505132942544
206,arm_cold,ok,true,0.000002682807172,0.000018501105349,-1.449648402934673,-4.764935380297281,2.031408927947256,-4.015709640934658,-4.433861372805564,-5.499350016846434
206,arm_restarts,ok,true,0.000002682807172,0.000018501105349,-1.449648402934673,-4.764935380297281,2.031408927947256,-4.015709640934658,-4.433861372805564,-5.499350016846434
206,k_cold,not_converged,false,,,,,,,,
206,k_restarts,ok,true,0.000072635174780,0.000400428303707,-5.450262626274107,1.615685890687836,-2.018504946472643,0.914229417754212,4.222398425422860,1.179468596580982
207,arm_cold,ok,true,0.000000045681064,0.000000103904313,-5.338359980606762,-4.908130970889860,2.635766739688532,-3.694078370256073,5.201507380554570,3.605341858093313
207,arm_restarts,ok,true,0.000000045681064,0.000000103904313,-5.338359980606762,-4.908130970889860,2.635766739688532,-3.694078370256073,5.201507380554570,3.605341858093313
207,k_cold,not_converged,false,,,,,,,,
207,k_restarts,not_converged,false,,,,,,,,
208,arm_cold,ok,true,0.000000606959849,0.000000001520041,-0.797867973636910,-0.322414009437454,0.363683562874888,-2.873777730756041,-2.338036743412792,0.750325032323233
208,arm_restarts,ok,true,0.000000606959849,0.000000001520041,-0.797867973636910,-0.322414009437454,0.363683562874888,-2.873777730756041,-2.338036743412792,0.750325032323233
208,k_cold,ok,true,0.000092425241563,0.000128096824596,-0.797869907923944,-0.323112373214182,0.365092858281358,-2.874369355530320,-2.337949420518600,0.750448108095856
208,k_restarts,ok,true,0.000092425241563,0.000128096824596,-0.797869907923944,-0.323112373214182,0.365092858281358,-2.874369355530320,-2.337949420518600,0.750448108095856
209,arm_cold,not_converged,false,0.000709030681762,0.192074514729129,-4.529161374696434,-6.216268719595523,2.273763896368624,-1.914837650930105,-4.957384406359162,-6.283190000000000
209,arm_restarts,ok,true,0.000000146808557,0.000001416235220,-5.906083511118078,3.011582937438663,-2.015546655980674,-2.398557939927852,5.865306650446112,1.304589438092071
209,k_cold,not_converged,false,,,,,,,,
209,k_restarts,ok,true,0.000081340629246,0.000779948971949,1.750246247810945,-5.716214502054318,1.836588871073924,-5.120034160808735,4.960383161522786,-3.334942959420587
210,arm_cold,not_converged,false,0.076998087764683,0.150285057577352,-6.283190000000000,-4.143260383643153,2.124700996914948,-3.230290050882031,-6.094550474609367,-5.453758272529535
210,arm_restarts,ok,true,0.000000061442589,0.000000516483912,2.458370021266134,0.760336679034972,-1.749196160493707,-4.945863386866710,-3.607664528214321,-4.183372836385595
210,k_cold,not_converged,false,,,,,,,,
210,k_restarts,not_converged,false,,,,,,,,
211,arm_cold,ok,true,0.000000160730816,0.000000213702585,-3.717244087691324,-1.627340297815389,1.589459863082034,-3.852512849799138,-1.351313880486958,0.240506974346880
211,arm_restarts,ok,true,0.000000160730816,0.000000213702585,-3.717244087691324,-1.627340297815389,1.589459863082034,-3.852512849799138,-1.351313880486958,0.240506974346880
211,k_cold,ok,true,0.000071603106069,0.000340254100205,-3.717164496726125,-1.627465365967177,1.589748690495133,-3.852514245797389,-1.351678753125715,0.240432672857306
211,k_restarts,ok,true,0.000071603106069,0.000340254100205,-3.717164496726125,-1.627465365967177,1.589748690495133,-3.852514245797389,-1.351678753125715,0.240432672857306
212,arm_cold,ok,true,0.000081099817781,0.000418427968127,-2.362227687515696,-3.443776383493555,2.953295109988353,-0.113959378157003,-0.130392593740536,0.948046963004964
212,arm_restarts,ok,true,0.000081099817781,0.000418427968127,-2.362227687515696,-3.443776383493555,2.953295109988353,-0.113959378157003,-0.130392593740536,0.948046963004964
212,k_cold,not_converged,false,,,,,,,,
212,k_restarts,ok,true,0.000078788763337,0.000616651884723,3.967630845494322,-4.302012637283925,-2.860661198400365,3.139267104141544,-6.187538401694484,4.368758451697379
213,arm_cold,ok,true,0.000011939655004,0.000108066086986,-2.099451962056349,-2.680941715589879,1.381227479148740,-0.418135036160349,-0.500791321107839,-1.038049070832935
213,arm_restarts,ok,true,0.000011939655004,0.000108066086986,-2.099451962056349,-2.680941715589879,1.381227479148740,-0.418135036160349,-0.500791321107839,-1.038049070832935
213,k_cold,ok,true,0.000067042081150,0.000192682387393,-0.255090999692238,-2.165906372614393,1.793600733020996,-2.247236777786285,-1.880467975784658,0.539178240963016
213,k_restarts,ok,true,0.000067042081150,0.000192682387393,-0.255090999692238,-2.165906372614393,1.793600733020996,-2.247236777786285,-1.880467975784658,0.539178240963016
214,arm_cold,ok,true,0.000000269156573,0.000000079381730,-4.950593348553125,-4.793220223418915,2.068803661874245,-1.516371584337319,0.467187018791199,1.946291241278094
214,arm_restarts,ok,true,0.000000269156573,0.000000079381730,-4.950593348553125,-4.793220223418915,2.068803661874245,-1.516371584337319,0.467187018791199,1.946291241278094
214,k_cold,not_converged,false,,,,,,,,
214,k_restarts,ok,true,0.000074105941962,0.000590999593763,3.847181308189012,-5.118642787772195,-1.881257511017978,-5.039602934884221,-4.064614720556789,-1.909627647729062
215,arm_cold,ok,true,0.000020147180701,0.000341490259686,-5.292180365016333,-2.065479033145602,1.710563771051884,1.439817431532116,-2.409467782739915,0.170007556647526
215,arm_restarts,ok,true,0.000020147180701,0.000341490259686,-5.292180365016333,-2.065479033145602,1.710563771051884,1.439817431532116,-2.409467782739915,0.170007556647526
215,k_cold,not_converged,false,,,,,,,,
215,k_restarts,ok,true,0.000058458786284,0.000253222659821,-5.292302305827184,3.717521104501432,2.073141439388613,-1.564264754209676,-3.873921586498922,-2.971556759324585
216,arm_cold,ok,true,0.000000976256259,0.000003240444233,-4.151953772016368,-1.073182391078071,2.786460017016262,-3.933323378283578,-1.321731290702992,-3.289805315646747
216,arm_restarts,ok,true,0.000000976256259,0.000003240444233,-4.151953772016368,-1.073182391078071,2.786460017016262,-3.933323378283578,-1.321731290702992,-3.289805315646747
216,k_cold,ok,true,0.000088783454304,0.000390682578617,-4.152370662218923,-5.012998714755394,-2.786643748416389,5.579882493256239,-1.321388130490138,-3.290522820834346
216,k_restarts,ok,true,0.000088783454304,0.000390682578617,-4.152370662218923,-5.012998714755394,-2.786643748416389,5.579882493256239,-1.321388130490138,-3.290522820834346
217,arm_cold,ok,true,0.000000362151823,0.000000689158243,-2.036764588144947,-2.102053368704034,0.866927210184000,3.630827562595044,-2.986955482113480,1.359920169687654
217,arm_restarts,ok,true,0.000000362151823,0.000000689158243,-2.036764588144947,-2.102053368704034,0.866927210184000,3.630827562595044,-2.986955482113480,1.359920169687654
217,k_cold,not_converged,false,,,,,,,,
217,k_restarts,not_converged,false,,,,,,,,
218,arm_cold,ok,true,0.000000103505011,0.000000015414112,-1.450474527889668,-3.545877902028566,1.946545208696316,3.077963586603546,-0.901352628068584,-0.544559566164282
218,arm_restarts,ok,true,0.000000103505011,0.000000015414112,-1.450474527889668,-3.545877902028566,1.946545208696316,3.077963586603546,-0.901352628068584,-0.544559566164282
218,k_cold,ok,true,0.000057142734119,0.000096757341344,-1.450464851224782,-3.545943255750881,1.946711784274799,3.077786772594093,-0.901287256825291,-0.544550969533504
218,k_restarts,ok,true,0.000057142734119,0.000096757341344,-1.450464851224782,-3.545943255750881,1.946711784274799,3.077786772594093,-0.901287256825291,-0.544550969533504
219,arm_cold,ok,true,0.000027655744872,0.000152204323287,0.499936875872415,-2.226470944648279,2.056767260339547,0.774313678768992,-4.551448249172215,-4.150660676577167
219,arm_restarts,ok,true,0.000027655744872,0.000152204323287,0.499936875872415,-2.226470944648279,2.056767260339547,0.774313678768992,-4.551448249172215,-4.150660676577167
219,k_cold,not_converged,false,,,,,,,,
219,k_restarts,ok,true,0.000084463740156,0.000514953566631,-5.782655167334044,-0.369644780595671,-2.553562931621491,0.386433305606468,4.550398028515297,-1.008906698729428
220,arm_cold,ok,true,0.000065736559780,0.000003672429363,-5.689817154437857,-4.960559902388622,0.404769268574510,-3.483828207159473,-1.765862858075901,-5.409279574870951
220,arm_restarts,ok,true,0.000065736559780,0.000003672429363,-5.689817154437857,-4.960559902388622,0.404769268574510,-3.483828207159473,-1.765862858075901,-5.409279574870951
220,k_cold,not_converged,false,,,,,,,,
220,k_restarts,ok,true,0.000076920112025,0.000042929961726,-5.689794975537856,1.710910036321649,-0.404952744489243,-3.062350973719457,4.517330735510650,0.873950371654470
221,arm_cold,ok,true,0.000054193164821,0.000092753763760,-1.531402250122190,-4.926276910791786,1.125927138433632,-5.077599817274738,-1.569653899384967,-5.539773491154481
221,arm_restarts,ok,true,0.000054193164821,0.000092753763760,-1.531402250122190,-4.926276910791786,1.125927138433632,-5.077599817274738,-1.569653899384967,-5.539773491154481
221,k_cold,not_converged,false,,,,,,,,
221,k_restarts,ok,true,0.000079053831314,0.000175490888004,-6.020709514724406,2.236466021069247,-1.696281860605104,-1.764468115217719,3.727422085035388,2.723760967757093
222,arm_cold,ok,true,0.000023290541420,0.000076194774595,-0.444194784240427,-2.661104851222975,1.827860960323823,-0.878962888354316,-0.999050138108879,1.522931378990224
222,arm_restarts,ok,true,0.000023290541420,0.000076194774595,-0.444194784240427,-2.661104851222975,1.827860960323823,-0.878962888354316,-0.999050138108879,1.522931378990224
222,k_cold,ok,true,0.000070131349217,0.000259240307484,-0.230493809523334,-2.628819544224808,1.884826908036092,-1.096660489042894,-1.042971063127093,1.768365244989391
222,k_restarts,ok,true,0.000070131349217,0.000259240307484,-0.230493809523334,-2.628819544224808,1.884826908036092,-1.096660489042894,-1.042971063127093,1.768365244989391
223,arm_cold,not_converged,false,0.008475538082505,0.526009683219086,-4.132831966808263,-4.452549072958946,2.319633024005777,-5.886111529721887,1.026156155341711,6.283190000000000
223,arm_restarts,ok,true,0.000000039410119,0.000000006659575,4.173032133137194,-1.099717857589466,2.808851742650505,-2.720004903096425,1.664360153206409,-1.514071893296855
223,k_cold,not_converged,false,,,,,,,,
223,k_restarts,ok,true,0.000052804620868,0.000156323773001,2.111447962466938,-4.638605619574240,2.825407433815616,-3.094311375017833,5.248164822404813,-2.567350820911373
224,arm_cold,ok,true,0.000001529546738,0.000000009038956,-1.962708705204852,-2.862966629577584,0.810047102444985,0.582131345003084,-0.463215966944028,-0.547077358862578
224,arm_restarts,ok,true,0.000001529546738,0.000000009038956,-1.962708705204852,-2.862966629577584,0.810047102444985,0.582131345003084,-0.463215966944028,-0.547077358862578
224,k_cold,not_converged,false,,,,,,,,
224,k_restarts,ok,true,0.000051549824959,0.000138623400769,-5.637269177432122,0.028367621960367,-1.601641033253667,-0.834330334946345,3.867629238981481,1.728955284679796
225,arm_cold,ok,true,0.000000859200027,0.000000000671513,-1.075502745117549,-0.476546933437964,0.200329798279227,-0.275449296623091,-2.362864012936578,3.940498586607136
225,arm_restarts,ok,true,0.000000859200027,0.000000000671513,-1.075502745117549,-0.476546933437964,0.200329798279227,-0.275449296623091,-2.362864012936578,3.940498586607136
225,k_cold,ok,true,0.000078223815599,0.000240597485370,-1.075477843577572,-0.477090232174231,0.201278446149403,-0.275868622834867,-2.363082550514398,3.940491138993131
225,k_restarts,ok,true,0.000078223815599,0.000240597485370,-1.075477843577572,-0.477090232174231,0.201278446149403,-0.275868622834867,-2.363082550514398,3.940491138993131
226,arm_cold,not_converged,false,0.242059192801436,0.438301301944379,-0.898193461245758,-3.984784800724676,3.141500000000000,-2.044783324611608,-5.240130881083801,-0.682834281817994
226,arm_restarts,ok,true,0.000000106219523,0.000001216124915,-2.969668139256789,-4.693695785704626,2.511844168514791,0.329444351361840,-3.740292680947048,-5.322045024295628
226,k_cold,not_converged,false,,,,,,,,
226,k_restarts,ok,true,0.000045033317937,0.000714924021127,-1.378217261228218,6.207321425703993,2.706075897513422,1.092862455928234,1.396292031635517,-0.386942317605722
227,arm_cold,ok,true,0.000000705562597,0.000001346019827,-0.484509041626461,-2.549753440854956,1.149396678874444,-1.185928540598888,-0.136891665287793,1.587169865276125
227,arm_restarts,ok,true,0.000000705562597,0.000001346019827,-0.484509041626461,-2.549753440854956,1.149396678874444,-1.185928540598888,-0.136891665287793,1.587169865276125
227,k_cold,not_converged,false,,,,,,,,
227,k_restarts,ok,true,0.000055189596814,0.000035732634670,-4.668059829884666,4.442817831168226,1.307606973629053,-2.518791226678949,4.068971380908430,2.192422651106997
228,arm_cold,not_converged,false,0.222406274410583,2.361996458293539,-0.676004814076370,-4.404614576820031,-0.830842673723723,-6.253863761237551,-6.283190000000000,-4.483836648763340
228,arm_restarts,ok,true,0.000010297126735,0.000000218813704,-5.562667598565872,-5.356302668350368,0.646582182171542,2.211948736492700,1.278457383105498,-2.499506530069614
228,k_cold,not_converged,false,,,,,,,,
228,k_restarts,ok,true,0.000054623513733,0.000155125710136,-5.562670496083519,1.545463517634817,-1.161018821532376,0.259336910841975,5.004846846940015,0.642009585369577
229,arm_cold,ok,true,0.000062310542717,0.000156411475189,-3.624163964033781,-1.800421613574501,2.222640016054350,-3.471339432709199,-0.152553957447306,-1.549879005506266
229,arm_restarts,ok,true,0.000062310542717,0.000156411475189,-3.624163964033781,-1.800421613574501,2.222640016054350,-3.471339432709199,-0.152553957447306,-1.549879005506266
229,k_cold,not_converged,false,,,,,,,,
229,k_restarts,ok,true,0.000071498749070,0.000191284864149,2.659041223240469,4.483282435197565,2.222393124349182,-3.473499426810951,-0.152574670080928,-1.547874557164198
230,arm_cold,not_converged,false,0.113109106140530,0.210773710743691,-3.403565751593288,-2.336978553344975,3.141500000000000,-1.551147463435124,-1.969673119481625,-0.046544271708883
230,arm_restarts,ok,true,0.000002173952783,0.000007073345701,-2.670935103866880,6.192124026099628,2.492879426801009,0.234024922141576,1.319157951899297,-2.820215979281234
230,k_cold,not_converged,false,,,,,,,,
230,k_restarts,ok,true,0.000032079067115,0.000504555155473,-2.670961256367345,6.191964056353834,2.493021755473881,0.233720813727444,1.319376539359264,-2.819804906476273
231,arm_cold,ok,true,0.000000484373807,0.000001764245417,-3.581584917795012,-3.291204883118727,2.917430115565920,-1.666125039927394,-0.329308508475788,-2.782823443251774
231,arm_restarts,ok,true,0.000000484373807,0.000001764245417,-3.581584917795012,-3.291204883118727,2.917430115565920,-1.666125039927394,-0.329308508475788,-2.782823443251774
231,k_cold,not_converged,false,,,,,,,,
231,k_restarts,not_converged,false,,,,,,,,
232,arm_cold,ok,true,0.000000157778518,0.000000000040074,-1.524929236426970,0.578176187485852,0.475613277324026,-0.649977562300225,-2.378146505590014,-0.082890932566835
232,arm_restarts,ok,true,0.000000157778518,0.000000000040074,-1.524929236426970,0.578176187485852,0.475613277324026,-0.649977562300225,-2.378146505590014,-0.082890932566835
232,k_cold,ok,true,0.000091394790256,0.000071744133085,-1.524925156992680,0.577654340007550,0.476681862816993,-0.650629334073542,-2.378137246706692,-0.082964804185059
232,k_restarts,ok,true,0.000091394790256,0.000071744133085,-1.524925156992680,0.577654340007550,0.476681862816993,-0.650629334073542,-2.378137246706692,-0.082964804185059
233,arm_cold,ok,true,0.000000507473532,0.000000322889724,-1.996375932588092,-3.781211176264207,2.652019086889040,-1.781065293983601,-1.357443244137069,2.122058955334751
233,arm_restarts,ok,true,0.000000507473532,0.000000322889724,-1.996375932588092,-3.781211176264207,2.652019086889040,-1.781065293983601,-1.357443244137069,2.122058955334751
233,k_cold,not_converged,false,,,,,,,,
233,k_restarts,ok,true,0.000057812088178,0.000122111993200,5.973614242929456,-6.007235976983714,-2.287162972488639,-3.121492123327335,-3.389491331734169,0.169128347399910
234,arm_cold,ok,true,0.000092426867701,0.000024885852116,-0.467222220296117,-3.819169458550704,1.395655577701456,0.146181556344249,1.266155610263854,-2.107853998070998
234,arm_restarts,ok,true,0.000092426867701,0.000024885852116,-0.467222220296117,-3.819169458550704,1.395655577701456,0.146181556344249,1.266155610263854,-2.107853998070998
234,k_cold,not_converged,false,,,,,,,,
234,k_restarts,not_converged,false,,,,,,,,
235,arm_cold,ok,true,0.000035192347001,0.000021167417852,0.164237832433365,0.985557613615205,2.627444918574441,-1.241971978686114,-0.987155121601551,-1.388390439901903
235,arm_restarts,ok,true,0.000035192347001,0.000021167417852,0.164237832433365,0.985557613615205,2.627444918574441,-1.241971978686114,-0.987155121601551,-1.388390439901903
235,k_cold,not_converged,false,,,,,,,,
235,k_restarts,not_converged,false,,,,,,,,
236,arm_cold,ok,true,0.000000302443061,0.000000000978019,-1.717983673332348,-0.082311584298574,0.759010455226394,-2.925224637175397,-0.756896222821290,-2.265774887469759
236,arm_restarts,ok,true,0.000000302443061,0.000000000978019,-1.717983673332348,-0.082311584298574,0.759010455226394,-2.925224637175397,-0.756896222821290,-2.265774887469759
236,k_cold,ok,true,0.000096197867342,0.000184357617299,-1.717989384245589,-0.082596964039921,0.759626715587231,-2.925740792730595,-0.756984683599651,-2.265551087005151
236,k_restarts,ok,true,0.000096197867342,0.000184357617299,-1.717989384245589,-0.082596964039921,0.759626715587231,-2.925740792730595,-0.756984683599651,-2.265551087005151
237,arm_cold,not_converged,false,0.162442631414980,0.263446498858037,-2.295315974726329,-3.007466191947294,3.141500000000000,-1.945863520082637,-2.572881830285719,0.855097652441540
237,arm_restarts,ok,true,0.000000820771633,0.000001751198968,-3.084396968598677,-5.876879305462310,3.020673625253170,3.601453691496649,-4.058240914203352,-3.372008993025826
237,k_cold,not_converged,false,,,,,,,,
237,k_restarts,ok,true,0.000063409353969,0.000561762025018,-2.322738382313865,5.822701517523529,2.648770231645497,-0.620949365739236,2.573808756933067,-2.316987372175787
238,arm_cold,not_converged,false,0.064442174375377,1.291446696988631,-6.283190000000000,-2.999718036927276,1.148302267233468,-3.323801531751543,-0.723783302922854,6.283190000000000
238,arm_restarts,ok,true,0.000067828617927,0.000091961987566,-3.662146749623472,-0.242939908941054,-0.959013565123864,-5.818936613543976,-4.129460717836885,-4.442684372132659
238,k_cold,not_converged,false,,,,,,,,
238,k_restarts,not_converged,false,,,,,,,,
239,arm_cold,ok,true,0.000003284518695,0.000000024741024,-0.540428467953786,-1.039180509189348,0.605755694662812,-2.422590929494730,-1.780037489469659,1.739210068996561
239,arm_restarts,ok,true,0.000003284518695,0.000000024741024,-0.540428467953786,-1.039180509189348,0.605755694662812,-2.422590929494730,-1.780037489469659,1.739210068996561
239,k_cold,ok,true,0.000068949780702,0.000163336391195,-0.540453762828402,-1.039475397045187,0.606299418868404,-2.422816166112805,-1.779860460812553,1.739260334237854
239,k_restarts,ok,true,0.000068949780702,0.000163336391195,-0.540453762828402,-1.039475397045187,0.606299418868404,-2.422816166112805,-1.779860460812553,1.739260334237854
240,arm_cold,ok,true,0.000068601231610,0.000039042993470,-2.390518073589962,-1.195477408738670,2.653685111914138,-1.807737132667316,-3.908894243901377,0.339738237454561
240,arm_restarts,ok,true,0.000068601231610,0.000039042993470,-2.390518073589962,-1.195477408738670,2.653685111914138,-1.807737132667316,-3.908894243901377,0.339738237454561
240,k_cold,not_converged,false,,,,,,,,
240,k_restarts,not_converged,false,,,,,,,,
241,arm_cold,not_converged,false,0.017516339479324,0.126865514456640,1.232897919504130,-5.825770760169894,1.550091024030019,-6.283190000000000,-4.557462825477608,-5.695273886208979
241,arm_restarts,ok,true,0.000005492291417,0.000086424032795,6.065945674503448,-5.079192687041536,1.604343557374736,-4.503121443658904,4.390333251503211,-4.059925715902555
241,k_cold,not_converged,false,,,,,,,,
241,k_restarts,ok,true,0.000093725272256,0.000174003177800,-5.049861461907803,2.406693107454648,-1.879640630466810,-1.789384200674130,4.557329081933811,3.718039655696281
242,arm_cold,not_converged,false,0.107739151261269,0.520032046307214,-3.336915514044930,-5.607812119737959,1.730718393705770,-3.409078743935122,-3.046197761224832,-6.283190000000000
242,arm_restarts,ok,true,0.000097189694918,0.000075205390219,1.614056171792402,-5.636421598618633,1.896891297300553,-2.444273842393923,1.846883605520442,-5.773663622503542
242,k_cold,not_converged,false,,,,,,,,
242,k_restarts,ok,true,0.000070758867571,0.000135087264916,1.540779506338184,-5.615810034075285,1.897590464983537,-2.467358563911647,1.774004461356995,-5.781166023094722
243,arm_cold,ok,true,0.000001242958148,0.000000932439858,-1.259158496467109,-1.933218435946360,1.270534398235990,4.100660092629134,-5.093752257902231,-4.894088372438850
243,arm_restarts,ok,true,0.000001242958148,0.000000932439858,-1.259158496467109,-1.933218435946360,1.270534398235990,4.100660092629134,-5.093752257902231,-4.894088372438850
243,k_cold,not_converged,false,,,,,,,,
243,k_restarts,not_converged,false,,,,,,,,
244,arm_cold,ok,true,0.000009831818259,0.000038530282367,-2.415205104235048,-0.833135663911155,2.659744733454449,-4.909934342174309,-1.739224966501783,-3.257713593285536
244,arm_restarts,ok,true,0.000009831818259,0.000038530282367,-2.415205104235048,-0.833135663911155,2.659744733454449,-4.909934342174309,-1.739224966501783,-3.257713593285536
244,k_cold,not_converged,false,,,,,,,,
244,k_restarts,ok,true,0.000085759331462,0.000419857008096,3.868158114042856,-5.737246902208955,-2.551092886108051,-4.219686845290868,-4.543485975123938,-0.116326731120727
245,arm_cold,ok,true,0.000096846785555,0.000108695918607,-2.612165066512504,-4.118779642075802,1.858971074772969,-0.776725421300983,-2.290552396005674,-1.076995504709996
245,arm_restarts,ok,true,0.000096846785555,0.000108695918607,-2.612165066512504,-4.118779642075802,1.858971074772969,-0.776725421300983,-2.290552396005674,-1.076995504709996
245,k_cold,ok,true,0.000058291821479,0.000361196388802,-0.018895806019531,-1.181104294805234,1.852063741076605,-0.751232446738960,-1.397505029577901,2.009363982137606
245,k_restarts,ok,true,0.000058291821479,0.000361196388802,-0.018895806019531,-1.181104294805234,1.852063741076605,-0.751232446738960,-1.397505029577901,2.009363982137606
246,arm_cold,ok,true,0.000000086780251,0.000000046701070,1.968807961959046,-1.289897737168604,1.399317286131888,-0.154043285666964,-2.046930771047137,-0.695522036074762
246,arm_restarts,ok,true,0.000000086780251,0.000000046701070,1.968807961959046,-1.289897737168604,1.399317286131888,-0.154043285666964,-2.046930771047137,-0.695522036074762
246,k_cold,not_converged,false,,,,,,,,
246,k_restarts,ok,true,0.000059815354848,0.000482124416333,-4.314544027165436,4.993216314777020,1.399278848229670,-0.154259778496564,4.236450899579299,-0.695814736207446
247,arm_cold,not_converged,false,0.585563076946122,1.470578093370219,-6.283190000000000,4.329083758932177,-1.282945766791430,-3.899427655967426,2.997311773856344,-6.283190000000000
247,arm_restarts,ok,true,0.000000087007091,0.000000024837069,-4.423603099128540,5.339099812147636,1.231208214405577,-2.095424333079844,-5.787079621078389,-4.028739632244609
247,k_cold,not_converged,false,,,,,,,,
247,k_restarts,ok,true,0.000055396146161,0.000098430150116,-4.423606400076819,5.338996671558107,1.231436697913191,-2.095586357269404,-5.787145123697929,-4.028777107747625
248,arm_cold,not_converged,false,0.009611928803993,1.481300370404965,-0.924390454152845,-4.522242918238118,1.868416474016710,0.412014768233966,-1.025595615038713,-6.283190000000000
248,arm_restarts,ok,true,0.000016045044321,0.000030795211336,-0.952083544749792,-4.629480118019992,2.409358989127905,3.135161258374821,1.010175597637239,-4.649473149439157
248,k_cold,not_converged,false,,,,,,,,
248,k_restarts,ok,true,0.000057560060063,0.000327747243017,-4.822289024752684,1.679671030219289,-2.387684437065321,-0.815980578378820,3.878771248759096,0.730794672477619
249,arm_cold,ok,true,0.000001352254059,0.000001236225554,-0.831857680786482,-4.895768775428021,2.431431773063089,-3.225771542794689,-3.035936391959188,-1.001198678627905
249,arm_restarts,ok,true,0.000001352254059,0.000001236225554,-0.831857680786482,-4.895768775428021,2.431431773063089,-3.225771542794689,-3.035936391959188,-1.001198678627905
249,k_cold,not_converged,false,,,,,,,,
249,k_restarts,ok,true,0.000058994291766,0.000185740271077,-4.855576809508838,5.707907384391283,2.311325474434150,-1.653452660976413,5.487253407404148,-1.649535549488793
250,arm_cold,ok,true,0.000002991517127,0.000000018190797,4.190968604956449,-3.515003969088349,0.291451036455330,-1.755060200045984,-3.431520772989194,-0.439524580900312
250,arm_restarts,ok,true,0.000002991517127,0.000000018190797,4.190968604956449,-3.515003969088349,0.291451036455330,-1.755060200045984,-3.431520772989194,-0.439524580900312
250,k_cold,not_converged,false,,,,,,,,
250,k_restarts,not_converged,false,,,,,,,,
251,arm_cold,ok,true,0.000002848737414,0.000007819032554,1.670599855851290,-1.571690136484699,0.866927560402921,0.412452265660142,0.521071477590527,-1.007338229433657
251,arm_restarts,ok,true,0.000002848737414,0.000007819032554,1.670599855851290,-1.571690136484699,0.866927560402921,0.412452265660142,0.521071477590527,-1.007338229433657
251,k_cold,not_converged,false,,,,,,,,
251,k_restarts,ok,true,0.000065887882889,0.000077092287777,-4.612570371364335,-0.236543017723198,-1.480999045189733,-1.716399918335474,5.762116107995667,2.134349750325212
252,arm_cold,ok,true,0.000015705625505,0.000083934589804,-0.591828280206375,-5.437861551952905,2.879773307420622,-3.378543456860628,-2.513842529465812,-5.568804621855802
252,arm_restarts,ok,true,0.000015705625505,0.000083934589804,-0.591828280206375,-5.437861551952905,2.879773307420622,-3.378543456860628,-2.513842529465812,-5.568804621855802
252,k_cold,not_converged,false,,,,,,,,
252,k_restarts,ok,true,0.000091060592215,0.000250343112029,-5.807825367481646,1.947796299674452,-2.807980813281207,1.061948714033919,4.806002109369993,0.410919621946168
253,arm_cold,not_converged,false,0.437830736904339,1.013359235544046,-6.283190000000000,-3.170788311134788,1.463197242372035,0.233072630567623,-1.159571359605054,-3.207292432999062
253,arm_restarts,ok,true,0.000098248368353,0.000036303945243,5.353716980079572,-3.207662922209078,1.489307702615207,-2.934972431773006,1.153114233768609,0.025720108297817
253,k_cold,not_converged,false,,,,,,,,
253,k_restarts,ok,true,0.000094940472056,0.000361826159417,-4.523957360929008,0.107358418702460,-1.519759316834019,-0.401548470954269,4.364299783854522,5.825327664703959
254,arm_cold,ok,true,0.000000383358854,0.000003922455173,-0.763683079154737,-1.758137236973771,0.384586865013887,1.910075105555338,-1.077073387971543,0.859408893008534
254,arm_restarts,ok,true,0.000000383358854,0.000003922455173,-0.763683079154737,-1.758137236973771,0.384586865013887,1.910075105555338,-1.077073387971543,0.859408893008534
254,k_cold,ok,true,0.000079460686544,0.000613584087816,-0.005142760947234,-1.698110850654582,0.653677657000593,2.153955784596474,-0.526057049359404,0.085255966674485
254,k_restarts,ok,true,0.000079460686544,0.000613584087816,-0.005142760947234,-1.698110850654582,0.653677657000593,2.153955784596474,-0.526057049359404,0.085255966674485
255,arm_cold,ok,true,0.000020846726962,0.000000048589109,0.995085937882031,-0.414174617358499,0.421399984870256,1.095939164612745,-4.283759364064585,4.831047515959051
255,arm_restarts,ok,true,0.000020846726962,0.000000048589109,0.995085937882031,-0.414174617358499,0.421399984870256,1.095939164612745,-4.283759364064585,4.831047515959051
255,k_cold,not_converged,false,,,,,,,,
255,k_restarts,ok,true,0.000070808487294,0.000748443248106,-5.288162785159953,0.567877013534241,-1.466074083949214,-1.139987391738857,4.284407346594427,1.689845805437447
256,arm_cold,ok,true,0.000047156111389,0.000019776571532,1.594430803205418,-0.433380901154593,-0.854607274766054,-6.170781553930937,3.161614962184506,0.489455451337851
256,arm_restarts,ok,true,0.000047156111389,0.000019776571532,1.594430803205418,-0.433380901154593,-0.854607274766054,-6.170781553930937,3.161614962184506,0.489455451337851
256,k_cold,not_converged,false,,,,,,,,
256,k_restarts,ok,true,0.000084387884657,0.000234928039433,-4.688747170508936,-0.435254515156479,-0.851227930415098,0.117156010349384,3.161825805797340,0.495724946493486
257,arm_cold,ok,true,0.000084876359128,0.000050224481023,-4.529075233407371,-2.500120513336763,3.027358675085039,-3.480092681241848,-5.116747087792803,2.113806450345789
257,arm_restarts,ok,true,0.000084876359128,0.000050224481023,-4.529075233407371,-2.500120513336763,3.027358675085039,-3.480092681241848,-5.116747087792803,2.113806450345789
257,k_cold,not_converged,false,,,,,,,,
257,k_restarts,ok,true,0.000064968188569,0.000145246452507,-4.531704502661452,3.719577071141963,2.509124531527231,0.243003724118302,5.114305060438301,-1.027259577474475
258,arm_cold,ok,true,0.000000112159097,0.000000419936762,-2.346523659177812,-2.055267676998686,2.712874158167715,-0.285709705585487,-1.567780560674644,2.267189986983332
258,arm_restarts,ok,true,0.000000112159097,0.000000419936762,-2.346523659177812,-2.055267676998686,2.712874158167715,-0.285709705585487,-1.567780560674644,2.267189986983332
258,k_cold,ok,true,0.000080379546491,0.000319956416232,-2.345177444363209,-2.054522196709097,2.712544656070509,-0.286030628729573,-1.566808962334069,2.266818141052752
258,k_restarts,ok,true,0.000080379546491,0.000319956416232,-2.345177444363209,-2.054522196709097,2.712544656070509,-0.286030628729573,-1.566808962334069,2.266818141052752
259,arm_cold,ok,true,0.000020438198354,0.000003359164277,0.633266793250814,-1.177188398772862,0.997780766805982,-0.495134602816397,-1.139851046134348,4.716713612202707
259,arm_restarts,ok,true,0.000020438198354,0.000003359164277,0.633266793250814,-1.177188398772862,0.997780766805982,-0.495134602816397,-1.139851046134348,4.716713612202707
259,k_cold,not_converged,false,,,,,,,,
259,k_restarts,ok,true,0.000032848020448,0.000644424386557,-5.650073857515143,5.437177941125555,0.876407540805929,-3.846545186980038,-5.143846587799109,-4.708050296736023
260,arm_cold,not_converged,false,0.244395257011147,0.671801980598901,-6.283190000000000,-2.663236626615471,0.838798871103075,-0.820738283800284,-1.921235575802962,3.152877626575082
260,arm_restarts,not_converged,false,0.072187552639699,0.016432702432698,-4.314322846018077,5.369728418461252,-0.251046602404934,0.684696914767795,4.610913983842921,-0.218817272772633
260,k_cold,not_converged,false,,,,,,,,
260,k_restarts,not_converged,false,,,,,,,,
261,arm_cold,ok,true,0.000096517620155,0.000000724220664,-1.528788813050666,0.813515009693169,0.030902424281884,-4.375225720271483,-1.828322602784226,2.140414120168381
261,arm_restarts,ok,true,0.000096517620155,0.000000724220664,-1.528788813050666,0.813515009693169,0.030902424281884,-4.375225720271483,-1.828322602784226,2.140414120168381
261,k_cold,not_converged,false,,,,,,,,
261,k_restarts,not_converged,false,,,,,,,,
262,arm_cold,ok,true,0.000019839878640,0.000004590334217,-1.200496192529777,-3.018869776281133,1.001215103317445,-2.369911414845871,-4.293389666760410,0.975133211424512
262,arm_restarts,ok,true,0.000019839878640,0.000004590334217,-1.200496192529777,-3.018869776281133,1.001215103317445,-2.369911414845871,-4.293389666760410,0.975133211424512
262,k_cold,not_converged,false,,,,,,,,
262,k_restarts,ok,true,0.000053889290260,0.000114349659898,-4.727945916243096,-0.164669147326875,-0.964354680226989,-0.576075689926558,5.220689981733621,0.554664385362986
263,arm_cold,ok,true,0.000000694344887,0.000000269861804,-2.875358867877664,-2.172519498303464,3.062776167497677,-3.405519804197066,-1.393887655999395,-1.177539475223716
263,arm_restarts,ok,true,0.000000694344887,0.000000269861804,-2.875358867877664,-2.172519498303464,3.062776167497677,-3.405519804197066,-1.393887655999395,-1.177539475223716
263,k_cold,ok,true,0.000081424758024,0.000164156582268,-2.874885601676026,-2.173118318915435,3.062677960430400,-3.404965356429342,-1.394375222148534,-1.177329626758037
263,k_restarts,ok,true,0.000081424758024,0.000164156582268,-2.874885601676026,-2.173118318915435,3.062677960430400,-3.404965356429342,-1.394375222148534,-1.177329626758037
264,arm_cold,not_converged,false,0.003975907236175,0.012855400739794,5.400072749212678,2.762534122329171,0.074863431285864,0.301849542276063,5.040264152643431,-6.283190000000000
264,arm_restarts,not_converged,false,0.003999157061343,0.000803852202174,1.914881760942929,0.382613732570010,-0.082278481657738,-3.438442061803198,-4.040879184893800,-0.011913468252908
264,k_cold,not_converged,false,,,,,,,,
264,k_restarts,ok,true,0.000095311039148,0.000258215162486,-4.368185949784208,0.400033535789523,-0.630956081937273,0.233459579282849,4.040858333758486,3.129733197005462
265,arm_cold,not_converged,false,0.013180175923741,0.620173138187844,-2.793716843932401,-5.038350101908300,0.761806214441887,-6.190108621464044,1.884987132649287,6.283190000000000
265,arm_restarts,ok,true,0.000059491439821,0.000151690243048,3.585433939141010,-5.051214843189352,0.741506549818891,0.132356319117751,1.844221883715145,-5.582263151367216
265,k_cold,not_converged,false,,,,,,,,
265,k_restarts,ok,true,0.000052923237925,0.000081045918145,4.852597278594269,-4.136858521456403,-1.234050281247741,-2.028774486353639,-1.172768782916214,4.940929121573200
266,arm_cold,ok,true,0.000005059443537,0.000000148392776,-1.637560014727760,-1.044278397285195,1.141902706547716,-4.133790187742163,-0.980582241000478,0.327108208101700
266,arm_restarts,ok,true,0.000005059443537,0.000000148392776,-1.637560014727760,-1.044278397285195,1.141902706547716,-4.133790187742163,-0.980582241000478,0.327108208101700
266,k_cold,ok,true,0.000088902515994,0.000321577887162,-1.637594704189022,-1.044526715224560,1.142435941676679,-4.133758026736791,-0.980399935574312,0.326949728354388
266,k_restarts,ok,true,0.000088902515994,0.000321577887162,-1.637594704189022,-1.044526715224560,1.142435941676679,-4.133758026736791,-0.980399935574312,0.326949728354388
267,arm_cold,ok,true,0.000040507803336,0.000353286601103,2.059425504624524,-5.220368425028378,0.878767901395118,-4.676365711289654,-2.781485916551263,0.689565831084530
267,arm_restarts,ok,true,0.000040507803336,0.000353286601103,2.059425504624524,-5.220368425028378,0.878767901395118,-4.676365711289654,-2.781485916551263,0.689565831084530
267,k_cold,not_converged,false,,,,,,,,
267,k_restarts,ok,true,0.000057968371480,0.000026137819520,2.059332700629826,-4.210754621063662,-1.594536551187718,6.211056272321403,2.781342242672944,3.830020178406939
268,arm_cold,not_converged,false,0.004661644157546,0.908468278757624,-5.073715786512702,2.245776066252624,0.195014780602802,-1.913283759076568,-5.212538191702322,6.283190000000000
268,arm_restarts,ok,true,0.000027922757899,0.000000030183298,-5.072840444654329,2.357087567844221,-0.024013163634100,4.463915850014635,1.076843268664199,-5.367882698146452
268,k_cold,not_converged,false,,,,,,,,
268,k_restarts,not_converged,false,,,,,,,,
269,arm_cold,ok,true,0.000077002447182,0.000406148878596,-2.296526756357085,-2.372648334331640,1.813142175864014,-0.328125331881382,-4.601892216479825,-0.574531049609691
269,arm_restarts,ok,true,0.000077002447182,0.000406148878596,-2.296526756357085,-2.372648334331640,1.813142175864014,-0.328125331881382,-4.601892216479825,-0.574531049609691
269,k_cold,ok,true,0.000063502949211,0.000765710884777,-3.620012921077309,-2.812635862063056,1.786447445007062,-0.218003006273555,-5.332603748973888,0.603543943374449
269,k_restarts,ok,true,0.000063502949211,0.000765710884777,-3.620012921077309,-2.812635862063056,1.786447445007062,-0.218003006273555,-5.332603748973888,0.603543943374449
270,arm_cold,ok,true,0.000020029186349,0.000001279462549,-1.764782906684880,-3.540993093454077,0.381321894940864,-4.643649339778506,-0.223309820151634,-3.136163781707110
270,arm_restarts,ok,true,0.000020029186349,0.000001279462549,-1.764782906684880,-3.540993093454077,0.381321894940864,-4.643649339778506,-0.223309820151634,-3.136163781707110
270,k_cold,not_converged,false,,,,,,,,
270,k_restarts,ok,true,0.000059396351025,0.000161213953750,-5.293474260369123,0.943491790283743,-1.149926568359715,-2.406246603601741,3.595253732189151,-1.029773246554341
271,arm_cold,ok,true,0.000035589738422,0.000072593581128,-2.324845361717817,-2.333122311502776,1.895644335925087,-1.489235931467039,1.249493237831072,1.746632610315334
271,arm_restarts,ok,true,0.000035589738422,0.000072593581128,-2.324845361717817,-2.333122311502776,1.895644335925087,-1.489235931467039,1.249493237831072,1.746632610315334
271,k_cold,not_converged,false,,,,,,,,
271,k_restarts,not_converged,false,,,,,,,,
272,arm_cold,ok,true,0.000001613913516,0.000000955939933,-2.103412210249744,-3.166237969769883,3.037703943770095,-2.412597925808809,-3.812136414461972,1.214812242216320
272,arm_restarts,ok,true,0.000001613913516,0.000000955939933,-2.103412210249744,-3.166237969769883,3.037703943770095,-2.412597925808809,-3.812136414461972,1.214812242216320
272,k_cold,ok,true,0.000059964710218,0.000347198096245,-2.103897725221713,-2.368160149576946,2.605339107729271,0.363433900440573,-2.471125665511071,-1.926524864285021
272,k_restarts,ok,true,0.000059964710218,0.000347198096245,-2.103897725221713,-2.368160149576946,2.605339107729271,0.363433900440573,-2.471125665511071,-1.926524864285021
273,arm_cold,ok,true,0.000000682397872,0.000002869002149,-0.335480765735861,-3.019858478512161,2.309871948310204,-1.243829904324198,-0.896335934490654,-1.004899129737478
273,arm_restarts,ok,true,0.000000682397872,0.000002869002149,-0.335480765735861,-3.019858478512161,2.309871948310204,-1.243829904324198,-0.896335934490654,-1.004899129737478
273,k_cold,not_converged,false,,,,,,,,
273,k_restarts,ok,true,0.000071784447801,0.000145771648689,-6.151868282871359,-0.634029535329459,-2.423854518604009,0.844989055480157,5.152662690099891,-0.525200761990995
274,arm_cold,ok,true,0.000070902992213,0.000244594291783,-2.565027193307798,-5.504062243711177,1.973379755270568,-1.740630503434375,-3.749294186617919,1.679577412632366
274,arm_restarts,ok,true,0.000070902992213,0.000244594291783,-2.565027193307798,-5.504062243711177,1.973379755270568,-1.740630503434375,-3.749294186617919,1.679577412632366
274,k_cold,not_converged,false,,,,,,,,
274,k_restarts,not_converged,false,,,,,,,,
275,arm_cold,ok,true,0.000007339636499,0.000018667683786,-2.255751435948673,-3.873365435553015,1.085566193062246,2.218498183057205,-0.796967400325191,-2.730841526618205
275,arm_restarts,ok,true,0.000007339636499,0.000018667683786,-2.255751435948673,-3.873365435553015,1.085566193062246,2.218498183057205,-0.796967400325191,-2.730841526618205
275,k_cold,not_converged,false,,,,,,,,
275,k_restarts,ok,true,0.000098064180469,0.000342333211670,-5.816399090193412,1.082194259721267,-1.215644398705884,-2.575147590340116,4.307951413340661,0.169966666054644
276,arm_cold,ok,true,0.000001459780665,0.000005701825383,-0.485857331374507,1.089535601896739,1.786673272866381,-0.579384909999597,-5.719427860135371,5.802115699470857
276,arm_restarts,ok,true,0.000001459780665,0.000005701825383,-0.485857331374507,1.089535601896739,1.786673272866381,-0.579384909999597,-5.719427860135371,5.802115699470857
276,k_cold,not_converged,false,,,,,,,,
276,k_restarts,not_converged,false,,,,,,,,
277,arm_cold,not_converged,false,0.182760646049520,1.188130761104106,-5.700657031076183,-4.649718249651889,1.769484103578403,-6.283190000000000,-2.093954489050192,-6.283190000000000
277,arm_restarts,ok,true,0.000022465561367,0.000027907316972,-5.664855565048417,-4.674755129899329,2.061638116232180,4.736124417537742,-1.907369933354143,-0.341607741459598
277,k_cold,not_converged,false,,,,,,,,
277,k_restarts,not_converged,false,,,,,,,,
278,arm_cold,not_converged,false,0.229170446153157,0.111450038829201,0.279793177779238,-6.096347653244664,1.546985715785527,-0.993427943937117,-6.283190000000000,1.135381817307138
278,arm_restarts,ok,true,0.000001015103900,0.000007842029351,3.558889999416349,-4.803939170776649,1.564598797861969,2.426149439921451,3.200152802636488,-5.183549902006233
278,k_cold,not_converged,false,,,,,,,,
278,k_restarts,ok,true,0.000053442135071,0.000140814836142,3.558874640831993,-4.803660322740115,1.564246914002706,2.425332270689638,3.200092938542539,-5.184321305160681
279,arm_cold,ok,true,0.000003968956212,0.000009524873846,-0.832418451173831,-1.654868353299739,2.598495503800682,-3.803247981750046,-1.476625281695839,1.268745389760822
279,arm_restarts,ok,true,0.000003968956212,0.000009524873846,-0.832418451173831,-1.654868353299739,2.598495503800682,-3.803247981750046,-1.476625281695839,1.268745389760822
279,k_cold,ok,true,0.000084835704356,0.000380825214697,-0.832803603221838,-1.655279294662494,2.598723652103855,-3.802984926423011,-1.475899296975853,1.268763679255401
279,k_restarts,ok,true,0.000084835704356,0.000380825214697,-0.832803603221838,-1.655279294662494,2.598723652103855,-3.802984926423011,-1.475899296975853,1.268763679255401
280,arm_cold,not_converged,false,0.135068561828346,1.223181891948145,3.275730550233536,2.076445180347067,1.093738405027105,-6.283190000000000,-0.459033545912127,-5.640529337293138
280,arm_restarts,ok,true,0.000069682477777,0.000089999418814,3.278907598924755,-4.194720432621567,1.300986430188874,-1.446521555326310,5.822432770126786,-5.635903747027142
280,k_cold,not_converged,false,,,,,,,,
280,k_restarts,ok,true,0.000079282889925,0.000214738315807,3.278915696908518,-4.194799737742454,1.300883923094943,-1.446449630503155,5.822271734633773,-5.635944275088140
281,arm_cold,ok,true,0.000096799049355,0.000234233226325,-0.897185165718291,0.580240529811643,2.960219562107320,-4.717332689185318,-3.944617265925968,0.206605585220245
281,arm_restarts,ok,true,0.000096799049355,0.000234233226325,-0.897185165718291,0.580240529811643,2.960219562107320,-4.717332689185318,-3.944617265925968,0.206605585220245
281,k_cold,not_converged,false,,,,,,,,
281,k_restarts,not_converged,false,,,,,,,,
282,arm_cold,not_converged,false,0.372951540321440,0.505295751187735,-6.283190000000000,-2.151018124350883,-1.055086674079923,-1.358361802337533,-4.045325684102457,5.385309282849768
282,arm_restarts,ok,true,0.000065800580979,0.000004000953935,-3.947039979910655,5.592980128796017,0.483620493950913,-1.263614327580499,5.383047483527315,-1.281475689284699
282,k_cold,not_converged,false,,,,,,,,
282,k_restarts,ok,true,0.000086996587054,0.000136468558811,-3.947074285005558,5.592833901061971,0.483914464972251,-1.263773033214280,5.383138976128043,-1.281404689042836
283,arm_cold,ok,true,0.000060324311661,0.000227794124966,-2.229066618347330,-2.645865539436202,1.833485295944858,-0.934085302950811,-4.246536103287583,-0.366291114521563
283,arm_restarts,ok,true,0.000060324311661,0.000227794124966,-2.229066618347330,-2.645865539436202,1.833485295944858,-0.934085302950811,-4.246536103287583,-0.366291114521563
283,k_cold,ok,true,0.000061008682248,0.000177809131008,-2.141037680714187,-2.185856870754657,1.712461937168001,1.826260530191543,-2.019386199256055,2.679234696798793
283,k_restarts,ok,true,0.000061008682248,0.000177809131008,-2.141037680714187,-2.185856870754657,1.712461937168001,1.826260530191543,-2.019386199256055,2.679234696798793
284,arm_cold,not_converged,false,0.021881422499546,0.022141786418907,1.146848271212873,-2.449690172457767,3.141500000000000,-2.201237632969617,-2.660315153393135,0.584529153527801
284,arm_restarts,ok,true,0.000000322753907,0.000000427569733,-5.975836096787710,3.522066571843408,2.880767285051865,0.501048986935809,-4.063118706788797,2.519031252836679
284,k_cold,not_converged,false,,,,,,,,
284,k_restarts,not_converged,false,,,,,,,,
285,arm_cold,ok,true,0.000001600092115,0.000045919415913,-1.085180373083398,-3.127918977860007,2.543142773187455,-2.029903725510592,-2.401352489656966,1.246493572008307
285,arm_restarts,ok,true,0.000001600092115,0.000045919415913,-1.085180373083398,-3.127918977860007,2.543142773187455,-2.029903725510592,-2.401352489656966,1.246493572008307
285,k_cold,not_converged,false,,,,,,,,
285,k_restarts,not_converged,false,,,,,,,,
286,arm_cold,ok,true,0.000000118794680,0.000000000158387,-1.847503970342466,-3.669410153524381,0.757231874884970,3.706476098130114,5.208667458389081,-0.790406712219308
286,arm_restarts,ok,true,0.000000118794680,0.000000000158387,-1.847503970342466,-3.669410153524381,0.757231874884970,3.706476098130114,5.208667458389081,-0.790406712219308
286,k_cold,not_converged,false,,,,,,,,
286,k_restarts,not_converged,false,,,,,,,,
287,arm_cold,not_converged,false,0.691846027556163,1.309786137980873,6.283190000000000,-1.022580846350553,1.796475981992735,-1.378088361898261,3.621766747376292,4.076480396030949
287,arm_restarts,ok,true,0.000027480413422,0.000000054578141,4.413493668506618,-3.069205025674357,0.068291447821585,3.647540897596748,-5.835016916771041,4.030899285115023
287,k_cold,not_converged,false,,,,,,,,
287,k_restarts,ok,true,0.000099685426172,0.000476455455076,-5.316111604037451,0.272320334956376,-0.643721459979296,-0.977419639778555,3.412694678346835,3.287782804742037
288,arm_cold,not_converged,false,0.251077869246229,0.382433329814170,-0.826330780711098,-2.957731533210733,3.141500000000000,-1.752755324329700,0.373239320708296,-1.098041597701465
288,arm_restarts,ok,true,0.000020988401788,0.000047553364964,4.036118565712083,-5.084304531591580,2.140551458565085,0.166358315195642,1.295893834162748,-5.503097309886677
288,k_cold,not_converged,false,,,,,,,,
288,k_restarts,ok,true,0.000067908198291,0.000204834166352,-0.313100674874715,6.193274662723208,2.130890295162177,0.561569802523034,-0.731193002992404,1.301930996430054
289,arm_cold,ok,true,0.000017555572968,0.000000430301988,-3.356859452681692,-0.878237953664871,0.956314858924382,0.110058963990871,-0.721195071020364,1.667997486117731
289,arm_restarts,ok,true,0.000017555572968,0.000000430301988,-3.356859452681692,-0.878237953664871,0.956314858924382,0.110058963990871,-0.721195071020364,1.667997486117731
289,k_cold,not_converged,false,,,,,,,,
289,k_restarts,ok,true,0.000081955959038,0.000715532397016,2.926397859298492,-5.789383124422844,-1.371243309743358,4.207041609999457,-5.561553058641024,4.810172363908703
290,arm_cold,ok,true,0.000000119494299,0.000004242602975,-3.047780437771882,-2.241525012641788,1.941447308891849,-2.734788970430704,0.912571996192286,-0.815183064895731
290,arm_restarts,ok,true,0.000000119494299,0.000004242602975,-3.047780437771882,-2.241525012641788,1.941447308891849,-2.734788970430704,0.912571996192286,-0.815183064895731
290,k_cold,ok,true,0.000057888790016,0.000211631276150,-3.047710376812075,-2.241582523459896,1.941588342917612,-2.734914909832601,0.912295618414272,-0.815166943351672
290,k_restarts,ok,true,0.000057888790016,0.000211631276150,-3.047710376812075,-2.241582523459896,1.941588342917612,-2.734914909832601,0.912295618414272,-0.815166943351672
291,arm_cold,ok,true,0.000082431064233,0.000448283403737,-0.952122365385106,-2.545044485548342,2.070316590865521,1.103568189443470,4.623449150150194,-2.304911471655473
291,arm_restarts,ok,true,0.000082431064233,0.000448283403737,-0.952122365385106,-2.545044485548342,2.070316590865521,1.103568189443470,4.623449150150194,-2.304911471655473
291,k_cold,not_converged,false,,,,,,,,
291,k_restarts,not_converged,false,,,,,,,,
292,arm_cold,ok,true,0.000023584348210,0.000090804793486,-3.266704879812779,-4.996845000994936,1.406557827232868,-2.707573272731171,-5.275185548481225,4.272480294903459
292,arm_restarts,ok,true,0.000023584348210,0.000090804793486,-3.266704879812779,-4.996845000994936,1.406557827232868,-2.707573272731171,-5.275185548481225,4.272480294903459
292,k_cold,not_converged,false,,,,,,,,
292,k_restarts,ok,true,0.000082410197520,0.000753778755797,3.016294232914620,-4.312291685170748,-0.232328887680237,1.387731349844301,5.274772609675529,-5.151807874867695
293,arm_cold,ok,true,0.000057182362023,0.000027694007988,-2.815609314195203,-1.392288201080278,1.620026682296621,-2.834065634996969,0.330495051460907,-0.419509911796806
293,arm_restarts,ok,true,0.000057182362023,0.000027694007988,-2.815609314195203,-1.392288201080278,1.620026682296621,-2.834065634996969,0.330495051460907,-0.419509911796806
293,k_cold,not_converged,false,,,,,,,,
293,k_restarts,not_converged,false,,,,,,,,
294,arm_cold,not_converged,false,0.018080455496010,0.002186956162015,-2.193984057067404,-1.625846762050690,0.301940786362027,0.640171342860374,-1.618150898651237,-1.714624839613159
294,arm_restarts,ok,true,0.000001702310761,0.000008225094314,-3.779621705858215,4.289003216375661,0.782720654709451,-3.593593538169397,-3.830119019406028,-0.224900203836524
294,k_cold,not_converged,false,,,,,,,,
294,k_restarts,not_converged,false,,,,,,,,
295,arm_cold,ok,true,0.000088258009695,0.000540408775392,0.291486379208688,-4.883942001775808,1.501658251729467,-4.832938698369255,-3.764924019791135,1.270054620739234
295,arm_restarts,ok,true,0.000088258009695,0.000540408775392,0.291486379208688,-4.883942001775808,1.501658251729467,-4.832938698369255,-3.764924019791135,1.270054620739234
295,k_cold,not_converged,false,,,,,,,,
295,k_restarts,ok,true,0.000078846830251,0.000256904488844,-3.965932743250243,1.838124117669397,-1.861393634811039,0.730787506625709,5.284810574665880,2.842608120093189
296,arm_cold,not_converged,false,0.082369749070319,0.129284786354194,-5.842633228536291,-4.410219727208673,0.012916770333390,-2.901316479786292,-0.209233740154716,-3.090510571767267
296,arm_restarts,ok,true,0.000094410954254,0.000253704775535,-5.184874393122031,-4.999565241225717,0.675652875435383,-1.624188095671782,0.608319517527963,1.778298852951254
296,k_cold,not_converged,false,,,,,,,,
296,k_restarts,not_converged,false,,,,,,,,
297,arm_cold,ok,true,0.000007075216510,0.000012290274993,-4.731148620026246,-0.939633028176961,1.399497211420895,-0.737846708890666,-4.202941413040338,2.183869259019460
297,arm_restarts,ok,true,0.000007075216510,0.000012290274993,-4.731148620026246,-0.939633028176961,1.399497211420895,-0.737846708890666,-4.202941413040338,2.183869259019460
297,k_cold,not_converged,false,,,,,,,,
297,k_restarts,ok,true,0.000052396631955,0.000447512269737,-4.731134420000680,5.711712560014436,1.273129106202310,-4.120922609789176,4.202824691323355,-0.957220809252030
298,arm_cold,ok,true,0.000005080448801,0.000018944213776,-3.633603840920347,-1.719949311368309,2.212391332577040,4.603925954512720,-5.915983916423627,1.964748470223804
298,arm_restarts,ok,true,0.000005080448801,0.000018944213776,-3.633603840920347,-1.719949311368309,2.212391332577040,4.603925954512720,-5.915983916423627,1.964748470223804
298,k_cold,not_converged,false,,,,,,,,
298,k_restarts,not_converged,false,,,,,,,,
299,arm_cold,ok,true,0.000097179264447,0.000041168259422,-2.458031770362348,-2.640645830142120,1.383724758302252,-1.770500336785125,-2.635864354799027,-2.052304319739440
299,arm_restarts,ok,true,0.000097179264447,0.000041168259422,-2.458031770362348,-2.640645830142120,1.383724758302252,-1.770500336785125,-2.635864354799027,-2.052304319739440
299,k_cold,ok,true,0.000088393700458,0.000321370372444,-0.333785059269869,-1.394394453264996,0.244537900869252,1.094583927570644,-1.520553738875006,0.992346769780665
299,k_restarts,ok,true,0.000088393700458,0.000321370372444,-0.333785059269869,-1.394394453264996,0.244537900869252,1.094583927570644,-1.520553738875006,0.992346769780665
300,arm_cold,ok,true,0.000000054380691,0.000002574852559,-0.556877812234229,-2.983084577877234,2.879206468867726,-0.918461946689929,-0.030754613279343,-0.966666342219256
300,arm_restarts,ok,true,0.000000054380691,0.000002574852559,-0.556877812234229,-2.983084577877234,2.879206468867726,-0.918461946689929,-0.030754613279343,-0.966666342219256
300,k_cold,ok,true,0.000090644004293,0.000070339770941,-0.556870934943418,-2.983400260424096,2.878943129278193,-0.917406764993639,-0.030703050910136,-0.967097541437299
300,k_restarts,ok,true,0.000090644004293,0.000070339770941,-0.556870934943418,-2.983400260424096,2.878943129278193,-0.917406764993639,-0.030703050910136,-0.967097541437299
301,arm_cold,not_converged,false,0.031605086061914,1.317822622308954,-0.633237492135928,-5.780909307887277,0.251675818357684,-6.003802210517733,2.560540946910961,-6.283190000000000
301,arm_restarts,ok,true,0.000047765403827,0.000144174921791,-3.347460918782577,-4.453439625414036,1.087428453456713,-1.438793439556934,0.494221478710578,-3.709216562904761
301,k_cold,not_converged,false,,,,,,,,
301,k_restarts,not_converged,false,,,,,,,,
302,arm_cold,not_converged,false,0.010853218491500,0.320408508616594,-0.505740138758132,-4.196918246289689,0.319834933540581,-4.400261536931144,-1.981629551647021,-6.283190000000000
302,arm_restarts,ok,true,0.000003065935777,0.000002215427110,-4.292966276022198,-5.441032615023996,0.187735654410331,1.137091575432486,1.498138120682693,-0.904352877742159
302,k_cold,not_converged,false,,,,,,,,
302,k_restarts,ok,true,0.000077538156079,0.000093702889507,-4.293012496183525,1.698529685708633,-1.389496073521675,-1.283736826303713,4.785022473064909,2.237231123603842
303,arm_cold,ok,true,0.000000738982067,0.000000020982039,-1.264738034523693,-1.720108811761155,2.102245170447245,-0.441849872280600,-1.889629109343247,2.138174335043934
303,arm_restarts,ok,true,0.000000738982067,0.000000020982039,-1.264738034523693,-1.720108811761155,2.102245170447245,-0.441849872280600,-1.889629109343247,2.138174335043934
303,k_cold,ok,true,0.000072790245563,0.000403266705239,-1.264666750128358,-1.720102444963147,2.102065388302266,-0.441680011970621,-1.889958789892118,2.138221172211062
303,k_restarts,ok,true,0.000072790245563,0.000403266705239,-1.264666750128358,-1.720102444963147,2.102065388302266,-0.441680011970621,-1.889958789892118,2.138221172211062
304,arm_cold,not_converged,false,0.056497907708630,0.083851420837160,0.107937146274926,-2.935439962607929,3.141500000000000,-2.289918238912902,-3.907572398556166,-2.278086697692359
304,arm_restarts,ok,true,0.000075023999655,0.000791618908007,0.245499877515452,-1.489961362220634,2.753843466380340,-0.244208363342512,3.970929204505875,-5.593842477575581
304,k_cold,not_converged,false,,,,,,,,
304,k_restarts,ok,true,0.000050920406978,0.000287374582317,-6.038155645884827,0.858984759055020,-2.753797533498890,2.914601041037341,3.971505475734783,0.689789593051573
305,arm_cold,ok,true,0.000023145097835,0.000032801241618,-3.514772776901779,1.878591894215028,0.738022469209348,2.830094864313304,3.373248909336966,-2.908934486583949
305,arm_restarts,ok,true,0.000023145097835,0.000032801241618,-3.514772776901779,1.878591894215028,0.738022469209348,2.830094864313304,3.373248909336966,-2.908934486583949
305,k_cold,not_converged,false,,,,,,,,
305,k_restarts,ok,true,0.000050608426311,0.000109049324061,2.768405143215308,-4.487354299958255,0.385230666718180,0.124034795834400,2.909976177288482,-6.050479211694510
306,arm_cold,ok,true,0.000001092888338,0.000001276693892,-3.388466329630339,1.588330540340554,2.072200788142758,-1.185193850457994,-6.181863279015293,-1.009715213252653
306,arm_restarts,ok,true,0.000001092888338,0.000001276693892,-3.388466329630339,1.588330540340554,2.072200788142758,-1.185193850457994,-6.181863279015293,-1.009715213252653
306,k_cold,ok,true,0.000076095742769,0.000168032081633,-0.879137863089725,-0.337131568067239,1.910557707531076,-4.619411927108124,-2.427442930747266,-1.601046792976242
306,k_restarts,ok,true,0.000076095742769,0.000168032081633,-0.879137863089725,-0.337131568067239,1.910557707531076,-4.619411927108124,-2.427442930747266,-1.601046792976242
307,arm_cold,ok,true,0.000046916137370,0.000172180189531,-0.058467724970137,-3.684947134718213,2.672962166365614,-2.637059501744393,-4.404249259524382,-2.368583882268885
307,arm_restarts,ok,true,0.000046916137370,0.000172180189531,-0.058467724970137,-3.684947134718213,2.672962166365614,-2.637059501744393,-4.404249259524382,-2.368583882268885
307,k_cold,not_converged,false,,,,,,,,
307,k_restarts,ok,true,0.000058739540728,0.000046982744453,-4.359900592532516,0.097447794500089,-2.613204239365241,0.827536588847924,5.798134140256627,2.643598239070784
308,arm_cold,ok,true,0.000000020391492,0.000000073487207,-1.833205168762723,-3.260700255647288,1.699377499540529,3.263977635715801,-2.485017201880535,5.519872363220944
308,arm_restarts,ok,true,0.000000020391492,0.000000073487207,-1.833205168762723,-3.260700255647288,1.699377499540529,3.263977635715801,-2.485017201880535,5.519872363220944
308,k_cold,not_converged,false,,,,,,,,
308,k_restarts,not_converged,false,,,,,,,,
309,arm_cold,not_converged,false,0.009138086877712,0.064297554471753,-3.588009185293129,-1.480549997910363,2.464796358827924,-6.283190000000000,-1.679197046529050,-3.427843947616324
309,arm_restarts,ok,true,0.000000617112194,0.000000315372851,0.858021403273084,-4.144687889724874,2.961061006190592,-3.207975952204591,4.126808508547096,-1.457194011672620
309,k_cold,not_converged,false,,,,,,,,
309,k_restarts,not_converged,false,,,,,,,,
310,arm_cold,ok,true,0.000007561458153,0.000015731275412,-3.560246425047717,-2.489289061970075,2.253295020193048,-2.700358294394808,-3.049828867138206,-1.580952298902827
310,arm_restarts,ok,true,0.000007561458153,0.000015731275412,-3.560246425047717,-2.489289061970075,2.253295020193048,-2.700358294394808,-3.049828867138206,-1.580952298902827
310,k_cold,not_converged,false,,,,,,,,
310,k_restarts,not_converged,false,,,,,,,,
311,arm_cold,ok,true,0.000004870899022,0.000010387422488,3.731577239958367,-5.605001866329218,2.869975030453973,-3.215809422050667,-2.100024271477625,-1.926491904966523
311,arm_restarts,ok,true,0.000004870899022,0.000010387422488,3.731577239958367,-5.605001866329218,2.869975030453973,-3.215809422050667,-2.100024271477625,-1.926491904966523
311,k_cold,not_converged,false,,,,,,,,
311,k_restarts,ok,true,0.000084922550157,0.000217126075326,4.595554351300022,-4.232467051006644,-2.798259089207980,1.046390502678856,-1.274024406071712,4.094298046233929
312,arm_cold,ok,true,0.000046945665391,0.000329920513303,-2.653795222307720,-2.360573967553167,2.349014649344934,0.866686694359365,-2.890663794084977,-0.780892459613614
312,arm_restarts,ok,true,0.000046945665391,0.000329920513303,-2.653795222307720,-2.360573967553167,2.349014649344934,0.866686694359365,-2.890663794084977,-0.780892459613614
312,k_cold,ok,true,0.000050977847600,0.000689418846467,-2.651445032542788,-2.361296726585031,2.347547041424394,0.860619106374408,-2.889233754310117,-0.789443647784041
312,k_restarts,ok,true,0.000050977847600,0.000689418846467,-2.651445032542788,-2.361296726585031,2.347547041424394,0.860619106374408,-2.889233754310117,-0.789443647784041
313,arm_cold,ok,true,0.000000251140964,0.000000009744671,-0.840456339987885,-2.997701483996209,1.564538310921275,-1.691339420695352,-4.874928685270159,0.516667644088953
313,arm_restarts,ok,true,0.000000251140964,0.000000009744671,-0.840456339987885,-2.997701483996209,1.564538310921275,-1.691339420695352,-4.874928685270159,0.516667644088953
313,k_cold,not_converged,false,,,,,,,,
313,k_restarts,ok,true,0.000081541098812,0.000192909212500,-4.685532394483055,-0.143665233032469,-1.564240879776541,-1.453375584694914,5.253173977928301,0.529757224002179
314,arm_cold,ok,true,0.000008629260749,0.000011457178838,-1.179817181584301,-2.290827538831398,1.063964735776474,-3.356469245156982,-2.998004257970410,-1.409337189326343
314,arm_restarts,ok,true,0.000008629260749,0.000011457178838,-1.179817181584301,-2.290827538831398,1.063964735776474,-3.356469245156982,-2.998004257970410,-1.409337189326343
314,k_cold,ok,true,0.000061977648302,0.000038068654905,-1.179820465224782,-2.290880364862913,1.064172487880128,-3.356583169922182,-2.998033048266397,-1.409300588313561
314,k_restarts,ok,true,0.000061977648302,0.000038068654905,-1.179820465224782,-2.290880364862913,1.064172487880128,-3.356583169922182,-2.998033048266397,-1.409300588313561
315,arm_cold,ok,true,0.000000903075728,0.000000003056354,-1.826249704637282,0.316761892705308,0.403301045275731,-3.102899204098175,-3.791772948099301,0.741929130419131
315,arm_restarts,ok,true,0.000000903075728,0.000000003056354,-1.826249704637282,0.316761892705308,0.403301045275731,-3.102899204098175,-3.791772948099301,0.741929130419131
315,k_cold,ok,true,0.000084745642918,0.000086126910447,-1.826243400572481,0.316232965247698,0.404412544866666,-3.103466859671072,-3.791697923180783,0.741907953108028
315,k_restarts,ok,true,0.000084745642918,0.000086126910447,-1.826243400572481,0.316232965247698,0.404412544866666,-3.103466859671072,-3.791697923180783,0.741907953108028
316,arm_cold,not_converged,false,0.004684147173954,0.937743610056583,-0.099764306015295,2.832119829802872,0.589932616878849,-2.387793882220231,-4.414374257855615,6.283190000000000
316,arm_restarts,ok,true,0.000000343570368,0.000000100823009,6.186425119415530,-3.443722892331796,0.584615866543122,-2.389377593084988,1.869657707980859,-5.342839212213803
316,k_cold,not_converged,false,,,,,,,,
316,k_restarts,ok,true,0.000070634889602,0.000105707445634,-3.544631816078538,6.030789894630423,0.559410453131935,-1.284430953693265,4.846427613132295,0.675692677581208
317,arm_cold,ok,true,0.000000251869175,0.000000006667752,-2.085859347723589,-0.611839391690322,1.057230950356261,-2.312758186752915,-1.851040464910866,-1.849693081340872
317,arm_restarts,ok,true,0.000000251869175,0.000000006667752,-2.085859347723589,-0.611839391690322,1.057230950356261,-2.312758186752915,-1.851040464910866,-1.849693081340872
317,k_cold,ok,true,0.000095420415261,0.000176427573900,-2.085843509218937,-0.612079182530262,1.057629009011130,-2.312823438325270,-1.851098736850586,-1.849507918420526
317,k_restarts,ok,true,0.000095420415261,0.000176427573900,-2.085843509218937,-0.612079182530262,1.057629009011130,-2.312823438325270,-1.851098736850586,-1.849507918420526
318,arm_cold,ok,true,0.000000285333521,0.000000007357473,-0.399788980431152,-0.679262620736735,1.325867446176259,-2.852938364381379,-0.742825657898727,1.414038496404153
318,arm_restarts,ok,true,0.000000285333521,0.000000007357473,-0.399788980431152,-0.679262620736735,1.325867446176259,-2.852938364381379,-0.742825657898727,1.414038496404153
318,k_cold,ok,true,0.000083761949731,0.000097611179573,-0.399800364733067,-0.679445334541396,1.326200590063233,-2.852959555109856,-0.742779889608385,1.413975830918102
318,k_restarts,ok,true,0.000083761949731,0.000097611179573,-0.399800364733067,-0.679445334541396,1.326200590063233,-2.852959555109856,-0.742779889608385,1.413975830918102
319,arm_cold,ok,true,0.000002952735002,0.000000073319161,-2.621039806472501,-4.301745839740176,1.184469550930427,-0.761254242379764,1.349120292232377,1.177228015397207
319,arm_restarts,ok,true,0.000002952735002,0.000000073319161,-2.621039806472501,-4.301745839740176,1.184469550930427,-0.761254242379764,1.349120292232377,1.177228015397207
319,k_cold,not_converged,false,,,,,,,,
319,k_restarts,ok,true,0.000057113239540,0.000125228233558,3.662147922456938,-4.301826232039054,1.184663999795696,-0.761285453249323,1.349088210963607,1.177121032717309
320,arm_cold,not_converged,false,0.318185214608361,0.054518234777577,-0.669076422953768,-3.686107670127360,3.141500000000000,-2.816194404572023,-1.319732407772866,1.570293429725928
320,arm_restarts,ok,true,0.000096860015316,0.000404911288770,-1.626198535633227,-4.438438790954087,2.123254301878159,5.036765240771831,-0.415473661499136,1.919716360470824
320,k_cold,not_converged,false,,,,,,,,
320,k_restarts,ok,true,0.000094084965239,0.000488850894514,-5.383500803703869,1.097691137227138,-1.849696441002419,-3.015567274633245,3.426152954661853,0.925569144116142
321,arm_cold,ok,true,0.000058507876248,0.000050552046649,-3.743872077694978,0.199590570387346,2.314790713822838,-2.452711766846011,-1.722896165975326,-1.860564027062230
321,arm_restarts,ok,true,0.000058507876248,0.000050552046649,-3.743872077694978,0.199590570387346,2.314790713822838,-2.452711766846011,-1.722896165975326,-1.860564027062230
321,k_cold,not_converged,false,,,,,,,,
321,k_restarts,not_converged,false,,,,,,,,
322,arm_cold,ok,true,0.000000031961294,0.000000000379545,1.000139672627714,-0.614558701140848,2.118660773925831,-4.691038934665772,0.655591177648668,-5.195896644800785
322,arm_restarts,ok,true,0.000000031961294,0.000000000379545,1.000139672627714,-0.614558701140848,2.118660773925831,-4.691038934665772,0.655591177648668,-5.195896644800785
322,k_cold,not_converged,false,,,,,,,,
322,k_restarts,ok,true,0.000077121376711,0.000041161997779,-5.283039884362379,5.668502103828586,2.118882433200288,-4.691101161577797,-5.627625911410407,-5.195900636478120
323,arm_cold,ok,true,0.000000017104190,0.000000030182442,-3.012191618042138,-4.052072594037000,2.478905148797529,-2.173891419544172,-1.068971865370395,1.684427151421840
323,arm_restarts,ok,true,0.000000017104190,0.000000030182442,-3.012191618042138,-4.052072594037000,2.478905148797529,-2.173891419544172,-1.068971865370395,1.684427151421840
323,k_cold,ok,true,0.000058531505644,0.000120018372901,-0.666969728352953,-1.319239370661161,1.986156214321873,-5.689988124931801,-2.590070141307396,-0.568365191332027
323,k_restarts,ok,true,0.000058531505644,0.000120018372901,-0.666969728352953,-1.319239370661161,1.986156214321873,-5.689988124931801,-2.590070141307396,-0.568365191332027
324,arm_cold,ok,true,0.000008727996496,0.000006186323733,-3.366187627571423,-1.936511615105891,1.263205166532121,-1.789984754401521,1.427346027301879,-0.463919263274415
324,arm_restarts,ok,true,0.000008727996496,0.000006186323733,-3.366187627571423,-1.936511615105891,1.263205166532121,-1.789984754401521,1.427346027301879,-0.463919263274415
324,k_cold,ok,true,0.000056362964151,0.000135647226520,-5.402294605376079,-2.272706514940945,1.098936872207039,-3.201094806333706,3.859879523480584,-1.483742964648184
324,k_restarts,ok,true,0.000056362964151,0.000135647226520,-5.402294605376079,-2.272706514940945,1.098936872207039,-3.201094806333706,3.859879523480584,-1.483742964648184
325,arm_cold,not_converged,false,0.061039632024520,0.043815622217843,-3.705399619366582,1.046634628239455,0.256267374800311,-4.594218071403436,0.757392509634693,-5.080276073861677
325,arm_restarts,ok,true,0.000006274684327,0.000056764713884,-3.684404009538529,-4.614674500134601,-1.192704163892724,-0.671513678567290,-0.738247109003335,-1.935669125144588
325,k_cold,not_converged,false,,,,,,,,
325,k_restarts,not_converged,false,,,,,,,,
326,arm_cold,ok,true,0.000018161344062,0.000082003536192,-1.244862264233887,-1.717991554021729,2.926855842587190,-1.888929955694075,-1.785467452620425,2.510434359833038
326,arm_restarts,ok,true,0.000018161344062,0.000082003536192,-1.244862264233887,-1.717991554021729,2.926855842587190,-1.888929955694075,-1.785467452620425,2.510434359833038
326,k_cold,ok,true,0.000082298874233,0.000338050748167,-1.244801316586641,-1.718491914205814,2.926690460329003,-1.888244192259025,-1.785662118357290,2.510314042549052
326,k_restarts,ok,true,0.000082298874233,0.000338050748167,-1.244801316586641,-1.718491914205814,2.926690460329003,-1.888244192259025,-1.785662118357290,2.510314042549052
327,arm_cold,not_converged,false,0.022142243597223,1.180841521734053,-3.696169489343482,-5.234375850908782,0.617923343145298,-4.129042841800347,-2.720054243546422,-6.283190000000000
327,arm_restarts,ok,true,0.000003219760839,0.000000004711354,-5.878467236080039,-4.412236421682317,0.085155005402045,1.607356268800460,-0.654668719868996,-2.154574954036941
327,k_cold,not_converged,false,,,,,,,,
327,k_restarts,ok,true,0.000080420616215,0.000544996216347,0.404719325293729,-5.077815935672560,1.430854529612550,-2.214641348849152,0.654926555042228,-5.295492774781316
328,arm_cold,ok,true,0.000001609439569,0.000004034003034,-6.174030736584548,-3.855876493764540,1.420309212511651,1.268474568657730,-5.382097393383267,-4.908523544950687
328,arm_restarts,ok,true,0.000001609439569,0.000004034003034,-6.174030736584548,-3.855876493764540,1.420309212511651,1.268474568657730,-5.382097393383267,-4.908523544950687
328,k_cold,not_converged,false,,,,,,,,
328,k_restarts,not_converged,false,,,,,,,,
329,arm_cold,ok,true,0.000078952455351,0.000334802952675,-2.197519356068709,-1.986050215384014,1.411599077281669,-2.023598326613491,-1.013488521578369,-2.088214680708208
329,arm_restarts,ok,true,0.000078952455351,0.000334802952675,-2.197519356068709,-1.986050215384014,1.411599077281669,-2.023598326613491,-1.013488521578369,-2.088214680708208
329,k_cold,ok,true,0.000090188206775,0.000630696134795,-2.197069811580354,-1.985995866996943,1.411729935539768,-2.024212348667981,-1.014671302166045,-2.087784193221447
329,k_restarts,ok,true,0.000090188206775,0.000630696134795,-2.197069811580354,-1.985995866996943,1.411729935539768,-2.024212348667981,-1.014671302166045,-2.087784193221447
330,arm_cold,ok,true,0.000030829491500,0.000047217749071,-0.623197516705639,-1.379476439099854,0.587502890252711,0.220611343570030,0.132119943978743,0.085874833080500
330,arm_restarts,ok,true,0.000030829491500,0.000047217749071,-0.623197516705639,-1.379476439099854,0.587502890252711,0.220611343570030,0.132119943978743,0.085874833080500
330,k_cold,ok,true,0.000067385872465,0.000027130063720,-0.623174134090067,-1.360478773418950,1.069902577470871,-3.422172065966199,-0.132157404802877,3.227268639020517
330,k_restarts,ok,true,0.000067385872465,0.000027130063720,-0.623174134090067,-1.360478773418950,1.069902577470871,-3.422172065966199,-0.132157404802877,3.227268639020517
331,arm_cold,ok,true,0.000000028630395,0.000000001569782,-6.155717783806449,-4.296137271807825,1.053938387112347,-0.585421323649306,1.009132407849878,-1.359024747874279
331,arm_restarts,ok,true,0.000000028630395,0.000000001569782,-6.155717783806449,-4.296137271807825,1.053938387112347,-0.585421323649306,1.009132407849878,-1.359024747874279
331,k_cold,not_converged,false,,,,,,,,
331,k_restarts,not_converged,false,,,,,,,,
332,arm_cold,ok,true,0.000010266733136,0.000000142982639,0.328096580386683,-4.026933737866086,0.216925036387716,-4.206072649505696,-0.545325344036177,-4.728726840267949
332,arm_restarts,ok,true,0.000010266733136,0.000000142982639,0.328096580386683,-4.026933737866086,0.216925036387716,-4.206072649505696,-0.545325344036177,-4.728726840267949
332,k_cold,not_converged,false,,,,,,,,
332,k_restarts,not_converged,false,,,,,,,,
333,arm_cold,ok,true,0.000002760976976,0.000002700989998,-3.784166872291411,-0.771188224500729,2.946539407350381,-2.631767400808861,-2.759600905066257,0.215233040190932
333,arm_restarts,ok,true,0.000002760976976,0.000002700989998,-3.784166872291411,-0.771188224500729,2.946539407350381,-2.631767400808861,-2.759600905066257,0.215233040190932
333,k_cold,not_converged,false,,,,,,,,
333,k_restarts,ok,true,0.000096797579520,0.000670499333729,-3.783580317940441,6.040341147211564,2.480569334514773,0.447563588419426,2.759518520625952,-2.925698360522576
334,arm_cold,ok,true,0.000024947217381,0.000751445426975,1.246829321010544,0.980184709303437,0.950432736889690,-0.298376309853697,2.874792378442893,-4.251156416590914
334,arm_restarts,ok,true,0.000024947217381,0.000751445426975,1.246829321010544,0.980184709303437,0.950432736889690,-0.298376309853697,2.874792378442893,-4.251156416590914
334,k_cold,not_converged,false,,,,,,,,
334,k_restarts,not_converged,false,,,,,,,,
335,arm_cold,ok,true,0.000039320058414,0.000429011910532,1.410861407019656,-2.213317746653549,1.105673907275123,0.788849188584380,2.422808705106255,-1.702805263434844
335,arm_restarts,ok,true,0.000039320058414,0.000429011910532,1.410861407019656,-2.213317746653549,1.105673907275123,0.788849188584380,2.422808705106255,-1.702805263434844
335,k_cold,not_converged,false,,,,,,,,
335,k_restarts,not_converged,false,,,,,,,,
336,arm_cold,ok,true,0.000072188693635,0.000430746944698,-1.009955128450096,0.463498055610363,1.319859488620780,1.352855987656410,1.078977398575335,-5.303686369396379
336,arm_restarts,ok,true,0.000072188693635,0.000430746944698,-1.009955128450096,0.463498055610363,1.319859488620780,1.352855987656410,1.078977398575335,-5.303686369396379
336,k_cold,not_converged,false,,,,,,,,
336,k_restarts,ok,true,0.000096643320069,0.000443272997163,2.979563231755612,-4.859443158716271,1.317262081292855,0.418415654026434,3.372699574647184,-5.288814770679857
337,arm_cold,ok,true,0.000031007502066,0.000000124524249,3.086401684227341,5.841752943017395,0.059045845256097,3.657187978617210,-4.686010951989861,-4.927575684303038
337,arm_restarts,ok,true,0.000031007502066,0.000000124524249,3.086401684227341,5.841752943017395,0.059045845256097,3.657187978617210,-4.686010951989861,-4.927575684303038
337,k_cold,not_converged,false,,,,,,,,
337,k_restarts,ok,true,0.000088179571085,0.000079743235740,-3.196789268149121,5.839511539224538,0.063734807767881,-2.628435354851082,-4.686083372111195,-4.927561113707372
338,arm_cold,ok,true,0.000093290489801,0.000026808335641,-1.831920140279207,-1.227264085294454,1.799818049990982,-1.324375350247750,-4.072783511934676,-0.464422751019730
338,arm_restarts,ok,true,0.000093290489801,0.000026808335641,-1.831920140279207,-1.227264085294454,1.799818049990982,-1.324375350247750,-4.072783511934676,-0.464422751019730
338,k_cold,ok,true,0.000087464577242,0.000408315166692,-1.831831339275105,-1.227223979248266,1.799636134016499,-1.324097150286325,-4.072323385339290,-0.464339183983755
338,k_restarts,ok,true,0.000087464577242,0.000408315166692,-1.831831339275105,-1.227223979248266,1.799636134016499,-1.324097150286325,-4.072323385339290,-0.464339183983755
339,arm_cold,ok,true,0.000001136102182,0.000012277866570,-5.891736785315586,-3.772157997305288,1.792513611553110,0.518497532951674,-0.438364663620828,-2.650410250344354
339,arm_restarts,ok,true,0.000001136102182,0.000012277866570,-5.891736785315586,-3.772157997305288,1.792513611553110,0.518497532951674,-0.438364663620828,-2.650410250344354
339,k_cold,not_converged,false,,,,,,,,
339,k_restarts,ok,true,0.000060896380173,0.000240456729801,2.886147114085591,-5.279997061107910,-2.282786731410739,5.047710985598164,-2.338734384072600,5.790478227960149
340,arm_cold,ok,true,0.000003203424807,0.000021619342172,-0.117297773621064,-2.451685705895287,2.901193562571933,-2.790601338548802,-2.376024081475261,-1.685402822107250
340,arm_restarts,ok,true,0.000003203424807,0.000021619342172,-0.117297773621064,-2.451685705895287,2.901193562571933,-2.790601338548802,-2.376024081475261,-1.685402822107250
340,k_cold,not_converged,false,,,,,,,,
340,k_restarts,not_converged,false,,,,,,,,
341,arm_cold,ok,true,0.000010208759342,0.000025323083649,1.331861091061322,-5.008686263945653,2.196525058215736,-3.902223581673759,-4.750920264205750,-1.419444260222004
341,arm_restarts,ok,true,0.000010208759342,0.000025323083649,1.331861091061322,-5.008686263945653,2.196525058215736,-3.902223581673759,-4.750920264205750,-1.419444260222004
341,k_cold,ok,true,0.000056575482045,0.000228814392559,-2.967371793962507,-0.138337673657052,2.067245736499316,-1.025968474624281,-2.580881437228117,-0.616295471162353
341,k_restarts,ok,true,0.000056575482045,0.000228814392559,-2.967371793962507,-0.138337673657052,2.067245736499316,-1.025968474624281,-2.580881437228117,-0.616295471162353
342,arm_cold,ok,true,0.000031598558738,0.000158803035118,-1.263218307374694,-2.024579500608573,2.226984478132219,1.057021341682089,-0.293470852112454,-1.112857741506742
342,arm_restarts,ok,true,0.000031598558738,0.000158803035118,-1.263218307374694,-2.024579500608573,2.226984478132219,1.057021341682089,-0.293470852112454,-1.112857741506742
342,k_cold,ok,true,0.000061119373316,0.000321906657146,-1.263476499686311,-2.024819920911202,2.226663466460431,1.056229116668703,-0.293313419379305,-1.111465615181602
342,k_restarts,ok,true,0.000061119373316,0.000321906657146,-1.263476499686311,-2.024819920911202,2.226663466460431,1.056229116668703,-0.293313419379305,-1.111465615181602
343,arm_cold,ok,true,0.000041387483719,0.000172301136939,-3.066837933101519,-2.236959991008233,1.279023187526654,-0.721888220441923,-0.785532926831985,-0.358257765026696
343,arm_restarts,ok,true,0.000041387483719,0.000172301136939,-3.066837933101519,-2.236959991008233,1.279023187526654,-0.721888220441923,-0.785532926831985,-0.358257765026696
343,k_cold,ok,true,0.000050019138433,0.000082537785549,-3.066783401331325,-2.237052890183990,1.279198642361389,-0.722184623107220,-0.785642150255311,-0.358143409293382
343,k_restarts,ok,true,0.000050019138433,0.000082537785549,-3.066783401331325,-2.237052890183990,1.279198642361389,-0.722184623107220,-0.785642150255311,-0.358143409293382
344,arm_cold,ok,true,0.000001002892440,0.000002605706602,0.386718392777017,-4.784704226404471,1.291095568521613,-4.662278761090612,2.370761147984458,3.899581602158327
344,arm_restarts,ok,true,0.000001002892440,0.000002605706602,0.386718392777017,-4.784704226404471,1.291095568521613,-4.662278761090612,2.370761147984458,3.899581602158327
344,k_cold,not_converged,false,,,,,,,,
344,k_restarts,ok,true,0.000066459363816,0.000454267445308,-5.896534879356178,2.687879078529605,-1.762292532594154,0.342824722718378,3.912584878755007,0.757525918055549
345,arm_cold,ok,true,0.000002490034438,0.000009134856862,-1.686701487047440,-2.742648485650326,1.391112803676182,-1.254675757304753,-3.177189931387826,-2.846493077929418
345,arm_restarts,ok,true,0.000002490034438,0.000009134856862,-1.686701487047440,-2.742648485650326,1.391112803676182,-1.254675757304753,-3.177189931387826,-2.846493077929418
345,k_cold,not_converged,false,,,,,,,,
345,k_restarts,ok,true,0.000051574956648,0.000028209260293,-5.794831945143509,-0.933879265551666,-0.624615774441296,1.581041943721444,5.347169325855859,-0.253374971530260
346,arm_cold,not_converged,false,0.006635222109901,0.059643876768721,-5.840734484246933,-3.405344146976021,0.491270791324598,6.283190000000000,-0.482946168933171,1.401449515419279
346,arm_restarts,ok,true,0.000003424367571,0.000008344420554,3.236676718477647,-0.711032116141128,1.068905103872996,5.082654100535791,-2.964426283429785,3.964044593995612
346,k_cold,ok,true,0.000061618122707,0.000208710257608,-3.046494960076600,-0.711140990230233,1.069046303175204,-1.200441641766775,-2.964234686336649,-2.319129805970304
346,k_restarts,ok,true,0.000061618122707,0.000208710257608,-3.046494960076600,-0.711140990230233,1.069046303175204,-1.200441641766775,-2.964234686336649,-2.319129805970304
347,arm_cold,not_converged,false,0.380300516372594,0.772406987870343,6.283190000000000,3.525048055683625,-1.598519594269446,-1.570685739207664,-4.678058704549671,2.870274442478368
347,arm_restarts,ok,true,0.000038271469065,0.000006586589808,-5.655412048629601,-3.982968915517335,1.124702318969824,3.214310280640239,1.469316088193766,2.820436049786660
347,k_cold,not_converged,false,,,,,,,,
347,k_restarts,not_converged,false,,,,,,,,
348,arm_cold,ok,true,0.000027538395684,0.000038068307567,-5.256479276242928,1.928474584661513,0.852179284846014,-3.797471463307609,4.048126675498223,-0.866600893571890
348,arm_restarts,ok,true,0.000027538395684,0.000038068307567,-5.256479276242928,1.928474584661513,0.852179284846014,-3.797471463307609,4.048126675498223,-0.866600893571890
348,k_cold,not_converged,false,,,,,,,,
348,k_restarts,ok,true,0.000069944764013,0.000157118676905,3.564796843334650,-5.214666449718846,-0.479094330807179,0.994348674212802,-5.549544891821893,4.611918036106243
349,arm_cold,ok,true,0.000014263508930,0.000017990079367,-0.986516847238716,-1.580176949040315,2.064546348918499,3.132361908497041,-5.309547721052109,5.397080328946427
349,arm_restarts,ok,true,0.000014263508930,0.000017990079367,-0.986516847238716,-1.580176949040315,2.064546348918499,3.132361908497041,-5.309547721052109,5.397080328946427
349,k_cold,ok,true,0.000056421544802,0.000603505189346,-0.986398353697570,-1.470571191300501,1.477090861269601,0.468612043659190,-0.974099560779762,2.255649589335600
349,k_restarts,ok,true,0.000056421544802,0.000603505189346,-0.986398353697570,-1.470571191300501,1.477090861269601,0.468612043659190,-0.974099560779762,2.255649589335600
350,arm_cold,not_converged,false,0.540352984711063,0.146637381916669,-3.844970881949754,-6.283190000000000,3.141500000000000,-5.616491514864251,5.993912970170997,5.954833334427716
350,arm_restarts,ok,true,0.000000285869319,0.000000004439079,-5.683782241414089,-2.422096511476458,-0.915898048508684,3.168244590450001,4.735200591758900,3.319235491492036
350,k_cold,ok,true,0.000084120951589,0.000118827228377,-2.927313762675092,-0.593266181507007,1.223272061579860,-3.590349809682609,-1.214282144975466,0.109745128035586
350,k_restarts,ok,true,0.000084120951589,0.000118827228377,-2.927313762675092,-0.593266181507007,1.223272061579860,-3.590349809682609,-1.214282144975466,0.109745128035586
351,arm_cold,ok,true,0.000002274177631,0.000004909124244,0.085304547454192,-0.745581600745110,2.198699668566455,-2.713768707253571,2.027767612382365,-1.112439748679008
351,arm_restarts,ok,true,0.000002274177631,0.000004909124244,0.085304547454192,-0.745581600745110,2.198699668566455,-2.713768707253571,2.027767612382365,-1.112439748679008
351,k_cold,not_converged,false,,,,,,,,
351,k_restarts,ok,true,0.000045455062852,0.000530837689414,0.085288964446619,5.537778317233071,2.198716828675054,-2.714285722107370,2.027428157114114,5.170336591947398
352,arm_cold,not_converged,false,0.243156380306557,0.884389867171512,-5.966691911977390,-6.283190000000000,0.468878470772565,6.283190000000000,2.589266956764502,2.960352322377060
352,arm_restarts,ok,true,0.000000236497745,0.000000012541237,-5.951012429743935,-0.439391132112858,0.975751975384915,3.995029849298790,-2.591974293859338,6.144865404629582
352,k_cold,not_converged,false,,,,,,,,
352,k_restarts,ok,true,0.000077304550550,0.000253640571289,-5.950984827937330,0.493495832924185,-0.976000028514283,-1.268770944940190,3.691153800577450,-0.137860994285262
353,arm_cold,not_converged,false,0.006376210306045,0.725163355564097,-0.172138122635209,-5.071181261538261,1.428227981973693,-1.722728508874957,-4.117822972329120,-6.283190000000000
353,arm_restarts,ok,true,0.000092462732433,0.000126260888243,-4.240829013745126,1.913654335871690,-1.458041545631711,-1.175016731643379,4.640254832102201,4.868024078998032
353,k_cold,not_converged,false,,,,,,,,
353,k_restarts,ok,true,0.000060529049819,0.000177778019288,-4.240828672894481,1.913568137656163,-1.458100349102703,-1.174941426261472,4.640173420438441,4.868007025890986
354,arm_cold,ok,true,0.000014753133521,0.000000178759496,-1.130362517206592,-0.374938709209005,0.600726996722562,-2.314557817897680,-1.624846744207523,2.594387411247048
354,arm_restarts,ok,true,0.000014753133521,0.000000178759496,-1.130362517206592,-0.374938709209005,0.600726996722562,-2.314557817897680,-1.624846744207523,2.594387411247048
354,k_cold,ok,true,0.000052515446764,0.000144438540198,-1.130374383615603,-0.375106269360253,0.601048918496100,-2.314730964873000,-1.624746947288825,2.594267900824655
354,k_restarts,ok,true,0.000052515446764,0.000144438540198,-1.130374383615603,-0.375106269360253,0.601048918496100,-2.314730964873000,-1.624746947288825,2.594267900824655
355,arm_cold,ok,true,0.000034088258595,0.000065241352713,-1.120847894117320,-0.032818349634082,1.243488600232955,-3.923361334528653,-0.294001691381596,1.126091717270590
355,arm_restarts,ok,true,0.000034088258595,0.000065241352713,-1.120847894117320,-0.032818349634082,1.243488600232955,-3.923361334528653,-0.294001691381596,1.126091717270590
355,k_cold,ok,true,0.000051424042313,0.000050628397499,-1.120836804993639,-0.032870701632151,1.243571141047702,-3.923431412165932,-0.294029131790272,1.126163155585082
355,k_restarts,ok,true,0.000051424042313,0.000050628397499,-1.120836804993639,-0.032870701632151,1.243571141047702,-3.923431412165932,-0.294029131790272,1.126163155585082
356,arm_cold,not_converged,false,0.305010266808881,0.381288751505899,-6.283190000000000,-3.908290904891951,0.421696452281836,0.576484029067664,2.036958914898480,-3.651991363254770
356,arm_restarts,ok,true,0.000022244090703,0.000004329959582,2.444385570283587,-5.733050741194763,-0.348880665117646,-0.462492872394996,-5.486792174477856,5.862585354398628
356,k_cold,not_converged,false,,,,,,,,
356,k_restarts,not_converged,false,,,,,,,,
357,arm_cold,ok,true,0.000000832718415,0.000002561966669,-5.919041595093720,-4.163009255161877,2.104950017018254,-4.138829519223116,-3.685576076166783,-3.675092795057354
357,arm_restarts,ok,true,0.000000832718415,0.000002561966669,-5.919041595093720,-4.163009255161877,2.104950017018254,-4.138829519223116,-3.685576076166783,-3.675092795057354
357,k_cold,not_converged,false,,,,,,,,
357,k_restarts,not_converged,false,,,,,,,,
358,arm_cold,not_converged,false,0.040324925473164,0.003566008237223,-3.323230691326960,2.212917409785195,0.255759033204104,0.353332814813985,-0.434850518530882,4.435415606548893
358,arm_restarts,ok,true,0.000009726989578,0.000002427636590,-0.608838537971532,0.329367128990097,0.929290591109421,-2.760771269740271,3.010141215514685,-0.500479247034727
358,k_cold,ok,true,0.000095408442726,0.000070323704673,-0.608851047864382,0.329174065165915,0.929713402576667,-2.761131462970825,-3.273026547333816,-0.500546501736527
358,k_restarts,ok,true,0.000095408442726,0.000070323704673,-0.608851047864382,0.329174065165915,0.929713402576667,-2.761131462970825,-3.273026547333816,-0.500546501736527
359,arm_cold,ok,true,0.000034984945442,0.000166802765214,-1.875844058182203,-0.494072608335455,2.207917462210557,-0.635584350676897,-0.740676378199626,0.595201847647549
359,arm_restarts,ok,true,0.000034984945442,0.000166802765214,-1.875844058182203,-0.494072608335455,2.207917462210557,-0.635584350676897,-0.740676378199626,0.595201847647549
359,k_cold,ok,true,0.000061452817464,0.000219531300397,-1.875913377795361,-0.494270007815658,2.208043300059623,-0.635715360772435,-0.740931543959962,0.595360868904729
359,k_restarts,ok,true,0.000061452817464,0.000219531300397,-1.875913377795361,-0.494270007815658,2.208043300059623,-0.635715360772435,-0.740931543959962,0.595360868904729
360,arm_cold,not_converged,false,0.272050229134306,0.156819069153491,-1.390558916486134,-4.552250596804694,0.028215245447816,-2.914619145555007,3.056780414622642,5.823391620835287
360,arm_restarts,ok,true,0.000022650384167,0.000205785862479,1.605004379044802,-5.079053440270155,0.671066657115064,-1.365672748252714,6.101667224765751,-5.934362691763843
360,k_cold,not_converged,false,,,,,,,,
360,k_restarts,not_converged,false,,,,,,,,
361,arm_cold,ok,true,0.000037202133156,0.000227531893059,-3.051032387362439,-3.570688851111265,2.118854879094206,-0.336676191733336,-2.604176872706992,1.277333116465270
361,arm_restarts,ok,true,0.000037202133156,0.000227531893059,-3.051032387362439,-3.570688851111265,2.118854879094206,-0.336676191733336,-2.604176872706992,1.277333116465270
361,k_cold,ok,true,0.000080355876623,0.000635590134571,-0.919637319281498,-2.058309590653779,2.204306643713712,-0.712156948601122,-1.199697985210950,3.326922454008212
361,k_restarts,ok,true,0.000080355876623,0.000635590134571,-0.919637319281498,-2.058309590653779,2.204306643713712,-0.712156948601122,-1.199697985210950,3.326922454008212
362,arm_cold,not_converged,false,0.000004718914436,0.052732159395928,-4.675857340187953,-5.111703837280713,1.666490840804218,-2.773863152891613,-5.303321179367354,-6.283190000000000
362,arm_restarts,ok,true,0.000017314860070,0.000112931181628,3.635259855200527,-5.918934362288389,1.585356567879555,-1.571505909087877,2.996764406664711,-5.925591647708049
362,k_cold,not_converged,false,,,,,,,,
362,k_restarts,not_converged,false,,,,,,,,
363,arm_cold,not_converged,false,0.308866719618603,0.664651079728123,1.265547279375132,-3.746505977519080,3.141500000000000,-1.598231718508981,-1.794394093910924,-6.283190000000000
363,arm_restarts,ok,true,0.000014167723272,0.000096077344311,-0.832636555738604,-5.570157520470209,2.605815739819215,4.337958272061997,1.340748708773690,-5.493829857368596
363,k_cold,not_converged,false,,,,,,,,
363,k_restarts,ok,true,0.000053545903120,0.000204395846717,-5.353568926794477,2.448433794307798,-2.509405735837811,-1.703577195609174,4.479702269317544,-0.635454557895609
364,arm_cold,ok,true,0.000000256932709,0.000001567003672,-2.234440291883345,-4.324338998293971,2.210602094242332,-3.401758587114478,0.406771335033532,5.276067299737018
364,arm_restarts,ok,true,0.000000256932709,0.000001567003672,-2.234440291883345,-4.324338998293971,2.210602094242332,-3.401758587114478,0.406771335033532,5.276067299737018
364,k_cold,not_converged,false,,,,,,,,
364,k_restarts,ok,true,0.000087785363590,0.000462872750104,-5.976492766889969,1.476983703180579,-2.077451363474045,-1.773359664149020,3.548032489228624,3.585144521722679
365,arm_cold,not_converged,false,0.486917935618061,0.683329205736913,-2.180711575443885,-2.704441164205809,0.392584341917925,-4.997058443574100,-6.283190000000000,-2.590088005433891
365,arm_restarts,ok,true,0.000002246533305,0.000000031530586,4.803341660241719,-2.759924725621018,0.658407305976041,-3.325674464826998,-5.336382914265513,-4.399154967011039
365,k_cold,not_converged,false,,,,,,,,
365,k_restarts,ok,true,0.000072359421717,0.000235776821879,-5.017205831605555,-0.277070136999759,-0.851461911275664,-0.033442762782949,3.873294619567745,1.433001402159594
366,arm_cold,ok,true,0.000039089486023,0.000182936340758,-1.115619466406183,-2.592586739141363,2.057921375213495,0.034257488905691,-0.641905323403827,-0.612944048604979
366,arm_restarts,ok,true,0.000039089486023,0.000182936340758,-1.115619466406183,-2.592586739141363,2.057921375213495,0.034257488905691,-0.641905323403827,-0.612944048604979
366,k_cold,not_converged,false,,,,,,,,
366,k_restarts,not_converged,false,,,,,,,,
367,arm_cold,ok,true,0.000009430424572,0.000041239646643,0.298072911456695,0.362607009728394,2.615763835685605,-3.721026127374746,1.186173268890895,1.618490045562166
367,arm_restarts,ok,true,0.000009430424572,0.000041239646643,0.298072911456695,0.362607009728394,2.615763835685605,-3.721026127374746,1.186173268890895,1.618490045562166
367,k_cold,not_converged,false,,,,,,,,
367,k_restarts,ok,true,0.000070179371870,0.000224075460243,5.524420211067591,0.392700135747916,2.419299815830968,5.056615351076577,-0.677496402942270,5.980504847075640
368,arm_cold,ok,true,0.000000537751043,0.000002703039535,-2.256389419944642,-1.775925012141621,2.155385512045639,-1.135963452449984,-0.339906495621794,-2.282253444208203
368,arm_restarts,ok,true,0.000000537751043,0.000002703039535,-2.256389419944642,-1.775925012141621,2.155385512045639,-1.135963452449984,-0.339906495621794,-2.282253444208203
368,k_cold,ok,true,0.000085404383862,0.000299867998725,-2.256382090206437,-1.776260578773165,2.155594525485038,-1.136239016386853,-0.339633822348247,-2.281892953056511
368,k_restarts,ok,true,0.000085404383862,0.000299867998725,-2.256382090206437,-1.776260578773165,2.155594525485038,-1.136239016386853,-0.339633822348247,-2.281892953056511
369,arm_cold,not_converged,false,0.055516276314338,0.051313757853840,-3.366485089637063,0.335972331668979,0.268198095008794,-4.418757361663012,-1.358379822505856,-1.815185022284133
369,arm_restarts,not_converged,false,0.058760476259827,0.002074213882536,-3.365439183943927,0.556487573555254,-0.202526151947226,2.064949374764686,4.922028275534569,-1.815377682951742
369,k_cold,not_converged,false,,,,,,,,
369,k_restarts,not_converged,false,,,,,,,,
370,arm_cold,ok,true,0.000029933002931,0.000249981856791,-4.892807959454692,-5.072730894452380,0.917966271675535,-5.503286303315074,3.889457533376910,1.276913904775877
370,arm_restarts,ok,true,0.000029933002931,0.000249981856791,-4.892807959454692,-5.072730894452380,0.917966271675535,-5.503286303315074,3.889457533376910,1.276913904775877
370,k_cold,not_converged,false,,,,,,,,
370,k_restarts,ok,true,0.000072123256654,0.000422522476700,1.390180039492187,-5.072754930803608,0.918125979812861,0.780004607710685,-2.393263005052619,-5.005992789355190
371,arm_cold,not_converged,false,0.007006307170829,0.580382440279974,0.370296350945323,-6.146128268411301,0.854236039459716,-2.597796838563363,0.479661094930101,6.283190000000000
371,arm_restarts,ok,true,0.000001622425651,0.000000035811700,3.865756103193998,-4.051144361589875,0.935685986277424,-2.147324405948680,-2.567277401467844,-0.095228925647095
371,k_cold,not_converged,false,,,,,,,,
371,k_restarts,not_converged,false,,,,,,,,
372,arm_cold,ok,true,0.000003167780434,0.000000021176742,0.486814384794672,-2.229217094927763,0.785352419395438,-2.630291698758169,-2.380610515164283,-3.799653538210410
372,arm_restarts,ok,true,0.000003167780434,0.000000021176742,0.486814384794672,-2.229217094927763,0.785352419395438,-2.630291698758169,-2.380610515164283,-3.799653538210410
372,k_cold,not_converged,false,,,,,,,,
372,k_restarts,not_converged,false,,,,,,,,
373,arm_cold,ok,true,0.000007902264384,0.000008842071191,-5.466088143442461,-3.804851740749996,2.069677889039379,-4.007036575123746,-1.605780740254500,3.287549047444652
373,arm_restarts,ok,true,0.000007902264384,0.000008842071191,-5.466088143442461,-3.804851740749996,2.069677889039379,-4.007036575123746,-1.605780740254500,3.287549047444652
373,k_cold,not_converged,false,,,,,,,,
373,k_restarts,not_converged,false,,,,,,,,
374,arm_cold,ok,true,0.000001240301692,0.000001908564606,5.878595388049580,-6.024253648895679,1.266457729929565,1.477775147084377,-6.179330040179314,1.112930166527689
374,arm_restarts,ok,true,0.000001240301692,0.000001908564606,5.878595388049580,-6.024253648895679,1.266457729929565,1.477775147084377,-6.179330040179314,1.112930166527689
374,k_cold,not_converged,false,,,,,,,,
374,k_restarts,ok,true,0.000059462185645,0.000094544076122,3.361881381153579,-4.647317721008575,1.307561450651761,0.169513247456410,2.619460117436532,0.950328805502353
375,arm_cold,ok,true,0.000007807410547,0.000001388914784,-3.383787957237250,0.359234925842734,3.102484431725737,-4.464664490378813,-1.268597176075921,-3.875786751908017
375,arm_restarts,ok,true,0.000007807410547,0.000001388914784,-3.383787957237250,0.359234925842734,3.102484431725737,-4.464664490378813,-1.268597176075921,-3.875786751908017
375,k_cold,not_converged,false,,,,,,,,
375,k_restarts,not_converged,false,,,,,,,,
376,arm_cold,ok,true,0.000028650083271,0.000165359574583,-1.304871253775870,-0.637399524954099,2.196380096343305,-4.555730323909146,-2.833019585280488,-1.711477438273759
376,arm_restarts,ok,true,0.000028650083271,0.000165359574583,-1.304871253775870,-0.637399524954099,2.196380096343305,-4.555730323909146,-2.833019585280488,-1.711477438273759
376,k_cold,ok,true,0.000059378067051,0.000137203202043,-1.304873015379766,-0.637544168506593,2.196621562844667,-4.555453183272935,-2.832989708742164,-1.711062618538087
376,k_restarts,ok,true,0.000059378067051,0.000137203202043,-1.304873015379766,-0.637544168506593,2.196621562844667,-4.555453183272935,-2.832989708742164,-1.711062618538087
377,arm_cold,ok,true,0.000026140201977,0.000000965209272,-1.886509239810327,-1.091905070156313,1.975477476901335,-3.225822881784370,-2.038309281439633,-0.252117786696801
377,arm_restarts,ok,true,0.000026140201977,0.000000965209272,-1.886509239810327,-1.091905070156313,1.975477476901335,-3.225822881784370,-2.038309281439633,-0.252117786696801
377,k_cold,ok,true,0.000057783144849,0.000110916754185,-1.886500099985344,-1.092091825734560,1.975551305725006,-3.225588379642524,-2.038291170532211,-0.252080532023767
377,k_restarts,ok,true,0.000057783144849,0.000110916754185,-1.886500099985344,-1.092091825734560,1.975551305725006,-3.225588379642524,-2.038291170532211,-0.252080532023767
378,arm_cold,ok,true,0.000019621818926,0.000020998291233,-1.695899171875883,-1.875461221493396,1.333777588867732,1.931133248711994,-1.346805081756825,-0.721578405336534
378,arm_restarts,ok,true,0.000019621818926,0.000020998291233,-1.695899171875883,-1.875461221493396,1.333777588867732,1.931133248711994,-1.346805081756825,-0.721578405336534
378,k_cold,ok,true,0.000054288358713,0.000384425361239,-1.696014353443481,-1.875319305255182,1.333598021323990,1.930911571798904,-1.346540832634126,-0.721583318082781
378,k_restarts,ok,true,0.000054288358713,0.000384425361239,-1.696014353443481,-1.875319305255182,1.333598021323990,1.930911571798904,-1.346540832634126,-0.721583318082781
379,arm_cold,ok,true,0.000000049038852,0.000000101034700,2.461810455940049,-3.784306923214378,1.788606517850402,-3.277231137089001,-0.977850387917497,-2.456737520280539
379,arm_restarts,ok,true,0.000000049038852,0.000000101034700,2.461810455940049,-3.784306923214378,1.788606517850402,-3.277231137089001,-0.977850387917497,-2.456737520280539
379,k_cold,ok,true,0.000083464195567,0.000238050172675,-1.129026007725982,-0.572924331062369,1.259525234805793,-4.660002552835800,-1.887818908871543,1.082516669108809
379,k_restarts,ok,true,0.000083464195567,0.000238050172675,-1.129026007725982,-0.572924331062369,1.259525234805793,-4.660002552835800,-1.887818908871543,1.082516669108809
380,arm_cold,not_converged,false,0.012859990149162,0.000065889005523,-4.235093523974013,-1.602758971733721,0.324064316356866,4.242340275834239,-2.291372258739878,2.690887879916276
380,arm_restarts,ok,true,0.000069927907620,0.000000995436614,-5.344992941295803,4.690349525394680,-0.130480599235576,4.721373897584449,-1.192950314366090,-3.420933966438795
380,k_cold,not_converged,false,,,,,,,,
380,k_restarts,not_converged,false,,,,,,,,
381,arm_cold,ok,true,0.000050217421940,0.000303142059373,-3.321867683183224,-1.457671832601956,1.913496447362351,-0.581458732398845,-0.534933452544305,0.352923123362965
381,arm_restarts,ok,true,0.000050217421940,0.000303142059373,-3.321867683183224,-1.457671832601956,1.913496447362351,-0.581458732398845,-0.534933452544305,0.352923123362965
381,k_cold,ok,true,0.000080370439326,0.000187273149432,-3.321814280910863,-1.457906009587009,1.913826686536527,-0.582115697864967,-0.534896164256110,0.353304799654456
381,k_restarts,ok,true,0.000080370439326,0.000187273149432,-3.321814280910863,-1.457906009587009,1.913826686536527,-0.582115697864967,-0.534896164256110,0.353304799654456
382,arm_cold,ok,true,0.000002527767702,0.000003374703867,-0.411238233803509,-0.029127426369475,-1.020256650228104,-0.129425881501602,0.498284579946303,1.442577460418832
382,arm_restarts,ok,true,0.000002527767702,0.000003374703867,-0.411238233803509,-0.029127426369475,-1.020256650228104,-0.129425881501602,0.498284579946303,1.442577460418832
382,k_cold,not_converged,false,,,,,,,,
382,k_restarts,not_converged,false,,,,,,,,
383,arm_cold,ok,true,0.000007395235599,0.000011204965488,-4.345345695179422,-4.973816009437333,1.238543725464664,-4.320728101229697,4.790302189922895,2.233133273376111
383,arm_restarts,ok,true,0.000007395235599,0.000011204965488,-4.345345695179422,-4.973816009437333,1.238543725464664,-4.320728101229697,4.790302189922895,2.233133273376111
383,k_cold,not_converged,false,,,,,,,,
383,k_restarts,not_converged,false,,,,,,,,
384,arm_cold,ok,true,0.000041353566708,0.000009027188704,-0.517650795115027,-0.778615579182913,1.362534347510171,-0.246816007789082,-2.162638880303796,1.837865534463788
384,arm_restarts,ok,true,0.000041353566708,0.000009027188704,-0.517650795115027,-0.778615579182913,1.362534347510171,-0.246816007789082,-2.162638880303796,1.837865534463788
384,k_cold,ok,true,0.000079776869461,0.000410364794189,-0.517582804884240,-0.778695580447468,1.362398895313411,-0.246643132097716,-2.162954843040266,1.837979213682974
384,k_restarts,ok,true,0.000079776869461,0.000410364794189,-0.517582804884240,-0.778695580447468,1.362398895313411,-0.246643132097716,-2.162954843040266,1.837979213682974
385,arm_cold,not_converged,false,0.003032571037663,0.896501524779807,3.342857569431129,-5.565657405199762,0.987697002540599,-1.350211465824244,-4.600058829813581,-6.283190000000000
385,arm_restarts,ok,true,0.000015897144051,0.000007658879607,-5.049379554643781,2.380444716713297,-0.827000092230896,-2.273661980823550,5.728080323699330,-0.291026684327868
385,k_cold,not_converged,false,,,,,,,,
385,k_restarts,not_converged,false,,,,,,,,
386,arm_cold,ok,true,0.000021081214016,0.000000816461177,5.211464932181981,-3.906436468753509,0.572009951628783,-2.891328034893383,-1.246972085736851,4.130047587566978
386,arm_restarts,ok,true,0.000021081214016,0.000000816461177,5.211464932181981,-3.906436468753509,0.572009951628783,-2.891328034893383,-1.246972085736851,4.130047587566978
386,k_cold,not_converged,false,,,,,,,,
386,k_restarts,not_converged,false,,,,,,,,
387,arm_cold,not_converged,false,0.070945917004007,0.097339592209838,1.470068651564187,-3.756532210772058,3.141500000000000,-2.783005118907270,-5.515576425007536,-2.026349693899821
387,arm_restarts,ok,true,0.000006920162429,0.000011386739119,-4.414763704924477,5.934955914415940,2.879904911302741,-5.966610790730431,-5.909165461537944,-1.871747152002190
387,k_cold,not_converged,false,,,,,,,,
387,k_restarts,not_converged,false,,,,,,,,
388,arm_cold,ok,true,0.000018696913076,0.000074853580248,-0.895484026741817,-2.824085468472999,2.242788986980561,0.343362102725557,0.919605152789399,-1.119351180838995
388,arm_restarts,ok,true,0.000018696913076,0.000074853580248,-0.895484026741817,-2.824085468472999,2.242788986980561,0.343362102725557,0.919605152789399,-1.119351180838995
388,k_cold,not_converged,false,,,,,,,,
388,k_restarts,not_converged,false,,,,,,,,
389,arm_cold,ok,true,0.000025779029898,0.000033389346362,0.403563167681230,-1.881226254740893,2.579783853334611,-2.405732244953429,-2.030362133939345,4.191066258356233
389,arm_restarts,ok,true,0.000025779029898,0.000033389346362,0.403563167681230,-1.881226254740893,2.579783853334611,-2.405732244953429,-2.030362133939345,4.191066258356233
389,k_cold,not_converged,false,,,,,,,,
389,k_restarts,ok,true,0.000085602733441,0.000376571561051,-5.879441236013855,4.401757905380133,2.579728262847762,-2.405122550866951,4.252491661215223,-2.091724577289410
390,arm_cold,ok,true,0.000003952891051,0.000056729026699,-0.988716725884941,-2.653920910743725,1.886523566750906,-1.401394395488925,-2.634413227232603,-0.735399941599102
390,arm_restarts,ok,true,0.000003952891051,0.000056729026699,-0.988716725884941,-2.653920910743725,1.886523566750906,-1.401394395488925,-2.634413227232603,-0.735399941599102
390,k_cold,ok,true,0.000054516082131,0.000979511553103,-0.827260882505530,-2.594373002235063,1.814883282162620,-1.104524097787915,-2.706907918188957,-0.416241222178644
390,k_restarts,ok,true,0.000054516082131,0.000979511553103,-0.827260882505530,-2.594373002235063,1.814883282162620,-1.104524097787915,-2.706907918188957,-0.416241222178644
391,arm_cold,ok,true,0.000042316236205,0.000280214419079,-1.861094390859711,-1.274168362325026,2.784171795959708,-1.873211581274050,-3.316185166860143,2.371162976130328
391,arm_restarts,ok,true,0.000042316236205,0.000280214419079,-1.861094390859711,-1.274168362325026,2.784171795959708,-1.873211581274050,-3.316185166860143,2.371162976130328
391,k_cold,ok,true,0.000059552100831,0.000099985066566,-1.861094830248845,-0.449079070438703,2.450532400544485,-5.507323049343384,-2.967042707658671,-0.771428695238464
391,k_restarts,ok,true,0.000059552100831,0.000099985066566,-1.861094830248845,-0.449079070438703,2.450532400544485,-5.507323049343384,-2.967042707658671,-0.771428695238464
392,arm_cold,ok,true,0.000002057785299,0.000005200483834,-3.154087571510289,-2.421977291537201,1.782011459461019,-1.075425454097409,-5.143833436720179,2.202185468098877
392,arm_restarts,ok,true,0.000002057785299,0.000005200483834,-3.154087571510289,-2.421977291537201,1.782011459461019,-1.075425454097409,-5.143833436720179,2.202185468098877
392,k_cold,not_converged,false,,,,,,,,
392,k_restarts,ok,true,0.000079423944287,0.000272761942075,-4.375190836439474,3.951495081344429,1.590856267284322,1.858272376586537,4.732748236670916,0.254468875857546
393,arm_cold,not_converged,false,0.011520503376552,0.008634485389490,-2.650273551006972,-1.711920377547080,0.128076647675333,0.099979117198202,-2.543491233002574,-2.150121906884315
393,arm_restarts,ok,true,0.000014197483129,0.000311884291924,3.029709940691025,-2.103750859239352,0.739949459703620,5.419074480758617,-2.354271065803959,-3.074662091823666
393,k_cold,not_converged,false,,,,,,,,
393,k_restarts,not_converged,false,,,,,,,,
394,arm_cold,ok,true,0.000007047211384,0.000013770597269,-4.808427257030848,-1.431175006404250,3.015897053410500,-3.288747667517293,-1.028424812515910,-5.850930279650630
394,arm_restarts,ok,true,0.000007047211384,0.000013770597269,-4.808427257030848,-1.431175006404250,3.015897053410500,-3.288747667517293,-1.028424812515910,-5.850930279650630
394,k_cold,not_converged,false,,,,,,,,
394,k_restarts,ok,true,0.000075452978767,0.000250933793398,-4.808842542704095,0.443325706110679,-3.016033963596421,0.868923847749935,5.254929372157588,0.431989040195728
395,arm_cold,ok,true,0.000041963034345,0.000048055392929,-2.668759722746104,-2.526719096683006,2.766499771085138,-1.502539777890609,-1.253736207698529,-0.765837360227333
395,arm_restarts,ok,true,0.000041963034345,0.000048055392929,-2.668759722746104,-2.526719096683006,2.766499771085138,-1.502539777890609,-1.253736207698529,-0.765837360227333
395,k_cold,ok,true,0.000068711214219,0.000068425840126,-2.668402615655896,-2.526482443803119,2.766457131182294,-1.502918688728306,-1.253600242284778,-0.765514614291359
395,k_restarts,ok,true,0.000068711214219,0.000068425840126,-2.668402615655896,-2.526482443803119,2.766457131182294,-1.502918688728306,-1.253600242284778,-0.765514614291359
396,arm_cold,ok,true,0.000038411492329,0.000031566002555,-2.380351085276379,-1.684165233575444,2.362344611486313,-1.617832089975870,-3.032552075598985,-0.012840779044624
396,arm_restarts,ok,true,0.000038411492329,0.000031566002555,-2.380351085276379,-1.684165233575444,2.362344611486313,-1.617832089975870,-3.032552075598985,-0.012840779044624
396,k_cold,ok,true,0.000080092530572,0.000220187001018,-2.380217221552193,-1.684241512374264,2.362320598526602,-1.617777453663741,-3.032315439381569,-0.013002563963163
396,k_restarts,ok,true,0.000080092530572,0.000220187001018,-2.380217221552193,-1.684241512374264,2.362320598526602,-1.617777453663741,-3.032315439381569,-0.013002563963163
397,arm_cold,ok,true,0.000001504587260,0.000003862182417,-2.962393790592198,-0.768560211773714,2.058361065612829,-3.004200834351040,-3.390244368444745,-1.860321592392302
397,arm_restarts,ok,true,0.000001504587260,0.000003862182417,-2.962393790592198,-0.768560211773714,2.058361065612829,-3.004200834351040,-3.390244368444745,-1.860321592392302
397,k_cold,ok,true,0.000051158136830,0.000183129785077,-2.962377842493181,-0.599279299275271,1.440578959133862,0.585853358555225,-2.893111433554889,1.281169519369842
397,k_restarts,ok,true,0.000051158136830,0.000183129785077,-2.962377842493181,-0.599279299275271,1.440578959133862,0.585853358555225,-2.893111433554889,1.281169519369842
398,arm_cold,ok,true,0.000042095523707,0.000088745175370,-0.898028174335278,-2.854751968678082,2.001132964933615,-2.773160397183314,-2.889403919781004,-0.958058258814454
398,arm_restarts,ok,true,0.000042095523707,0.000088745175370,-0.898028174335278,-2.854751968678082,2.001132964933615,-2.773160397183314,-2.889403919781004,-0.958058258814454
398,k_cold,ok,true,0.000051458447050,0.000047231463455,1.047329004869154,-2.076191466206784,1.992020724672230,-2.939390290955286,-4.861787568509882,-0.503632887116057
398,k_restarts,ok,true,0.000051458447050,0.000047231463455,1.047329004869154,-2.076191466206784,1.992020724672230,-2.939390290955286,-4.861787568509882,-0.503632887116057
399,arm_cold,ok,true,0.000028057843408,0.000004114095909,-2.292000077050085,-1.223890383155791,2.049070693572370,0.362135075512594,-1.650735232726293,0.426603372711726
399,arm_restarts,ok,true,0.000028057843408,0.000004114095909,-2.292000077050085,-1.223890383155791,2.049070693572370,0.362135075512594,-1.650735232726293,0.426603372711726
399,k_cold,ok,true,0.000082682793637,0.000406052121828,-2.291801953428813,-1.224116548727538,2.048954821432678,0.362252583777861,-1.650968473259310,0.426245667985696
399,k_restarts,ok,true,0.000082682793637,0.000406052121828,-2.291801953428813,-1.224116548727538,2.048954821432678,0.362252583777861,-1.650968473259310,0.426245667985696
400,arm_cold,not_converged,false,0.070345487756673,0.018762477674296,-6.061972205135759,-5.931833232639111,-0.246687477852890,2.532249419820622,-4.312593351580988,-2.061830259649693
400,arm_restarts,ok,true,0.000060174190380,0.000004630149976,3.695934920461274,-3.498197526562535,0.722472287309457,-3.025849075392078,1.465765253634556,-5.038042250029002
400,k_cold,not_converged,false,,,,,,,,
400,k_restarts,ok,true,0.000095671380272,0.000201906393637,-6.056435399633720,0.370700817195374,-0.746622788306853,-0.146109707901420,4.319692286317753,1.083027570528828
401,arm_cold,not_converged,false,0.543946885382552,0.936751912587660,1.341260451143076,-4.340302235171361,3.141500000000000,-1.143828235340905,2.127923798985850,-6.283190000000000
401,arm_restarts,ok,true,0.000000050068249,0.000000135464677,1.548325206380058,-6.280314656863034,1.921166632659937,2.879662472606739,2.038123055782818,-0.153446882499904
401,k_cold,not_converged,false,,,,,,,,
401,k_restarts,not_converged,false,,,,,,,,
402,arm_cold,not_converged,false,0.128945927209762,0.014034157384861,-2.317368068870266,-1.382099202100017,0.585180255266328,0.822164211013316,-2.829984828593269,-1.447452505907773
402,arm_restarts,ok,true,0.000003749747513,0.000000280715576,1.490312035990758,4.562137438012602,-0.892849810615357,5.751930805383778,5.304036085443413,-4.597978796124234
402,k_cold,not_converged,false,,,,,,,,
402,k_restarts,not_converged,false,,,,,,,,
403,arm_cold,not_converged,false,0.397821452715142,0.844583929317242,-3.767934245817234,-3.592504498466605,3.141500000000000,-2.486175248226349,-1.762852024412618,-5.199311075750638
403,arm_restarts,ok,true,0.000021604217382,0.000017158106283,-5.952359409571469,-4.334566067138105,2.284675796650915,3.825488436811296,1.067856944019974,-4.265481917321489
403,k_cold,not_converged,false,,,,,,,,
403,k_restarts,ok,true,0.000095456011566,0.000201700951572,2.875333053438343,-5.490652556168401,-1.746252105212242,2.070791056059674,-4.409527243799155,4.544659930616242
404,arm_cold,ok,true,0.000000433464028,0.000000778680280,0.129728387456604,-2.973244126501939,2.755938625956836,-4.337373775063621,-3.361687813146054,-1.909927136501578
404,arm_restarts,ok,true,0.000000433464028,0.000000778680280,0.129728387456604,-2.973244126501939,2.755938625956836,-4.337373775063621,-3.361687813146054,-1.909927136501578
404,k_cold,not_converged,false,,,,,,,,
404,k_restarts,ok,true,0.000051679952273,0.000057479119979,-4.575577907071558,-0.070289434123636,-2.415034988163151,2.267766444187866,4.753575146022258,2.650033315243524
405,arm_cold,ok,true,0.000000018541569,0.000000013537339,1.589211134620428,-6.174229044035146,1.539577578720165,-2.045582324261368,-2.642481790153929,5.638743213830696
405,arm_restarts,ok,true,0.000000018541569,0.000000013537339,1.589211134620428,-6.174229044035146,1.539577578720165,-2.045582324261368,-2.642481790153929,5.638743213830696
405,k_cold,not_converged,false,,,,,,,,
405,k_restarts,not_converged,false,,,,,,,,
406,arm_cold,ok,true,0.000094879223393,0.000195139806974,-0.937165222317324,-2.121394960461427,0.650920454701351,-0.357332596773930,-2.795309344726548,-1.367449150748735
406,arm_restarts,ok,true,0.000094879223393,0.000195139806974,-0.937165222317324,-2.121394960461427,0.650920454701351,-0.357332596773930,-2.795309344726548,-1.367449150748735
406,k_cold,not_converged,false,,,,,,,,
406,k_restarts,not_converged,false,,,,,,,,
407,arm_cold,ok,true,0.000055154628862,0.000091001035519,-0.903773952936660,-3.960923308213969,2.680727485590858,-2.337258939220165,-1.416906278406337,0.325887614142565
407,arm_restarts,ok,true,0.000055154628862,0.000091001035519,-0.903773952936660,-3.960923308213969,2.680727485590858,-2.337258939220165,-1.416906278406337,0.325887614142565
407,k_cold,not_converged,false,,,,,,,,
407,k_restarts,ok,true,0.000096206617106,0.000357249547900,-5.125039146408773,4.672672060288400,2.201209557953798,-5.855307336010624,3.702357718086982,-1.953177180759632
408,arm_cold,ok,true,0.000020531366331,0.000130252632968,-0.849906299821932,-3.395458775275453,1.551294362097654,-4.049460487755831,-2.712034666986348,-5.402407497331591
408,arm_restarts,ok,true,0.000020531366331,0.000130252632968,-0.849906299821932,-3.395458775275453,1.551294362097654,-4.049460487755831,-2.712034666986348,-5.402407497331591
408,k_cold,not_converged,false,,,,,,,,
408,k_restarts,ok,true,0.000090651606522,0.000374327249636,-4.465262759391906,5.399702875630719,1.164737673628405,0.862315117389726,6.108736247741945,-0.614357548591238
409,arm_cold,not_converged,false,0.019299380882296,0.002837549551059,-0.590019508271470,-1.172198244059730,-0.038620432611643,1.012647353620948,-1.563406475991612,2.814511819402402
409,arm_restarts,not_converged,false,0.019299380882296,0.002837549551059,-0.590019508271470,-1.172198244059730,-0.038620432611643,1.012647353620948,-1.563406475991612,2.814511819402402
409,k_cold,not_converged,false,,,,,,,,
409,k_restarts,not_converged,false,,,,,,,,
410,arm_cold,ok,true,0.000003475904528,0.000017520063630,-3.903393235691993,-1.792882081954774,1.555298332646116,-2.449204210967886,0.284862151167066,0.524288358784311
410,arm_restarts,ok,true,0.000003475904528,0.000017520063630,-3.903393235691993,-1.792882081954774,1.555298332646116,-2.449204210967886,0.284862151167066,0.524288358784311
410,k_cold,ok,true,0.000073566429982,0.000112661949141,-6.276303436647904,-2.876262335479635,1.444264540862134,-1.460883513858115,2.616671824303421,1.179346203212756
410,k_restarts,ok,true,0.000073566429982,0.000112661949141,-6.276303436647904,-2.876262335479635,1.444264540862134,-1.460883513858115,2.616671824303421,1.179346203212756
411,arm_cold,ok,true,0.000074555554577,0.000222269164533,-1.142711978512560,-4.390459328262679,2.937627144281029,-2.744424305617672,2.421574393524550,0.422521274105660
411,arm_restarts,ok,true,0.000074555554577,0.000222269164533,-1.142711978512560,-4.390459328262679,2.937627144281029,-2.744424305617672,2.421574393524550,0.422521274105660
411,k_cold,not_converged,false,,,,,,,,
411,k_restarts,ok,true,0.000052488959634,0.000346502885430,-5.588766197466907,0.383154746803492,-2.769659082228118,1.655671926468524,5.249061666158507,-1.363446783819919
412,arm_cold,ok,true,0.000000298036481,0.000000000115816,-5.431426700904311,2.761775066761855,0.341603238039107,-0.392122608506232,0.941862989541237,-4.272775972634042
412,arm_restarts,ok,true,0.000000298036481,0.000000000115816,-5.431426700904311,2.761775066761855,0.341603238039107,-0.392122608506232,0.941862989541237,-4.272775972634042
412,k_cold,not_converged,false,,,,,,,,
412,k_restarts,not_converged,false,,,,,,,,
413,arm_cold,ok,true,0.000000064489586,0.000000569891862,-1.866491540189209,0.207242719262477,1.330609645913943,-4.205661526844971,0.293104543433413,2.046915570664813
413,arm_restarts,ok,true,0.000000064489586,0.000000569891862,-1.866491540189209,0.207242719262477,1.330609645913943,-4.205661526844971,0.293104543433413,2.046915570664813
413,k_cold,ok,true,0.000087685583425,0.000137289073250,-1.866501738256339,-0.182915165796705,1.490270778374463,-0.833850206041007,-0.293008012545102,-1.094452305494197
413,k_restarts,ok,true,0.000087685583425,0.000137289073250,-1.866501738256339,-0.182915165796705,1.490270778374463,-0.833850206041007,-0.293008012545102,-1.094452305494197
414,arm_cold,not_converged,false,0.183232557369759,0.173857544909032,-1.171524378589111,-3.479246533099250,3.141500000000000,-2.403167808834416,-1.780839582058552,0.075902115789290
414,arm_restarts,ok,true,0.000002361959147,0.000006150006380,-0.335903784338018,-0.747266008342097,2.702899336255608,2.127365405084168,3.856142285941647,0.738037274299630
414,k_cold,ok,true,0.000050571681763,0.000021311042153,-0.335908769258455,-0.747324721066472,2.703023570517963,-4.155897842968842,-2.427024239850105,0.738041722778922
414,k_restarts,ok,true,0.000050571681763,0.000021311042153,-0.335908769258455,-0.747324721066472,2.703023570517963,-4.155897842968842,-2.427024239850105,0.738041722778922
415,arm_cold,ok,true,0.000030555794786,0.000127351732136,0.442457598717700,-5.200677607746945,3.025575857753238,-3.603155942741268,-2.768973501771565,-3.511419532103718
415,arm_restarts,ok,true,0.000030555794786,0.000127351732136,0.442457598717700,-5.200677607746945,3.025575857753238,-3.603155942741268,-2.768973501771565,-3.511419532103718
415,k_cold,not_converged,false,,,,,,,,
415,k_restarts,ok,true,0.000064473671295,0.000285247280854,-4.857883621395497,1.555299478576652,-2.911839595788848,1.539359720291549,4.458086340441258,2.342768330390413
416,arm_cold,ok,true,0.000000522866559,0.000000000652959,-3.190156334766101,-1.081106951251889,0.615401807020686,0.430632438892750,-3.758390772667018,2.889745978133710
416,arm_restarts,ok,true,0.000000522866559,0.000000000652959,-3.190156334766101,-1.081106951251889,0.615401807020686,0.430632438892750,-3.758390772667018,2.889745978133710
416,k_cold,not_converged,false,,,,,,,,
416,k_restarts,not_converged,false,,,,,,,,
417,arm_cold,not_converged,false,0.104013424974140,0.824574979304934,-1.914222701551209,-3.055757735590551,1.036633701187781,6.283190000000000,0.839046359458360,-6.283190000000000
417,arm_restarts,ok,true,0.000002333877669,0.000006460467438,4.369896436220666,-3.268064650206068,1.786724328468900,-2.796975697049390,-0.872347988576332,3.048271157862349
417,k_cold,not_converged,false,,,,,,,,
417,k_restarts,ok,true,0.000061213140537,0.000066831271381,-5.602251428470960,5.162992808065418,1.151541182928573,-4.658073837879537,-2.369913463818473,-5.632712318421589
418,arm_cold,ok,true,0.000000166213944,0.000000018982020,-0.774095435453772,-0.853823987783968,1.585202461658995,-2.004591253362417,-2.470642738696216,2.593925963632622
418,arm_restarts,ok,true,0.000000166213944,0.000000018982020,-0.774095435453772,-0.853823987783968,1.585202461658995,-2.004591253362417,-2.470642738696216,2.593925963632622
418,k_cold,ok,true,0.000052093021839,0.000166139956538,-0.774087799998710,-0.853943113524031,1.585426380489879,-2.004904414732403,-2.470725474764735,2.593721585225084
418,k_restarts,ok,true,0.000052093021839,0.000166139956538,-0.774087799998710,-0.853943113524031,1.585426380489879,-2.004904414732403,-2.470725474764735,2.593721585225084
419,arm_cold,not_converged,false,0.445426671287286,0.648134738788527,0.924066506081862,-6.283190000000000,1.387463336991529,-0.216636099896984,6.283190000000000,-4.324623256306144
419,arm_restarts,ok,true,0.000095858256534,0.000114059254513,-2.267654092825337,-3.711323729853933,0.603467448160905,1.223791239643480,-2.943982322382826,-5.663605574995338
419,k_cold,not_converged,false,,,,,,,,
419,k_restarts,ok,true,0.000032921003290,0.000504733784374,4.015492718333948,-3.711198524307474,0.602555198683175,1.222283496915168,3.339144077152269,-5.665697025861951
420,arm_cold,not_converged,false,0.112921926816775,0.027186097163290,-3.198188819732732,-5.954061598516539,-0.255968573713851,-5.377376446126044,-0.741831099376314,-5.283608550171337
420,arm_restarts,ok,true,0.000005338333355,0.000000141775011,-6.007138038936858,-3.820457321277518,0.652651989358489,4.964787389694751,-2.539059399422729,-2.638985943502934
420,k_cold,not_converged,false,,,,,,,,
420,k_restarts,not_converged,false,,,,,,,,
421,arm_cold,ok,true,0.000013534591437,0.000069746893978,5.742882788799839,-5.060648583426998,1.236105825653806,-3.387511682643435,-0.617766832931175,-3.329867087518703
421,arm_restarts,ok,true,0.000013534591437,0.000069746893978,5.742882788799839,-5.060648583426998,1.236105825653806,-3.387511682643435,-0.617766832931175,-3.329867087518703
421,k_cold,not_converged,false,,,,,,,,
421,k_restarts,ok,true,0.000092100432946,0.000143553705874,0.524523799311726,-5.563410447419307,1.316184879215343,-1.330774689086548,0.797687922830984,-4.694944054692717
422,arm_cold,not_converged,false,0.000902035993969,0.653992007430946,6.269637814511020,-0.416537743269540,1.381807365548280,-0.710030085153493,-1.484392022734506,6.283190000000000
422,arm_restarts,ok,true,0.000000049659871,0.000000286977891,-2.704140406541657,-4.306272673466236,1.285424926816356,-0.416832648944865,4.193601059199802,3.667444372643868
422,k_cold,ok,true,0.000089911012073,0.000322236242652,-0.011987184294574,-0.415951422690415,1.382234685532872,-0.709287269075838,-1.485163015240455,0.653663116611456
422,k_restarts,ok,true,0.000089911012073,0.000322236242652,-0.011987184294574,-0.415951422690415,1.382234685532872,-0.709287269075838,-1.485163015240455,0.653663116611456
423,arm_cold,ok,true,0.000008566054841,0.000004045219808,-2.705291381850591,-5.560129948254570,1.046496653563745,2.745995789017996,5.552418465530897,0.686224591380895
423,arm_restarts,ok,true,0.000008566054841,0.000004045219808,-2.705291381850591,-5.560129948254570,1.046496653563745,2.745995789017996,5.552418465530897,0.686224591380895
423,k_cold,not_converged,false,,,,,,,,
423,k_restarts,ok,true,0.000097859223813,0.000627204877705,3.577700920649554,-4.974645373810674,-0.725330882635925,-5.492410379827025,-5.553055189535544,3.827544596382711
424,arm_cold,not_converged,false,0.484091676165506,1.527463403746095,-6.283190000000000,-4.516881591045298,2.034677989873529,-4.167423423244325,-3.720199831045740,-1.580318867458815
424,arm_restarts,ok,true,0.000000056749362,0.000001243545403,-4.691868422081447,5.930383939192147,1.323385995793074,-0.615581694990880,5.684043197346090,-1.561954912429053
424,k_cold,not_converged,false,,,,,,,,
424,k_restarts,ok,true,0.000053488508038,0.000124578209590,5.182899883449331,-4.432801029477159,1.514675061499341,-1.256391458099145,3.371784899190672,-5.427461247066277
425,arm_cold,not_converged,false,0.340158734016019,0.917249329163382,-0.888310826872233,-6.032038847199116,3.141500000000000,-3.653527541751727,0.661042481619033,-0.263034095536771
425,arm_restarts,ok,true,0.000098370612018,0.000344542729873,-1.842867186365625,-3.807953583969640,1.888478890513196,1.192648288565392,-0.442650603807388,-5.267712151835648
425,k_cold,not_converged,false,,,,,,,,
425,k_restarts,ok,true,0.000078203621555,0.000470739968839,-5.628416030447301,1.189117149030989,-2.195425263389003,-1.793385416366945,4.153525872730567,3.666493087119441
426,arm_cold,ok,true,0.000004166123222,0.000000488250020,0.515026352833973,-0.711749242781109,2.569370287511090,-3.184288724275370,1.683255793593721,-2.897189209319950
426,arm_restarts,ok,true,0.000004166123222,0.000000488250020,0.515026352833973,-0.711749242781109,2.569370287511090,-3.184288724275370,1.683255793593721,-2.897189209319950
426,k_cold,not_converged,false,,,,,,,,
426,k_restarts,ok,true,0.000079239154672,0.000399704481597,-5.768091066650585,5.679010070063195,2.033465087197243,0.385335963972181,4.599993843760006,0.244041346375070
427,arm_cold,not_converged,false,0.049345558652580,0.038175185958827,-2.950449123583517,-2.986977648423462,3.141500000000000,-2.414193759858942,-0.508211391691391,-2.797114462775267
427,arm_restarts,ok,true,0.000002057180382,0.000018474989307,-2.886519805519229,-1.785001752331263,2.774761112447262,-0.146849367542415,0.549536038170473,-5.849500567332723
427,k_cold,not_converged,false,,,,,,,,
427,k_restarts,not_converged,false,,,,,,,,
428,arm_cold,ok,true,0.000003973282433,0.000005689392767,-2.545232684895201,-2.661197285398829,1.029783095459883,-0.282499117139683,0.792363906995967,1.102729710588779
428,arm_restarts,ok,true,0.000003973282433,0.000005689392767,-2.545232684895201,-2.661197285398829,1.029783095459883,-0.282499117139683,0.792363906995967,1.102729710588779
428,k_cold,not_converged,false,,,,,,,,
428,k_restarts,not_converged,false,,,,,,,,
429,arm_cold,ok,true,0.000000130654188,0.000000153488996,-0.654999842733434,-0.152840734185331,1.407687686500628,-4.034906115192613,-0.078700688667139,1.381119924687384
429,arm_restarts,ok,true,0.000000130654188,0.000000153488996,-0.654999842733434,-0.152840734185331,1.407687686500628,-4.034906115192613,-0.078700688667139,1.381119924687384
429,k_cold,ok,true,0.000072777363485,0.000057229300475,-0.655005882357068,-0.152975776343084,1.408099695197956,-4.034735262124157,-0.078673350284493,1.380714557839737
429,k_restarts,ok,true,0.000072777363485,0.000057229300475,-0.655005882357068,-0.152975776343084,1.408099695197956,-4.034735262124157,-0.078673350284493,1.380714557839737
430,arm_cold,ok,true,0.000000530723999,0.000000006011600,-1.406940586314027,-2.695679203940065,0.969874883345847,2.519623794526516,-1.302685138805559,-0.002281554959613
430,arm_restarts,ok,true,0.000000530723999,0.000000006011600,-1.406940586314027,-2.695679203940065,0.969874883345847,2.519623794526516,-1.302685138805559,-0.002281554959613
430,k_cold,not_converged,false,,,,,,,,
430,k_restarts,not_converged,false,,,,,,,,
431,arm_cold,not_converged,false,0.087253835314554,0.056208584123617,1.451320929356518,-5.829350658401014,3.141500000000000,-4.604329309813782,-4.084989210697719,2.058776341300222
431,arm_restarts,ok,true,0.000000402643548,0.000000557641059,0.879672546127736,-3.119484204705186,2.952250222056660,-0.655448299772625,1.837690810175265,-3.693490943432743
431,k_cold,not_converged,false,,,,,,,,
431,k_restarts,not_converged,false,,,,,,,,
432,arm_cold,ok,true,0.000030846857352,0.000009992004606,-2.209810716972316,-1.576750725178339,1.329771876959145,-3.938993316982782,-1.715990108546593,1.022128220613070
432,arm_restarts,ok,true,0.000030846857352,0.000009992004606,-2.209810716972316,-1.576750725178339,1.329771876959145,-3.938993316982782,-1.715990108546593,1.022128220613070
432,k_cold,ok,true,0.000066779865670,0.000248223349360,-2.209873572664859,-1.576861919813276,1.329968360164066,-3.939042748874115,-1.715710228609041,1.022126693174653
432,k_restarts,ok,true,0.000066779865670,0.000248223349360,-2.209873572664859,-1.576861919813276,1.329968360164066,-3.939042748874115,-1.715710228609041,1.022126693174653
433,arm_cold,ok,true,0.000000095563319,0.000000218042749,-4.402881732222798,-2.265641947156462,2.653431223613551,-0.395777756521229,-5.056842517704125,-0.338506636067248
433,arm_restarts,ok,true,0.000000095563319,0.000000218042749,-4.402881732222798,-2.265641947156462,2.653431223613551,-0.395777756521229,-5.056842517704125,-0.338506636067248
433,k_cold,not_converged,false,,,,,,,,
433,k_restarts,not_converged,false,,,,,,,,
434,arm_cold,ok,true,0.000000453324962,0.000003508794466,-4.309973411820536,-2.359584794551825,2.260921533575319,0.397890931714552,-2.766239931829737,1.325513377396702
434,arm_restarts,ok,true,0.000000453324962,0.000003508794466,-4.309973411820536,-2.359584794551825,2.260921533575319,0.397890931714552,-2.766239931829737,1.325513377396702
434,k_cold,ok,true,0.000069268432361,0.000033410495634,1.973215968063401,-2.359663628395685,2.261111862049479,0.397788439780491,3.516937519068045,1.325492365503297
434,k_restarts,ok,true,0.000069268432361,0.000033410495634,1.973215968063401,-2.359663628395685,2.261111862049479,0.397788439780491,3.516937519068045,1.325492365503297
435,arm_cold,ok,true,0.000042702021326,0.000020993193601,-0.499668926540388,-2.476035513944881,2.281359511024048,-1.295424025066483,-4.187464924585306,-0.257980356330736
435,arm_restarts,ok,true,0.000042702021326,0.000020993193601,-0.499668926540388,-2.476035513944881,2.281359511024048,-1.295424025066483,-4.187464924585306,-0.257980356330736
435,k_cold,ok,true,0.000069828713127,0.000461261406068,-0.499629317119461,-2.475957214701496,2.281574737593230,-1.296104419400798,-4.187326185607394,-0.257921500487189
435,k_restarts,ok,true,0.000069828713127,0.000461261406068,-0.499629317119461,-2.475957214701496,2.281574737593230,-1.296104419400798,-4.187326185607394,-0.257921500487189
436,arm_cold,ok,true,0.000007518593980,0.000064503538869,0.501473357709643,-2.778899102393458,1.479109040717391,-0.524245301469577,-0.572031442279753,1.434785951847342
436,arm_restarts,ok,true,0.000007518593980,0.000064503538869,0.501473357709643,-2.778899102393458,1.479109040717391,-0.524245301469577,-0.572031442279753,1.434785951847342
436,k_cold,ok,true,0.000052133264378,0.000331511052033,0.501496544233170,-2.778923245205056,1.479221581789900,-0.523930093893741,-0.571862664704448,1.434668136346588
436,k_restarts,ok,true,0.000052133264378,0.000331511052033,0.501496544233170,-2.778923245205056,1.479221581789900,-0.523930093893741,-0.571862664704448,1.434668136346588
437,arm_cold,ok,true,0.000004204110977,0.000019360851970,-0.648096621094219,-1.242967376990863,0.784546245235541,0.377311290956755,0.501511621654234,-2.953149546090216
437,arm_restarts,ok,true,0.000004204110977,0.000019360851970,-0.648096621094219,-1.242967376990863,0.784546245235541,0.377311290956755,0.501511621654234,-2.953149546090216
437,k_cold,ok,true,0.000054457722240,0.000122362995709,-0.648122838104557,-1.299471481387944,1.383716487344157,-3.306793580081852,-0.501532429666847,0.188404183498668
437,k_restarts,ok,true,0.000054457722240,0.000122362995709,-0.648122838104557,-1.299471481387944,1.383716487344157,-3.306793580081852,-0.501532429666847,0.188404183498668
438,arm_cold,ok,true,0.000004068725359,0.000034982824364,-2.174171181988544,-0.205714715968557,2.635731945309955,-0.690253417531217,-2.311872315204527,-0.096884022649959
438,arm_restarts,ok,true,0.000004068725359,0.000034982824364,-2.174171181988544,-0.205714715968557,2.635731945309955,-0.690253417531217,-2.311872315204527,-0.096884022649959
438,k_cold,ok,true,0.000085963135977,0.000373757014822,-2.173068954484551,-0.206852719163625,2.635957653488018,-0.690563033416016,-2.312352821617981,-0.098635308688323
438,k_restarts,ok,true,0.000085963135977,0.000373757014822,-2.173068954484551,-0.206852719163625,2.635957653488018,-0.690563033416016,-2.312352821617981,-0.098635308688323
439,arm_cold,not_converged,false,0.275335124428528,0.202658378780355,-5.766418184044761,-4.712440561641047,0.160862581341195,-2.604501677826414,-6.283190000000000,-5.896228776026009
439,arm_restarts,ok,true,0.000015396015331,0.000010718295475,-2.676646107717782,-4.469046579836064,-0.475065922344219,-0.730665183978267,3.007277557511209,-0.057836728921341
439,k_cold,not_converged,false,,,,,,,,
439,k_restarts,ok,true,0.000065943181339,0.000025095257041,3.606544467111569,-4.924801327518841,0.475523146423968,5.057776364819723,3.007301874287311,-0.057746880590850
440,arm_cold,ok,true,0.000000069277971,0.000000103839170,-2.160505179662480,-2.013174417960387,0.677432515012319,2.104447861347636,-1.171742663420433,0.911059053646513
440,arm_restarts,ok,true,0.000000069277971,0.000000103839170,-2.160505179662480,-2.013174417960387,0.677432515012319,2.104447861347636,-1.171742663420433,0.911059053646513
440,k_cold,ok,true,0.000098053665812,0.000395520806707,-0.412666500151242,-1.779498495782383,1.195589811496519,2.816933780247308,-0.947409016726335,-1.228385525594891
440,k_restarts,ok,true,0.000098053665812,0.000395520806707,-0.412666500151242,-1.779498495782383,1.195589811496519,2.816933780247308,-0.947409016726335,-1.228385525594891
441,arm_cold,ok,true,0.000040113369195,0.000126151115272,-0.934923396950638,-3.029552884507293,2.216877907545027,-2.200782772277038,-1.476212417289932,1.708582018478938
441,arm_restarts,ok,true,0.000040113369195,0.000126151115272,-0.934923396950638,-3.029552884507293,2.216877907545027,-2.200782772277038,-1.476212417289932,1.708582018478938
441,k_cold,not_converged,false,,,,,,,,
441,k_restarts,ok,true,0.000063628586677,0.000137678426881,-5.603004752510655,3.839329495193143,2.129211409522585,-1.634975191986276,3.278809797521439,-3.373586916974484
442,arm_cold,not_converged,false,0.448660781678440,0.698955425905418,6.283190000000000,-6.283190000000000,1.302281008030073,3.533154757825707,5.327244415809818,-0.465435945636839
442,arm_restarts,ok,true,0.000019806696281,0.000000575492766,-5.855673646993121,6.134988966751808,0.672339589647811,-2.310491784722347,-1.040341070404287,5.664578003334105
442,k_cold,not_converged,false,,,,,,,,
442,k_restarts,ok,true,0.000075911449015,0.000306630791703,-5.855630633514132,0.496032853357940,-0.672664021856393,-1.609581116657543,5.242645127367905,-0.618442548573125
443,arm_cold,not_converged,false,0.101701673421191,0.007711970992603,0.104314086049298,-5.739374471933528,-0.291184736620924,2.646677586941256,-5.720202602001895,1.409155543604555
443,arm_restarts,ok,true,0.000001668127312,0.000000010827527,-6.172947861553477,-6.242628587777183,0.327853792358003,-0.622240282621268,5.724570017318525,4.555505936700015
443,k_cold,not_converged,false,,,,,,,,
443,k_restarts,ok,true,0.000052596540349,0.000080242135080,-6.172944844401105,0.355434713359604,-0.328676348976573,-0.280589374318553,5.724642032766103,-1.727637127251088
444,arm_cold,ok,true,0.000000027452604,0.000000020597912,-4.137120065608267,1.148202128821764,2.478059736276090,-1.793168697511717,-1.098519186279894,0.004920596023173
444,arm_restarts,ok,true,0.000000027452604,0.000000020597912,-4.137120065608267,1.148202128821764,2.478059736276090,-1.793168697511717,-1.098519186279894,0.004920596023173
444,k_cold,not_converged,false,,,,,,,,
444,k_restarts,ok,true,0.000064469973278,0.000195793114566,2.146155320498253,-5.135237262245393,2.478050056779138,-1.792900123542913,5.184532492154103,-6.278186467343487
445,arm_cold,not_converged,false,0.147599761451849,0.351713449307072,-6.283190000000000,-3.251287058367727,1.398278775167211,-0.194667247532379,-2.311471541604537,-0.308965483357088
445,arm_restarts,ok,true,0.000007474801972,0.000004213328284,-4.049224659235397,-0.127280230784794,-1.503624111406541,0.836577666123810,5.118184164098709,2.296812782423924
445,k_cold,not_converged,false,,,,,,,,
445,k_restarts,ok,true,0.000056620109797,0.000012901900979,-4.049192526996130,-0.127189004903926,-1.503812277870520,0.836649648220243,5.118210162373938,2.296839260326945
446,arm_cold,ok,true,0.000066737183493,0.000365582334026,-0.507944685287098,-3.280873785497808,1.105940022829293,-0.619862314120931,-0.367798271784483,1.030421545827884
446,arm_restarts,ok,true,0.000066737183493,0.000365582334026,-0.507944685287098,-3.280873785497808,1.105940022829293,-0.619862314120931,-0.367798271784483,1.030421545827884
446,k_cold,not_converged,false,,,,,,,,
446,k_restarts,ok,true,0.000064064232881,0.000092750572929,-4.082252901989567,0.178580523286872,-1.467990678557405,-0.883291327520402,3.290711181685949,2.319397300926718
447,arm_cold,not_converged,false,0.185073576941816,0.055245691773440,-4.256698988399095,-4.542603865941410,-0.770294502687232,-4.114144574207026,0.438962431653903,0.318537481967790
447,arm_restarts,ok,true,0.000001969823578,0.000005775748637,-4.207053873350104,-5.396314540186440,0.838837146841738,-1.772121455764314,-0.389114756078070,3.448344877697425
447,k_cold,not_converged,false,,,,,,,,
447,k_restarts,ok,true,0.000079333116784,0.000127674781775,-6.224244522475615,2.258577704949424,-0.827269206065125,-1.457621206673351,3.877362776213722,3.385793673347821
448,arm_cold,ok,true,0.000051439870885,0.000350187613552,6.146012203242480,-5.034713386597283,1.370034745169139,-4.484706303693531,2.736011930816661,-5.891215288996535
448,arm_restarts,ok,true,0.000051439870885,0.000350187613552,6.146012203242480,-5.034713386597283,1.370034745169139,-4.484706303693531,2.736011930816661,-5.891215288996535
448,k_cold,not_converged,false,,,,,,,,
448,k_restarts,ok,true,0.000055839295181,0.000157861662930,-5.052174496360416,2.133707166104401,-1.828544009360825,0.083070304995273,4.639633912787533,2.312031829221310
449,arm_cold,not_converged,false,0.356149418813399,0.313884554411384,0.007482146947362,-6.283190000000000,3.141500000000000,-6.283190000000000,-1.968967160637047,-3.158693431541022
449,arm_restarts,ok,true,0.000002046935361,0.000000377089481,-5.444741799331496,-1.906792100061829,2.043944798479044,-2.510603687195418,3.560419595350452,-2.564751933589525
449,k_cold,ok,true,0.000095317129577,0.000634054919934,-1.504604147019643,-3.268834707738761,1.828085561681738,-1.140316467985133,-0.559917969799811,2.506710222695616
449,k_restarts,ok,true,0.000095317129577,0.000634054919934,-1.504604147019643,-3.268834707738761,1.828085561681738,-1.140316467985133,-0.559917969799811,2.506710222695616
450,arm_cold,ok,true,0.000000094990852,0.000000186397920,-1.694878760598541,-0.881598502932249,2.024986995986302,-2.914669270858574,-2.511141763964158,2.697943781143265
450,arm_restarts,ok,true,0.000000094990852,0.000000186397920,-1.694878760598541,-0.881598502932249,2.024986995986302,-2.914669270858574,-2.511141763964158,2.697943781143265
450,k_cold,ok,true,0.000050142054540,0.000212774437783,-1.694855384716929,-0.881638995785994,2.025126809176188,-2.915026009914417,-2.511191701966794,2.697630293833658
450,k_restarts,ok,true,0.000050142054540,0.000212774437783,-1.694855384716929,-0.881638995785994,2.025126809176188,-2.915026009914417,-2.511191701966794,2.697630293833658
451,arm_cold,ok,true,0.000000877844254,0.000001783464142,-3.934408360679469,-0.642198252020097,2.809736825035899,-4.730360382938307,0.806501687818251,2.072503485997269
451,arm_restarts,ok,true,0.000000877844254,0.000001783464142,-3.934408360679469,-0.642198252020097,2.809736825035899,-4.730360382938307,0.806501687818251,2.072503485997269
451,k_cold,not_converged,false,,,,,,,,
451,k_restarts,ok,true,0.000055293538031,0.000252889882497,-3.934690050678413,5.641028598938767,2.809633707992718,-4.730740254499725,-5.476524725082030,-4.210151446313775
452,arm_cold,ok,true,0.000029343423465,0.000000271813490,-1.111959041156506,-0.420498672076833,0.108718636338803,-4.264702225706617,-1.604813329988608,0.520551038326619
452,arm_restarts,ok,true,0.000029343423465,0.000000271813490,-1.111959041156506,-0.420498672076833,0.108718636338803,-4.264702225706617,-1.604813329988608,0.520551038326619
452,k_cold,ok,true,0.000056268478348,0.000056111384328,-1.111959012861977,-0.421201959304529,0.110193870035080,-4.265429928248078,-1.604800368462505,0.520584159567240
452,k_restarts,ok,true,0.000056268478348,0.000056111384328,-1.111959012861977,-0.421201959304529,0.110193870035080,-4.265429928248078,-1.604800368462505,0.520584159567240
453,arm_cold,not_converged,false,0.165351520822739,0.295143337461786,-0.828704383191549,-2.273665418377388,3.141500000000000,-1.246384414931245,-1.141985447497945,-0.834360660344631
453,arm_restarts,ok,true,0.000032808379420,0.000512627259832,-6.007293623342734,-5.207006222063522,2.809751042947934,1.250720184503484,-0.081221645796922,-6.010405429495334
453,k_cold,not_converged,false,,,,,,,,
453,k_restarts,ok,true,0.000058223779906,0.000124259171591,0.279024333605093,6.213603320601336,2.624185021525524,5.688191716502122,0.079943692771187,3.449459441874424
454,arm_cold,ok,true,0.000000250854502,0.000000709979837,-2.765580664707497,-2.872434264899369,2.993581185812371,-1.363508381113756,-4.501740243684870,1.904112614497357
454,arm_restarts,ok,true,0.000000250854502,0.000000709979837,-2.765580664707497,-2.872434264899369,2.993581185812371,-1.363508381113756,-4.501740243684870,1.904112614497357
454,k_cold,not_converged,false,,,,,,,,
454,k_restarts,not_converged,false,,,,,,,,
455,arm_cold,ok,true,0.000000211942817,0.000000006389317,-3.004272173119965,-2.899847676388577,0.804708203934592,2.695748504237536,-3.690985722131675,-2.362941297384581
455,arm_restarts,ok,true,0.000000211942817,0.000000006389317,-3.004272173119965,-2.899847676388577,0.804708203934592,2.695748504237536,-3.690985722131675,-2.362941297384581
455,k_cold,ok,true,0.000095817536702,0.000332657912644,-0.260168185669719,-0.747902174164654,0.806988929339005,-3.586172470177993,0.902245710876480,0.496200827157904
455,k_restarts,ok,true,0.000095817536702,0.000332657912644,-0.260168185669719,-0.747902174164654,0.806988929339005,-3.586172470177993,0.902245710876480,0.496200827157904
456,arm_cold,ok,true,0.000020941211434,0.000043202831823,-2.886492468096713,-2.116468848826166,1.723987904618040,-0.227788587388168,-3.205892999216861,1.403520006445572
456,arm_restarts,ok,true,0.000020941211434,0.000043202831823,-2.886492468096713,-2.116468848826166,1.723987904618040,-0.227788587388168,-3.205892999216861,1.403520006445572
456,k_cold,ok,true,0.000082669662494,0.000034556610591,-2.886445030164445,-2.116419823777251,1.723764610468216,-0.227196800259004,-3.205862067226306,1.403905719682490
456,k_restarts,ok,true,0.000082669662494,0.000034556610591,-2.886445030164445,-2.116419823777251,1.723764610468216,-0.227196800259004,-3.205862067226306,1.403905719682490
457,arm_cold,ok,true,0.000000067147054,0.000000000841844,-6.152126371389484,-3.420425577643166,0.936171666268310,-6.013669097076426,4.854516050044776,-3.017531977133724
457,arm_restarts,ok,true,0.000000067147054,0.000000000841844,-6.152126371389484,-3.420425577643166,0.936171666268310,-6.013669097076426,4.854516050044776,-3.017531977133724
457,k_cold,not_converged,false,,,,,,,,
457,k_restarts,ok,true,0.000087682130086,0.000251914451012,-3.423994035593903,5.174870386929859,1.488236925154769,-1.399084525089705,4.335215144022155,-0.228962711859065
458,arm_cold,ok,true,0.000028636352186,0.000080434210226,-2.956332636637404,-1.928175143468830,1.600952557547565,-2.186081891331015,-2.748753330940251,-2.526079320593499
458,arm_restarts,ok,true,0.000028636352186,0.000080434210226,-2.956332636637404,-1.928175143468830,1.600952557547565,-2.186081891331015,-2.748753330940251,-2.526079320593499
458,k_cold,ok,true,0.000062563831245,0.000114311804170,-2.956276279486091,-1.928229193830581,1.601030693523220,-2.186128869921630,-2.748935536887234,-2.526194362443303
458,k_restarts,ok,true,0.000062563831245,0.000114311804170,-2.956276279486091,-1.928229193830581,1.601030693523220,-2.186128869921630,-2.748935536887234,-2.526194362443303
459,arm_cold,ok,true,0.000073072272233,0.000352723332274,0.523979982620900,-2.927533352522138,2.681287288988104,-0.664987919540416,-3.044659078298990,0.824102280975729
459,arm_restarts,ok,true,0.000073072272233,0.000352723332274,0.523979982620900,-2.927533352522138,2.681287288988104,-0.664987919540416,-3.044659078298990,0.824102280975729
459,k_cold,not_converged,false,,,,,,,,
459,k_restarts,ok,true,0.000068840467188,0.000477568063751,-5.757443875917878,-0.580511998707637,-2.678952689915635,2.363557610490713,3.239828114635186,0.839376181965431
460,arm_cold,not_converged,false,0.113341104377096,0.129867258335118,-4.844012634991127,-3.111789535622768,3.141500000000000,-2.264242746823093,1.764067933466814,2.147294271285848
460,arm_restarts,ok,true,0.000028474275690,0.000111862110224,-4.293211498630090,-0.421765031592435,2.867854760889047,1.706406220433802,1.475831191206490,-4.611059100822552
460,k_cold,not_converged,false,,,,,,,,
460,k_restarts,ok,true,0.000068792669578,0.000544439378350,-4.293817033785410,5.040023608750813,2.504274115271990,-0.250122591971318,4.807655124904944,-1.469016559068492
461,arm_cold,ok,true,0.000027164009130,0.000002187524217,2.231463523796355,-1.600349002014603,0.167211290564619,-3.922452386482289,-6.021877636215988,2.449598891393026
461,arm_restarts,ok,true,0.000027164009130,0.000002187524217,2.231463523796355,-1.600349002014603,0.167211290564619,-3.922452386482289,-6.021877636215988,2.449598891393026
461,k_cold,ok,true,0.000073102550280,0.000165969573070,-3.488160676175587,-2.163666116290325,1.270533718937479,-1.939315750849737,-0.746764943558825,-0.011445909587274
461,k_restarts,ok,true,0.000073102550280,0.000165969573070,-3.488160676175587,-2.163666116290325,1.270533718937479,-1.939315750849737,-0.746764943558825,-0.011445909587274
462,arm_cold,ok,true,0.000000358155982,0.000000043447276,-0.344963300020386,-1.024102533876772,2.585785807749577,-3.577442874794062,-1.978736173688801,1.896047091846042
462,arm_restarts,ok,true,0.000000358155982,0.000000043447276,-0.344963300020386,-1.024102533876772,2.585785807749577,-3.577442874794062,-1.978736173688801,1.896047091846042
462,k_cold,ok,true,0.000050557029086,0.000094932848459,-0.344975533527567,-1.024167526493972,2.585918384814109,-3.577599885615754,-1.978679869012522,1.895982070800228
462,k_restarts,ok,true,0.000050557029086,0.000094932848459,-0.344975533527567,-1.024167526493972,2.585918384814109,-3.577599885615754,-1.978679869012522,1.895982070800228
463,arm_cold,ok,true,0.000001239038232,0.000000002520843,0.838632238523992,0.187397360797466,0.483319847399802,2.671286969864105,-5.390945241341338,2.819289765642718
463,arm_restarts,ok,true,0.000001239038232,0.000000002520843,0.838632238523992,0.187397360797466,0.483319847399802,2.671286969864105,-5.390945241341338,2.819289765642718
463,k_cold,not_converged,false,,,,,,,,
463,k_restarts,ok,true,0.000067194167702,0.000309389850731,-5.444585226621739,0.473654125067815,-0.645678153271577,0.372431591980837,5.391219911433851,-0.322251007632061
464,arm_cold,ok,true,0.000000069718465,0.000000017563816,-1.764697979487851,-4.748396402599041,2.037580236781112,-1.711958633704198,-4.979679146674139,4.995497080539253
464,arm_restarts,ok,true,0.000000069718465,0.000000017563816,-1.764697979487851,-4.748396402599041,2.037580236781112,-1.711958633704198,-4.979679146674139,4.995497080539253
464,k_cold,not_converged,false,,,,,,,,
464,k_restarts,ok,true,0.000060961966494,0.000459769385004,-5.501714287106837,1.608930178592656,-2.014131000936416,-1.552450260323401,4.648312466078594,4.426428825128982
465,arm_cold,ok,true,0.000000165023296,0.000000146389140,0.360180742731160,1.422598669520732,2.630993347718945,-1.397898916776532,-1.159203948419903,-1.195756702310664
465,arm_restarts,ok,true,0.000000165023296,0.000000146389140,0.360180742731160,1.422598669520732,2.630993347718945,-1.397898916776532,-1.159203948419903,-1.195756702310664
465,k_cold,ok,true,0.000082323382235,0.000614126098152,-5.922715565707704,-4.014025477011150,2.450139357069228,1.078572642021168,-5.123861892779564,1.945124352508669
465,k_restarts,ok,true,0.000082323382235,0.000614126098152,-5.922715565707704,-4.014025477011150,2.450139357069228,1.078572642021168,-5.123861892779564,1.945124352508669
466,arm_cold,not_converged,false,0.049481592753800,0.672976651260387,-3.654818266656171,2.234041800778684,0.384165634035496,5.353678673506131,3.153549296868975,-6.283190000000000
466,arm_restarts,not_converged,false,0.056187218230760,0.271339543510946,-3.652205026232910,-3.876997255312313,0.095775444340076,-0.409751064436059,-3.138295776842052,-6.283190000000000
466,k_cold,ok,true,0.000086399873065,0.000032367635482,-0.828221774458861,0.402081692140994,0.249103304849409,-0.560352482557843,-0.290692012734569,-2.447553608382150
466,k_restarts,ok,true,0.000086399873065,0.000032367635482,-0.828221774458861,0.402081692140994,0.249103304849409,-0.560352482557843,-0.290692012734569,-2.447553608382150
467,arm_cold,ok,true,0.000026646905895,0.000374915257740,-2.236295837324296,-2.151037132994429,1.283443794486293,-1.156878871257102,-2.438976620558539,-0.047364932071109
467,arm_restarts,ok,true,0.000026646905895,0.000374915257740,-2.236295837324296,-2.151037132994429,1.283443794486293,-1.156878871257102,-2.438976620558539,-0.047364932071109
467,k_cold,ok,true,0.000070278412135,0.000123595310249,-2.236008448060300,-2.150914316873176,1.283265327420315,-1.155948161325689,-2.438904891340714,-0.046607227186306
467,k_restarts,ok,true,0.000070278412135,0.000123595310249,-2.236008448060300,-2.150914316873176,1.283265327420315,-1.155948161325689,-2.438904891340714,-0.046607227186306
468,arm_cold,ok,true,0.000015537240142,0.000055386905053,-3.611990202397543,-2.673378925932083,2.763503422450026,-1.002154384800785,-4.460796955782659,2.814407670937673
468,arm_restarts,ok,true,0.000015537240142,0.000055386905053,-3.611990202397543,-2.673378925932083,2.763503422450026,-1.002154384800785,-4.460796955782659,2.814407670937673
468,k_cold,not_converged,false,,,,,,,,
468,k_restarts,ok,true,0.000055833749635,0.000580318950421,-4.797383062422669,3.916523459973142,3.068207341141744,-4.878697764561738,5.185648519185973,0.639959182700866
469,arm_cold,ok,true,0.000015656303078,0.000000004219828,-1.692992384693258,-0.560845207589352,-0.089796293159334,4.063504570510116,-1.420305638535007,3.270685229317840
469,arm_restarts,ok,true,0.000015656303078,0.000000004219828,-1.692992384693258,-0.560845207589352,-0.089796293159334,4.063504570510116,-1.420305638535007,3.270685229317840
469,k_cold,ok,true,0.000076275571262,0.000162223568299,-1.692972584002876,-0.648545592429907,0.092983675422523,-2.314834191894819,-1.420466838248905,-3.012453794832346
469,k_restarts,ok,true,0.000076275571262,0.000162223568299,-1.692972584002876,-0.648545592429907,0.092983675422523,-2.314834191894819,-1.420466838248905,-3.012453794832346
470,arm_cold,ok,true,0.000002478380428,0.000009960993337,-3.040594615181095,-3.833247016850098,2.608801103380070,-2.648282979364934,-0.311201787999369,-0.316690294024705
470,arm_restarts,ok,true,0.000002478380428,0.000009960993337,-3.040594615181095,-3.833247016850098,2.608801103380070,-2.648282979364934,-0.311201787999369,-0.316690294024705
470,k_cold,ok,true,0.000052353186533,0.000366019164242,-0.847528823173181,-1.350813356292934,2.390159897032846,-4.489736095318270,-2.404333481160068,-1.255108739195132
470,k_restarts,ok,true,0.000052353186533,0.000366019164242,-0.847528823173181,-1.350813356292934,2.390159897032846,-4.489736095318270,-2.404333481160068,-1.255108739195132
471,arm_cold,ok,true,0.000006780641736,0.000001430014654,-4.143150778933239,-1.770319433239367,1.669094605728367,-3.182139312669089,0.544081771724130,0.004959732667246
471,arm_restarts,ok,true,0.000006780641736,0.000001430014654,-4.143150778933239,-1.770319433239367,1.669094605728367,-3.182139312669089,0.544081771724130,0.004959732667246
471,k_cold,not_converged,false,,,,,,,,
471,k_restarts,not_converged,false,,,,,,,,
472,arm_cold,ok,true,0.000004666964358,0.000005844128685,-3.782385426372153,-4.245487213920502,0.650281956075044,-3.963351719199863,0.863661311782315,3.308601414389007
472,arm_restarts,ok,true,0.000004666964358,0.000005844128685,-3.782385426372153,-4.245487213920502,0.650281956075044,-3.963351719199863,0.863661311782315,3.308601414389007
472,k_cold,not_converged,false,,,,,,,,
472,k_restarts,ok,true,0.000082983679014,0.000382866836503,2.500882500982068,-4.697193159382183,1.065197368559347,-0.785065975597918,5.419204846743695,-6.115973199016733
473,arm_cold,ok,true,0.000006968781413,0.000028973737181,-4.154871532160265,-5.757111044085761,2.171311741946881,-5.598402027104658,1.951545547259298,5.051986857230338
473,arm_restarts,ok,true,0.000006968781413,0.000028973737181,-4.154871532160265,-5.757111044085761,2.171311741946881,-5.598402027104658,1.951545547259298,5.051986857230338
473,k_cold,not_converged,false,,,,,,,,
473,k_restarts,not_converged,false,,,,,,,,
474,arm_cold,ok,true,0.000000105635848,0.000000532811713,-0.824586581862790,-6.081369219869909,1.837899487960651,-5.096433798735964,-2.908105038404933,-4.272470578989857
474,arm_restarts,ok,true,0.000000105635848,0.000000532811713,-0.824586581862790,-6.081369219869909,1.837899487960651,-5.096433798735964,-2.908105038404933,-4.272470578989857
474,k_cold,not_converged,false,,,,,,,,
474,k_restarts,ok,true,0.000064307058502,0.000612370067225,3.308525512089601,-5.047801254521199,1.819510277053989,0.115057285318221,5.523551289502619,-4.375496001683065
475,arm_cold,not_converged,false,0.126187828356018,0.034572347323007,-0.247621605402042,-4.790535826362004,0.575465245692645,1.068934388762103,-1.319266125613900,3.398014244715985
475,arm_restarts,ok,true,0.000077031313864,0.000092252787453,-0.294963226083893,-4.952225788737199,0.998156638783987,-2.368638582359855,-5.017444847719193,0.260393332322021
475,k_cold,not_converged,false,,,,,,,,
475,k_restarts,not_converged,false,,,,,,,,
476,arm_cold,not_converged,false,0.043153309946913,0.314347731996661,-6.072742732573457,-3.534215753171367,1.096355821243189,-6.283190000000000,-1.765226775618638,-1.391869330265127
476,arm_restarts,ok,true,0.000027871688119,0.000290341596629,-6.073715403962647,-3.301160872537250,1.231377368089718,-3.823781209934299,-4.517748098074223,1.749531214289987
476,k_cold,not_converged,false,,,,,,,,
476,k_restarts,ok,true,0.000060783878740,0.000198478267375,2.941471922465903,-5.874573592768440,-1.135288696644483,3.479721088887028,-4.527278807533200,4.736965423267906
477,arm_cold,ok,true,0.000001698973842,0.000000124482169,2.495489283605609,0.529310814229349,0.465082313154481,5.288951841142026,-6.009841573040631,-1.316181679301128
477,arm_restarts,ok,true,0.000001698973842,0.000000124482169,2.495489283605609,0.529310814229349,0.465082313154481,5.288951841142026,-6.009841573040631,-1.316181679301128
477,k_cold,not_converged,false,,,,,,,,
477,k_restarts,not_converged,false,,,,,,,,
478,arm_cold,ok,true,0.000000581617260,0.000000004449067,-1.817579016161095,0.310598259244356,0.789336651248605,-4.549064776231190,-3.745703515902493,0.674682657574977
478,arm_restarts,ok,true,0.000000581617260,0.000000004449067,-1.817579016161095,0.310598259244356,0.789336651248605,-4.549064776231190,-3.745703515902493,0.674682657574977
478,k_cold,ok,true,0.000062763935479,0.000279532153784,-1.817567098524981,-0.210339740804007,1.506437546060476,-1.603443560789596,-2.537211731212904,-2.466746302653978
478,k_restarts,ok,true,0.000062763935479,0.000279532153784,-1.817567098524981,-0.210339740804007,1.506437546060476,-1.603443560789596,-2.537211731212904,-2.466746302653978
479,arm_cold,ok,true,0.000047660305100,0.000009523458858,-2.526518971897699,-1.369900846936198,1.181090835069952,-1.338162276913074,1.282710968720167,1.188970726529109
479,arm_restarts,ok,true,0.000047660305100,0.000009523458858,-2.526518971897699,-1.369900846936198,1.181090835069952,-1.338162276913074,1.282710968720167,1.188970726529109
479,k_cold,ok,true,0.000051717157441,0.000155129001029,-2.526500320291483,-0.242937955896822,-1.181118169659012,6.180175248343866,1.282734872211094,-5.094318889928032
479,k_restarts,ok,true,0.000051717157441,0.000155129001029,-2.526500320291483,-0.242937955896822,-1.181118169659012,6.180175248343866,1.282734872211094,-5.094318889928032
480,arm_cold,not_converged,false,0.101683363175274,0.067974792430560,0.002564500655185,-4.884782137505713,0.453447133717778,-5.646999935789724,-1.188576136004895,0.930418553491459
480,arm_restarts,ok,true,0.000000041558327,0.000000269651155,-5.191260600653183,-4.326774843171901,-0.825064140386457,-1.877803593535578,-4.263171518930847,-2.906545453164287
480,k_cold,not_converged,false,,,,,,,,
480,k_restarts,not_converged,false,,,,,,,,
481,arm_cold,not_converged,false,0.040444581618358,0.078420141885375,-1.837689456456431,-0.706478379569551,0.015166486201395,-5.842447092498480,-4.813425467775475,-4.564732346782449
481,arm_restarts,ok,true,0.000069586460375,0.000005859979565,-1.831688733236065,5.557980402141026,0.515043280510330,3.023050799472062,-1.474386760885554,-1.425985438785282
481,k_cold,ok,true,0.000067420389557,0.000180116779016,-1.831666068709112,-0.725225183009766,0.515057931875603,-3.260067691774746,-1.474577220436547,-1.426029135941612
481,k_restarts,ok,true,0.000067420389557,0.000180116779016,-1.831666068709112,-0.725225183009766,0.515057931875603,-3.260067691774746,-1.474577220436547,-1.426029135941612
482,arm_cold,ok,true,0.000002323016336,0.000003640366708,-2.528064322428830,-4.851075061780877,1.846659364963288,-3.908547885617374,-4.156651371527615,-4.929586631299837
482,arm_restarts,ok,true,0.000002323016336,0.000003640366708,-2.528064322428830,-4.851075061780877,1.846659364963288,-3.908547885617374,-4.156651371527615,-4.929586631299837
482,k_cold,not_converged,false,,,,,,,,
482,k_restarts,not_converged,false,,,,,,,,
483,arm_cold,ok,true,0.000000166652748,0.000000224205083,-1.159324568135828,-1.844640509834791,1.495726130654722,-1.780337918065588,-1.889869680227552,-1.774183806545697
483,arm_restarts,ok,true,0.000000166652748,0.000000224205083,-1.159324568135828,-1.844640509834791,1.495726130654722,-1.780337918065588,-1.889869680227552,-1.774183806545697
483,k_cold,ok,true,0.000068055194025,0.000555021181654,-1.159405551576672,-1.844654341041301,1.495827676930238,-1.780305036075225,-1.890070928218246,-1.773731663249112
483,k_restarts,ok,true,0.000068055194025,0.000555021181654,-1.159405551576672,-1.844654341041301,1.495827676930238,-1.780305036075225,-1.890070928218246,-1.773731663249112
484,arm_cold,ok,true,0.000048103522452,0.000062367162342,0.069836076794081,-1.531691106083806,2.722149318753881,-2.025412173727747,-0.685007215967917,0.388780634854460
484,arm_restarts,ok,true,0.000048103522452,0.000062367162342,0.069836076794081,-1.531691106083806,2.722149318753881,-2.025412173727747,-0.685007215967917,0.388780634854460
484,k_cold,ok,true,0.000058038085609,0.000120437075862,0.069757306959110,-1.531773804447268,2.722173114463407,-2.025249999251741,-0.685078871634091,0.388775432820005
484,k_restarts,ok,true,0.000058038085609,0.000120437075862,0.069757306959110,-1.531773804447268,2.722173114463407,-2.025249999251741,-0.685078871634091,0.388775432820005
485,arm_cold,ok,true,0.000073116196249,0.000108037842688,-2.205581383683450,-3.819596871191110,1.952604840988186,0.820309996114397,0.689037742317312,1.458782704840593
485,arm_restarts,ok,true,0.000073116196249,0.000108037842688,-2.205581383683450,-3.819596871191110,1.952604840988186,0.820309996114397,0.689037742317312,1.458782704840593
485,k_cold,ok,true,0.000090051255900,0.000504356356169,0.221344816047194,-1.468105574596766,2.427160692485305,-2.079956950161440,2.483839035960570,-0.492123030899147
485,k_restarts,ok,true,0.000090051255900,0.000504356356169,0.221344816047194,-1.468105574596766,2.427160692485305,-2.079956950161440,2.483839035960570,-0.492123030899147
486,arm_cold,not_converged,false,0.104512666686688,0.063805280731090,-3.893705946597957,-5.338739867590883,0.490464655355106,-4.276356169550528,-1.275905369628649,-0.081378738860927
486,arm_restarts,ok,true,0.000006133908187,0.000001314168767,-0.077452333271522,-3.755464504586290,-0.776362828134459,-1.992742021708042,-1.207026044573039,3.219937621572361
486,k_cold,not_converged,false,,,,,,,,
486,k_restarts,not_converged,false,,,,,,,,
487,arm_cold,not_converged,false,0.275885868758838,0.009072596505363,-1.961359647328988,-1.842850601679198,-1.006205224056063,1.735442095222859,-2.602973978303555,2.431241870580534
487,arm_restarts,not_converged,false,0.050480559567522,0.018689369534155,-5.531083994342096,5.374094848566867,-0.146196003250967,-0.231583284880644,5.776383568810218,-1.562933790456253
487,k_cold,not_converged,false,,,,,,,,
487,k_restarts,not_converged,false,,,,,,,,
488,arm_cold,not_converged,false,0.119522951969078,0.056507163345344,0.947819271925531,-3.316354120281126,0.528246512164943,-5.897359214715148,3.938521730600238,-0.728496538056093
488,arm_restarts,ok,true,0.000000247319664,0.000000000207001,-5.343101938557652,3.555382040207966,-0.318608542489748,3.724828274186109,2.334701026697646,2.406572467278343
488,k_cold,not_converged,false,,,,,,,,
488,k_restarts,not_converged,false,,,,,,,,
489,arm_cold,ok,true,0.000074805688274,0.000106404071220,-1.281412320978533,-1.597073109706239,2.682025046601780,-1.490647691608330,-1.100593965044570,-0.876237501763086
489,arm_restarts,ok,true,0.000074805688274,0.000106404071220,-1.281412320978533,-1.597073109706239,2.682025046601780,-1.490647691608330,-1.100593965044570,-0.876237501763086
489,k_cold,ok,true,0.000063631704093,0.000214325417250,-1.281687215984728,-1.597727270866082,2.681933991639956,-1.489922480543051,-1.100809103832432,-0.876200857954632
489,k_restarts,ok,true,0.000063631704093,0.000214325417250,-1.281687215984728,-1.597727270866082,2.681933991639956,-1.489922480543051,-1.100809103832432,-0.876200857954632
490,arm_cold,ok,true,0.000079098778011,0.000000615040202,-3.993882080145692,-1.050806745856750,0.224241881061843,0.088543496068340,-4.687182755220059,2.311454424136964
490,arm_restarts,ok,true,0.000079098778011,0.000000615040202,-3.993882080145692,-1.050806745856750,0.224241881061843,0.088543496068340,-4.687182755220059,2.311454424136964
490,k_cold,not_converged,false,,,,,,,,
490,k_restarts,not_converged,false,,,,,,,,
491,arm_cold,ok,true,0.000000361055503,0.000000000550743,-5.413158736353807,-5.680022693208339,0.471714308909372,3.714537637756493,2.117284153490218,-2.736130769453937
491,arm_restarts,ok,true,0.000000361055503,0.000000000550743,-5.413158736353807,-5.680022693208339,0.471714308909372,3.714537637756493,2.117284153490218,-2.736130769453937
491,k_cold,not_converged,false,,,,,,,,
491,k_restarts,not_converged,false,,,,,,,,
492,arm_cold,not_converged,false,0.018976987565292,0.014627177158612,0.406851407795172,-4.777685595096856,-0.146087265826599,-4.331750532392050,-1.649783194299394,-3.664961706100394
492,arm_restarts,ok,true,0.000041364411282,0.000037879276008,5.124621959185601,-4.585699660686616,0.318201912488913,-4.081778547640523,6.107756241860956,-4.746473820232643
492,k_cold,not_converged,false,,,,,,,,
492,k_restarts,ok,true,0.000066558460436,0.000047961314540,5.124648201181208,-4.585524589445441,0.317976332006604,-4.081710907653690,6.107778000821741,-4.746495961183660
493,arm_cold,not_converged,false,0.187383517297342,0.017865507531277,-5.487225783269313,2.795282162122041,-0.108698873885845,1.938413311843784,3.638475553094270,-4.709426457249950
493,arm_restarts,not_converged,false,0.096027661329627,0.795278010389687,0.818082555989333,-3.311802110614560,-0.639213086561530,-6.283190000000000,-3.642537911928092,-1.524921092160784
493,k_cold,not_converged,false,,,,,,,,
493,k_restarts,not_converged,false,,,,,,,,
494,arm_cold,ok,true,0.000001352300441,0.000010400546459,2.374809795396303,-5.360093806881404,1.897002042254718,-3.396619206966429,4.868545848530982,4.091336622871114
494,arm_restarts,ok,true,0.000001352300441,0.000010400546459,2.374809795396303,-5.360093806881404,1.897002042254718,-3.396619206966429,4.868545848530982,4.091336622871114
494,k_cold,not_converged,false,,,,,,,,
494,k_restarts,ok,true,0.000080378202700,0.000231099021111,2.374844421155434,-5.358892771399966,1.380035779618826,-6.022319850181968,1.414544875431585,-5.333609998958958
495,arm_cold,not_converged,false,0.234567459558128,0.006981782024995,-0.915341208145884,3.935913541321778,-0.928861777859360,2.587535129907096,4.337491304400213,5.704300324206161
495,arm_restarts,ok,true,0.000000346092333,0.000000001183500,-4.398049777652023,-0.015090685409663,-0.481487149135898,-1.832323134151921,5.340632244031927,2.295046072625258
495,k_cold,not_converged,false,,,,,,,,
495,k_restarts,ok,true,0.000092201599030,0.000056347919653,-4.398069294542513,-0.014617926921392,-0.482449914964779,-1.831859367927875,5.340669086556654,2.295091894486761
496,arm_cold,not_converged,false,0.101309584134194,0.164175500480396,-4.470442073166279,-2.860563339195371,3.141500000000000,-2.028280361479231,-1.916261011136419,-3.546443238780330
496,arm_restarts,ok,true,0.000063328616760,0.000110873202445,-4.629293421497497,5.555336276102029,2.805178898202561,-0.577880115456641,1.912352649558510,-0.578411355125908
496,k_cold,not_converged,false,,,,,,,,
496,k_restarts,not_converged,false,,,,,,,,
497,arm_cold,ok,true,0.000000014493747,0.000000001022208,-2.731033462824458,-4.614241118248513,1.550636045716074,-5.961159910202353,-1.866854560459127,1.777697758722738
497,arm_restarts,ok,true,0.000000014493747,0.000000001022208,-2.731033462824458,-4.614241118248513,1.550636045716074,-5.961159910202353,-1.866854560459127,1.777697758722738
497,k_cold,not_converged,false,,,,,,,,
497,k_restarts,ok,true,0.000081605523762,0.000432177102638,3.551999554298976,-4.614304802415068,1.550520482098986,0.322232346687354,4.416043659793962,-4.505489007661500
498,arm_cold,not_converged,false,0.092221588835486,0.075294229974523,-0.775274752066020,-4.003735063419180,3.141500000000000,-3.017112107543480,-2.266240105208337,0.268413319697980
498,arm_restarts,ok,true,0.000000063013052,0.000000271277580,5.009633548501085,-5.202049727478939,2.833236089445697,-1.282893295303158,4.435549528827672,-5.699719518019186
498,k_cold,not_converged,false,,,,,,,,
498,k_restarts,ok,true,0.000063660062518,0.000180349156508,5.009618950804082,-5.202493809487898,2.833344664789354,-1.282649278548430,4.435534884232571,-5.699891827588334
499,arm_cold,ok,true,0.000007515687642,0.000000244062602,-1.538912336575096,-3.455658255722666,0.508835706880797,-4.228382648346321,-2.836396947669614,3.280934157953602
499,arm_restarts,ok,true,0.000007515687642,0.000000244062602,-1.538912336575096,-3.455658255722666,0.508835706880797,-4.228382648346321,-2.836396947669614,3.280934157953602
499,k_cold,not_converged,false,,,,,,,,
499,k_restarts,ok,true,0.000096612244595,0.000679229069163,-5.053186194038467,0.745530479717759,-1.370157497812907,-0.313164278980890,5.989263791374753,-1.216192848287706
500,arm_cold,ok,true,0.000000114815020,0.000000488076100,-2.994306796827113,-0.004384312663956,1.617671305735897,1.235140406888782,-2.877273772613975,4.934587723191371
500,arm_restarts,ok,true,0.000000114815020,0.000000488076100,-2.994306796827113,-0.004384312663956,1.617671305735897,1.235140406888782,-2.877273772613975,4.934587723191371
500,k_cold,not_converged,false,,,,,,,,
500,k_restarts,not_converged,false,,,,,,,,
501,arm_cold,ok,true,0.000000025659963,0.000000000622621,-1.853796528314101,-1.858204118126540,1.328257639623912,-1.098578296692595,1.308997467976884,-0.609091082313206
501,arm_restarts,ok,true,0.000000025659963,0.000000000622621,-1.853796528314101,-1.858204118126540,1.328257639623912,-1.098578296692595,1.308997467976884,-0.609091082313206
501,k_cold,ok,true,0.000093677256809,0.000538604892819,-1.853955570132561,-1.858391333497169,1.328606013303478,-1.098715622880168,1.308495134506168,-0.609099912984386
501,k_restarts,ok,true,0.000093677256809,0.000538604892819,-1.853955570132561,-1.858391333497169,1.328606013303478,-1.098715622880168,1.308495134506168,-0.609099912984386
502,arm_cold,ok,true,0.000000309953741,0.000000436221248,-0.818882566490314,-2.551579808196910,1.319803259857598,-0.303786344439929,-1.343122748021037,-2.210944400832425
502,arm_restarts,ok,true,0.000000309953741,0.000000436221248,-0.818882566490314,-2.551579808196910,1.319803259857598,-0.303786344439929,-1.343122748021037,-2.210944400832425
502,k_cold,ok,true,0.000094008745338,0.000284703391723,0.665324875944196,-2.267852033088465,1.561378620328853,-1.088400923076778,-1.516800924843358,-0.716549474716707
502,k_restarts,ok,true,0.000094008745338,0.000284703391723,0.665324875944196,-2.267852033088465,1.561378620328853,-1.088400923076778,-1.516800924843358,-0.716549474716707
503,arm_cold,ok,true,0.000029911042177,0.000119962995493,-1.063520359127881,-1.558201323164438,1.846973441477098,-0.866776595559167,-2.231530976051554,2.357301012457861
503,arm_restarts,ok,true,0.000029911042177,0.000119962995493,-1.063520359127881,-1.558201323164438,1.846973441477098,-0.866776595559167,-2.231530976051554,2.357301012457861
503,k_cold,ok,true,0.000051308453514,0.000315282308954,-1.063538859497756,-1.558363321773907,1.846957542032204,-0.866821360758027,-2.231805390648391,2.357093276918410
503,k_restarts,ok,true,0.000051308453514,0.000315282308954,-1.063538859497756,-1.558363321773907,1.846957542032204,-0.866821360758027,-2.231805390648391,2.357093276918410
504,arm_cold,ok,true,0.000037006346350,0.000001018542443,-1.337873756666587,-2.905893503400702,0.328457222237117,-2.890308589097295,-4.216368327222792,-3.338968158657775
504,arm_restarts,ok,true,0.000037006346350,0.000001018542443,-1.337873756666587,-2.905893503400702,0.328457222237117,-2.890308589097295,-4.216368327222792,-3.338968158657775
504,k_cold,not_converged,false,,,,,,,,
504,k_restarts,ok,true,0.000081581693214,0.000114190627123,-4.804486339187542,-0.321021476870053,-0.159075657625648,-0.244581311965071,4.973806048676650,2.701175584470793
505,arm_cold,ok,true,0.000000028533195,0.000000013472167,1.546317279847039,-2.393079492840251,1.211476874016595,-2.066805710016907,-4.467111220342056,-2.131520020280405
505,arm_restarts,ok,true,0.000000028533195,0.000000013472167,1.546317279847039,-2.393079492840251,1.211476874016595,-2.066805710016907,-4.467111220342056,-2.131520020280405
505,k_cold,ok,true,0.000050203043477,0.000275570508927,-4.736755336726314,-2.393145248354916,1.211711659914561,-2.066951392568876,1.815750434660877,-2.131327286757107
505,k_restarts,ok,true,0.000050203043477,0.000275570508927,-4.736755336726314,-2.393145248354916,1.211711659914561,-2.066951392568876,1.815750434660877,-2.131327286757107
506,arm_cold,not_converged,false,0.233990216641428,0.288461586576225,1.801613442949348,0.703583281601374,2.842625514473142,-1.963109431864739,-6.283190000000000,-1.560037596872916
506,arm_restarts,ok,true,0.000011475195414,0.000012852401640,0.927187872626524,-4.270508675115471,2.296818512781905,-3.952471657329430,-0.938339216140128,-0.221433910906639
506,k_cold,not_converged,false,,,,,,,,
506,k_restarts,ok,true,0.000074662306571,0.000330457870927,-2.908600004289879,5.849514679488552,1.971583514220779,1.317690404538718,4.741282911230653,-3.137270115313220
507,arm_cold,ok,true,0.000001770764873,0.000010225131590,0.744919031476616,-3.938759309332575,2.592076438821261,-3.416954383002692,-1.916993921487143,-3.167396505516163
507,arm_restarts,ok,true,0.000001770764873,0.000010225131590,0.744919031476616,-3.938759309332575,2.592076438821261,-3.416954383002692,-1.916993921487143,-3.167396505516163
507,k_cold,not_converged,false,,,,,,,,
507,k_restarts,not_converged,false,,,,,,,,
508,arm_cold,ok,true,0.000010106539472,0.000050037226243,-4.346860522709801,-4.832740938788842,1.928836547356760,-3.772165024430882,-1.270203104583511,4.258575715395075
508,arm_restarts,ok,true,0.000010106539472,0.000050037226243,-4.346860522709801,-4.832740938788842,1.928836547356760,-3.772165024430882,-1.270203104583511,4.258575715395075
508,k_cold,not_converged,false,,,,,,,,
508,k_restarts,ok,true,0.000061480559810,0.000112813728613,-2.066577745568480,6.163365166115930,1.918919770393146,-1.370047779294090,1.074121202141485,-2.361433205761657
509,arm_cold,ok,true,0.000022566102718,0.000123030333389,-1.929537305214156,-0.957826274925221,0.705387748043110,0.048135883816229,-2.472160973456899,-1.720522073980098
509,arm_restarts,ok,true,0.000022566102718,0.000123030333389,-1.929537305214156,-0.957826274925221,0.705387748043110,0.048135883816229,-2.472160973456899,-1.720522073980098
509,k_cold,ok,true,0.000077106482684,0.000768935578815,-1.929542456449675,-0.957673361883412,0.705044730399362,0.048285050881787,-2.471348558954385,-1.720456204818176
509,k_restarts,ok,true,0.000077106482684,0.000768935578815,-1.929542456449675,-0.957673361883412,0.705044730399362,0.048285050881787,-2.471348558954385,-1.720456204818176
510,arm_cold,ok,true,0.000009893681434,0.000006565795066,-1.600481495225685,-2.010900693085497,2.612116710776187,-1.892076798110109,-3.299377308989645,-0.586663379933154
510,arm_restarts,ok,true,0.000009893681434,0.000006565795066,-1.600481495225685,-2.010900693085497,2.612116710776187,-1.892076798110109,-3.299377308989645,-0.586663379933154
510,k_cold,not_converged,false,,,,,,,,
510,k_restarts,ok,true,0.000080696233582,0.000102990870714,-1.600437594849460,4.272204988935423,2.612395377528425,4.390211641309786,2.983889113430611,-0.587351672540735
511,arm_cold,not_converged,false,0.171863591027197,0.023706342040755,3.059426428160325,-4.589267483959007,0.295406614741510,-5.342551189729489,1.586103125619969,-5.155569544969185
511,arm_restarts,ok,true,0.000000913962494,0.000000000670055,3.057878854285674,-4.478466564722075,0.309064986321199,3.943572359271103,4.677758829498543,-2.021267852118237
511,k_cold,not_converged,false,,,,,,,,
511,k_restarts,not_converged,false,,,,,,,,
512,arm_cold,ok,true,0.000005949494786,0.000000020477522,-3.439546089180627,-1.490652597914809,0.483356153830493,0.268420235740192,-1.000782140969959,-1.830438238504488
512,arm_restarts,ok,true,0.000005949494786,0.000000020477522,-3.439546089180627,-1.490652597914809,0.483356153830493,0.268420235740192,-1.000782140969959,-1.830438238504488
512,k_cold,not_converged,false,,,,,,,,
512,k_restarts,ok,true,0.000030865270327,0.000722599395314,-5.767086017267760,3.918809091633151,0.515612422662898,0.217200326545709,3.745212873572848,-3.932525159639398
513,arm_cold,ok,true,0.000000687297089,0.000000221299350,-2.700133255700533,-1.593185370117723,1.579291145489242,-0.224298621794974,-1.408939206743546,0.970630667464504
513,arm_restarts,ok,true,0.000000687297089,0.000000221299350,-2.700133255700533,-1.593185370117723,1.579291145489242,-0.224298621794974,-1.408939206743546,0.970630667464504
513,k_cold,ok,true,0.000067672628151,0.000310616712265,-2.700034639194364,-1.593301424511066,1.579370057129892,-0.224287205628249,-1.409028911978001,0.970409434841378
513,k_restarts,ok,true,0.000067672628151,0.000310616712265,-2.700034639194364,-1.593301424511066,1.579370057129892,-0.224287205628249,-1.409028911978001,0.970409434841378
514,arm_cold,ok,true,0.000000121981400,0.000000582325491,-1.733111639286634,-2.647097823702389,1.408301304883279,1.062080300997718,-2.094106665817053,1.751809841811389
514,arm_restarts,ok,true,0.000000121981400,0.000000582325491,-1.733111639286634,-2.647097823702389,1.408301304883279,1.062080300997718,-2.094106665817053,1.751809841811389
514,k_cold,not_converged,false,,,,,,,,
514,k_restarts,ok,true,0.000080294856512,0.000120972749433,-5.934510700263225,-0.453760150941983,-1.816936129451908,0.823893485772885,6.129165846119390,3.286060129151009
515,arm_cold,ok,true,0.000022915150728,0.000002995431307,-2.482623035359464,-1.385878539993116,1.251104194195446,-1.806435456227697,0.698504328277343,-2.024830052863942
515,arm_restarts,ok,true,0.000022915150728,0.000002995431307,-2.482623035359464,-1.385878539993116,1.251104194195446,-1.806435456227697,0.698504328277343,-2.024830052863942
515,k_cold,not_converged,false,,,,,,,,
515,k_restarts,not_converged,false,,,,,,,,
516,arm_cold,ok,true,0.000005529666885,0.000013173268381,-0.406876961047166,-4.713986060076861,2.595910167430992,-4.185816842828466,-2.048634786334268,-2.910419034722385
516,arm_restarts,ok,true,0.000005529666885,0.000013173268381,-0.406876961047166,-4.713986060076861,2.595910167430992,-4.185816842828466,-2.048634786334268,-2.910419034722385
516,k_cold,not_converged,false,,,,,,,,
516,k_restarts,ok,true,0.000097786231385,0.000219513228708,-4.723449627763581,6.165513484111188,2.221311100531181,-5.464244772986332,-6.199115815200956,-5.824080921663310
517,arm_cold,ok,true,0.000022900803312,0.000142224740055,-0.946828927291431,-3.121583306967221,1.963504512641175,0.522105854985780,-1.785827715114340,1.792081854018278
517,arm_restarts,ok,true,0.000022900803312,0.000142224740055,-0.946828927291431,-3.121583306967221,1.963504512641175,0.522105854985780,-1.785827715114340,1.792081854018278
517,k_cold,not_converged,false,,,,,,,,
517,k_restarts,ok,true,0.000050466134339,0.000107551317586,-5.231751447508055,-0.068868085047887,-2.427544356812984,0.702598287703941,5.645767253082479,3.794080708615431
518,arm_cold,not_converged,false,0.041748758398279,0.107894825201388,-3.830370438408269,-4.893013494782469,0.024195114416131,-4.930900457580946,0.811214179673045,0.358339201705630
518,arm_restarts,ok,true,0.000000047547851,0.000000396950491,-3.834943410133969,0.790252870971843,1.347763279878020,3.658580099381408,-0.815209202558931,-2.777544174352109
518,k_cold,not_converged,false,,,,,,,,
518,k_restarts,not_converged,false,,,,,,,,
519,arm_cold,ok,true,0.000043752206768,0.000000211704160,-0.471875343538700,-0.026931827566982,0.164384433613311,-0.817788678494123,-1.719530477191881,0.794768777563682
519,arm_restarts,ok,true,0.000043752206768,0.000000211704160,-0.471875343538700,-0.026931827566982,0.164384433613311,-0.817788678494123,-1.719530477191881,0.794768777563682
519,k_cold,ok,true,0.000089486250397,0.000043789160215,-0.471875859318549,-0.027651410372265,0.165872240447904,-0.818586842540580,-1.719549895290446,0.794790412287502
519,k_restarts,ok,true,0.000089486250397,0.000043789160215,-0.471875859318549,-0.027651410372265,0.165872240447904,-0.818586842540580,-1.719549895290446,0.794790412287502
520,arm_cold,not_converged,false,0.242403460060268,0.017121256991145,-0.889751913233763,0.630625592316313,0.734899292861214,-5.313628083343757,-2.089396834419556,-4.856524162054215
520,arm_restarts,ok,true,0.000001271628911,0.000000003869187,-0.866765543538705,-5.330642594244297,0.160433596414181,-1.948694952483645,2.105121630217973,-1.740839203688124
520,k_cold,not_converged,false,,,,,,,,
520,k_restarts,not_converged,false,,,,,,,,
521,arm_cold,ok,true,0.000028182912241,0.000113244873586,2.927157483947906,-4.692893776266286,0.393448462019332,-3.466819607673066,-4.378712634743756,4.396447153354541
521,arm_restarts,ok,true,0.000028182912241,0.000113244873586,2.927157483947906,-4.692893776266286,0.393448462019332,-3.466819607673066,-4.378712634743756,4.396447153354541
521,k_cold,ok,true,0.000062435809002,0.000052463042025,-2.440592609073653,-5.177137742544927,0.533407331060133,5.995879941255929,-1.839252949702736,0.295006572598555
521,k_restarts,ok,true,0.000062435809002,0.000052463042025,-2.440592609073653,-5.177137742544927,0.533407331060133,5.995879941255929,-1.839252949702736,0.295006572598555
522,arm_cold,ok,true,0.000033465716761,0.000000189847500,2.710537788077356,-4.997395695233194,0.032695326787460,-4.268975683920885,-4.438007186791240,2.383692283964578
522,arm_restarts,ok,true,0.000033465716761,0.000000189847500,2.710537788077356,-4.997395695233194,0.032695326787460,-4.268975683920885,-4.438007186791240,2.383692283964578
522,k_cold,not_converged,false,,,,,,,,
522,k_restarts,not_converged,false,,,,,,,,
523,arm_cold,not_converged,false,0.086697321044180,0.061418009643912,-2.580709862512708,-2.611139544024810,3.141500000000000,-2.109705283309122,-3.770679379378652,1.435262371231666
523,arm_restarts,ok,true,0.000016054780532,0.000064521317277,-3.799108822564905,-4.122685895919738,2.589036827615203,0.884016913477365,-4.459214288660119,-3.530290228391538
523,k_cold,not_converged,false,,,,,,,,
523,k_restarts,ok,true,0.000052970193684,0.000696719377702,-2.043445167762194,6.016049812680472,2.847740288318844,1.546423392679703,2.363315542919892,0.620049374937187
524,arm_cold,not_converged,false,0.051679061071570,0.287565761778715,-5.775061757455917,-5.003818458627496,0.473895587470459,-2.838389351691351,6.283190000000000,-0.932746017671536
524,arm_restarts,ok,true,0.000044933427843,0.000038768135537,-1.278984849284048,-4.126290110154279,-0.791666375249250,-1.116787472471650,-1.661843113801306,4.220868298010016
524,k_cold,not_converged,false,,,,,,,,
524,k_restarts,not_converged,false,,,,,,,,
525,arm_cold,ok,true,0.000029104862595,0.000049448347685,1.045924305210069,-5.703133792585002,1.649320419535025,-3.706207732107079,2.192856048763295,2.473181006876440
525,arm_restarts,ok,true,0.000029104862595,0.000049448347685,1.045924305210069,-5.703133792585002,1.649320419535025,-3.706207732107079,2.192856048763295,2.473181006876440
525,k_cold,not_converged,false,,,,,,,,
525,k_restarts,not_converged,false,,,,,,,,
526,arm_cold,ok,true,0.000001268519639,0.000009742893354,-2.773212020945328,-1.830172633274826,1.437978693289893,-5.177579796154433,-0.327525102602431,1.112385193578588
526,arm_restarts,ok,true,0.000001268519639,0.000009742893354,-2.773212020945328,-1.830172633274826,1.437978693289893,-5.177579796154433,-0.327525102602431,1.112385193578588
526,k_cold,ok,true,0.000054109512629,0.000118970245715,-2.773259126191298,-1.830127052413357,1.437992840249168,-5.177691528885999,-0.327445999180289,1.112439873267169
526,k_restarts,ok,true,0.000054109512629,0.000118970245715,-2.773259126191298,-1.830127052413357,1.437992840249168,-5.177691528885999,-0.327445999180289,1.112439873267169
527,arm_cold,ok,true,0.000000316521177,0.000007025585096,-3.233445040403674,-2.707234477760256,2.700093729560862,-0.972900943526664,-2.628535585256568,-2.262282332263392
527,arm_restarts,ok,true,0.000000316521177,0.000007025585096,-3.233445040403674,-2.707234477760256,2.700093729560862,-0.972900943526664,-2.628535585256568,-2.262282332263392
527,k_cold,ok,true,0.000068640606989,0.000221579305689,-3.233297491122344,-2.707117858479491,2.699882774021440,-0.972134717729517,-2.628466923974153,-2.261643991781955
527,k_restarts,ok,true,0.000068640606989,0.000221579305689,-3.233297491122344,-2.707117858479491,2.699882774021440,-0.972134717729517,-2.628466923974153,-2.261643991781955
528,arm_cold,ok,true,0.000006060890941,0.000006076613499,-3.795569006432642,-2.070581975345546,0.987273919423257,-0.614761414317549,-1.410300645238399,0.203597111115636
528,arm_restarts,ok,true,0.000006060890941,0.000006076613499,-3.795569006432642,-2.070581975345546,0.987273919423257,-0.614761414317549,-1.410300645238399,0.203597111115636
528,k_cold,ok,true,0.000050997706249,0.000108484817562,-4.862218211445542,-2.163575223711028,0.742910804791891,-0.069269999433793,-1.382732140176448,-0.881010025752041
528,k_restarts,ok,true,0.000050997706249,0.000108484817562,-4.862218211445542,-2.163575223711028,0.742910804791891,-0.069269999433793,-1.382732140176448,-0.881010025752041
529,arm_cold,ok,true,0.000000041315124,0.000000032512931,-5.211205115724614,-4.926822673769879,1.865392876504023,-3.431822658140688,-2.235113420313178,0.192360404326927
529,arm_restarts,ok,true,0.000000041315124,0.000000032512931,-5.211205115724614,-4.926822673769879,1.865392876504023,-3.431822658140688,-2.235113420313178,0.192360404326927
529,k_cold,not_converged,false,,,,,,,,
529,k_restarts,ok,true,0.000088665796216,0.000200083959088,1.071950645998894,-4.926908936613378,1.865628171938094,-3.432097689234681,4.047944828280224,-6.090761494969708
530,arm_cold,ok,true,0.000012964347545,0.000043815144251,-1.271119911451404,-1.214646891907260,2.245520075189131,-1.109749182628070,-2.220149195565948,-0.523755688826387
530,arm_restarts,ok,true,0.000012964347545,0.000043815144251,-1.271119911451404,-1.214646891907260,2.245520075189131,-1.109749182628070,-2.220149195565948,-0.523755688826387
530,k_cold,ok,true,0.000064875063053,0.000236512047871,-1.271204996167763,-1.214857933385176,2.245541096841714,-1.109791252747685,-2.220050895142709,-0.523839570333886
530,k_restarts,ok,true,0.000064875063053,0.000236512047871,-1.271204996167763,-1.214857933385176,2.245541096841714,-1.109791252747685,-2.220050895142709,-0.523839570333886
531,arm_cold,ok,true,0.000053092403002,0.000047847678275,-0.384066365829655,-2.334154325692456,1.417871696964147,1.495165326825397,-1.533014037474634,-0.958157994367969
531,arm_restarts,ok,true,0.000053092403002,0.000047847678275,-0.384066365829655,-2.334154325692456,1.417871696964147,1.495165326825397,-1.533014037474634,-0.958157994367969
531,k_cold,ok,true,0.000062375716432,0.000961370897559,0.990125714284184,-1.932928434499604,1.513643198772497,1.761757593110497,-0.595770281776441,-2.231679923398188
531,k_restarts,ok,true,0.000062375716432,0.000961370897559,0.990125714284184,-1.932928434499604,1.513643198772497,1.761757593110497,-0.595770281776441,-2.231679923398188
532,arm_cold,not_converged,false,0.095200336047817,1.136998052738296,0.748598603781734,-4.502140405750360,3.141500000000000,-3.343035399029929,-2.036091262653695,-6.283190000000000
532,arm_restarts,ok,true,0.000001227411689,0.000001007409788,0.589007372077249,-6.187811894258054,2.877170476633679,-1.235687780036724,4.229598802404074,-0.921488657185257
532,k_cold,not_converged,false,,,,,,,,
532,k_restarts,not_converged,false,,,,,,,,
533,arm_cold,ok,true,0.000014640969640,0.000056656938717,-0.919849281936107,-4.794440180611599,2.483049255840487,-3.771228588897315,-2.689805150071194,4.210247785221047
533,arm_restarts,ok,true,0.000014640969640,0.000056656938717,-0.919849281936107,-4.794440180611599,2.483049255840487,-3.771228588897315,-2.689805150071194,4.210247785221047
533,k_cold,not_converged,false,,,,,,,,
533,k_restarts,ok,true,0.000076306848853,0.000206809291100,-5.046914440297123,5.651995403159960,2.399403314241231,-1.600422530820440,5.735573999638586,-2.397381497372701
534,arm_cold,ok,true,0.000046235739883,0.000000370608938,-3.255687559359481,-1.164910273256757,0.373381845134360,0.036372925354922,-1.281005743722970,0.236076303623424
534,arm_restarts,ok,true,0.000046235739883,0.000000370608938,-3.255687559359481,-1.164910273256757,0.373381845134360,0.036372925354922,-1.281005743722970,0.236076303623424
534,k_cold,ok,true,0.000068555925872,0.000080873312206,-3.255680777590933,-1.165061442454362,0.373644865333435,0.036249944433551,-1.280983559652758,0.236005328457245
534,k_restarts,ok,true,0.000068555925872,0.000080873312206,-3.255680777590933,-1.165061442454362,0.373644865333435,0.036249944433551,-1.280983559652758,0.236005328457245
535,arm_cold,not_converged,false,0.008289411443399,0.234947338093659,-2.437677684272630,-6.087165754941130,1.921438106184070,-2.799359522022478,-3.057828607417577,-6.283190000000000
535,arm_restarts,ok,true,0.000004284178802,0.000016759947870,1.582856588531181,-5.007361743162347,1.899845812249264,-3.105486033358401,0.942636413526878,-5.879063777617266
535,k_cold,not_converged,false,,,,,,,,
535,k_restarts,not_converged,false,,,,,,,,
536,arm_cold,ok,true,0.000004325355184,0.000010764636792,-1.014781035617881,-2.059099777050170,1.061159802829370,-0.310632558655124,-4.429409921735449,0.104921148247933
536,arm_restarts,ok,true,0.000004325355184,0.000010764636792,-1.014781035617881,-2.059099777050170,1.061159802829370,-0.310632558655124,-4.429409921735449,0.104921148247933
536,k_cold,ok,true,0.000067165785661,0.000269632785095,-1.014686064880249,-2.059233265796598,1.061486682329778,-0.310928022797027,-4.429157375704773,0.104929781108010
536,k_restarts,ok,true,0.000067165785661,0.000269632785095,-1.014686064880249,-2.059233265796598,1.061486682329778,-0.310928022797027,-4.429157375704773,0.104929781108010
537,arm_cold,ok,true,0.000026475153545,0.000030101460209,-0.613893407825774,-3.728633436762323,2.633564508039078,-3.798339360697180,-2.455014874284466,-0.746223498647812
537,arm_restarts,ok,true,0.000026475153545,0.000030101460209,-0.613893407825774,-3.728633436762323,2.633564508039078,-3.798339360697180,-2.455014874284466,-0.746223498647812
537,k_cold,not_converged,false,,,,,,,,
537,k_restarts,not_converged,false,,,,,,,,
538,arm_cold,ok,true,0.000000993507908,0.000001233189371,-2.714732928609564,-1.220118825658264,1.137497648634670,-2.985244910284975,-2.721074063968081,-0.827956840527631
538,arm_restarts,ok,true,0.000000993507908,0.000001233189371,-2.714732928609564,-1.220118825658264,1.137497648634670,-2.985244910284975,-2.721074063968081,-0.827956840527631
538,k_cold,ok,true,0.000094231226103,0.000129547569458,-2.714728826677965,-1.220360911165170,1.137930121036930,-2.985318387306670,-2.721102825550245,-0.827967737042319
538,k_restarts,ok,true,0.000094231226103,0.000129547569458,-2.714728826677965,-1.220360911165170,1.137930121036930,-2.985318387306670,-2.721102825550245,-0.827967737042319
539,arm_cold,not_converged,false,0.348928269679186,0.545173761165438,0.811980929794845,-3.687850316431347,3.141500000000000,-1.530340254783009,-5.385552909860560,-2.275594221202021
539,arm_restarts,ok,true,0.000092996060563,0.000369663229917,5.132645518491538,-6.228723764265515,2.629874581622498,4.512324711722809,4.503176986367551,-3.521732419287541
539,k_cold,not_converged,false,,,,,,,,
539,k_restarts,not_converged,false,,,,,,,,
540,arm_cold,ok,true,0.000020690943273,0.000002756620709,-2.546925690907481,-1.345703149708978,1.648220477762674,-0.458713677651886,-1.279987600203021,0.269069430923400
540,arm_restarts,ok,true,0.000020690943273,0.000002756620709,-2.546925690907481,-1.345703149708978,1.648220477762674,-0.458713677651886,-1.279987600203021,0.269069430923400
540,k_cold,ok,true,0.000067627897481,0.000240959149913,-2.546842716051176,-1.345855615797880,1.648268379723964,-0.458727419201561,-1.279990786983599,0.268922037055142
540,k_restarts,ok,true,0.000067627897481,0.000240959149913,-2.546842716051176,-1.345855615797880,1.648268379723964,-0.458727419201561,-1.279990786983599,0.268922037055142
541,arm_cold,ok,true,0.000000281854308,0.000001461280822,-2.884217099552769,-5.105401750065894,2.465963628518835,-4.310015647924416,-1.829890789596515,-0.898269334959075
541,arm_restarts,ok,true,0.000000281854308,0.000001461280822,-2.884217099552769,-5.105401750065894,2.465963628518835,-4.310015647924416,-1.829890789596515,-0.898269334959075
541,k_cold,not_converged,false,,,,,,,,
541,k_restarts,not_converged,false,,,,,,,,
542,arm_cold,ok,true,0.000029820503243,0.000341051561540,-4.207107961778988,0.063640931013545,2.907067028594069,-0.170428422081120,-3.056444906345471,1.480431489138159
542,arm_restarts,ok,true,0.000029820503243,0.000341051561540,-4.207107961778988,0.063640931013545,2.907067028594069,-0.170428422081120,-3.056444906345471,1.480431489138159
542,k_cold,ok,true,0.000078393816476,0.000448715450745,-4.274822847469081,-2.931246804514092,2.905872864886881,-0.165765560961732,-3.292018800442984,-1.510285173535855
542,k_restarts,ok,true,0.000078393816476,0.000448715450745,-4.274822847469081,-2.931246804514092,2.905872864886881,-0.165765560961732,-3.292018800442984,-1.510285173535855
543,arm_cold,ok,true,0.000001195941557,0.000000003245857,-0.617120467519984,-1.079228961860770,0.931548553206324,-0.797247829198865,-0.898095849357667,-0.604224384080740
543,arm_restarts,ok,true,0.000001195941557,0.000000003245857,-0.617120467519984,-1.079228961860770,0.931548553206324,-0.797247829198865,-0.898095849357667,-0.604224384080740
543,k_cold,ok,true,0.000080035724944,0.000223005338006,-0.617176254306496,-1.079495752649175,0.931994199554826,-0.797521922126433,-0.898127530343218,-0.604002443678174
543,k_restarts,ok,true,0.000080035724944,0.000223005338006,-0.617176254306496,-1.079495752649175,0.931994199554826,-0.797521922126433,-0.898127530343218,-0.604002443678174
544,arm_cold,ok,true,0.000073120393002,0.000297460032100,-3.970193709906067,-2.596569258330640,2.801606373632545,-2.357581309145045,-0.986293407225742,0.541981417435391
544,arm_restarts,ok,true,0.000073120393002,0.000297460032100,-3.970193709906067,-2.596569258330640,2.801606373632545,-2.357581309145045,-0.986293407225742,0.541981417435391
544,k_cold,not_converged,false,,,,,,,,
544,k_restarts,not_converged,false,,,,,,,,
545,arm_cold,ok,true,0.000000114859708,0.000000000820857,-1.550601274027301,-1.475340532015011,1.927789351981042,-3.881125979931610,-2.032542840446141,0.584713870336262
545,arm_restarts,ok,true,0.000000114859708,0.000000000820857,-1.550601274027301,-1.475340532015011,1.927789351981042,-3.881125979931610,-2.032542840446141,0.584713870336262
545,k_cold,ok,true,0.000070279709428,0.000530057396915,-1.550625357303972,-1.475619128698164,1.928143030023242,-3.880710121175624,-2.032219357822088,0.584925436719646
545,k_restarts,ok,true,0.000070279709428,0.000530057396915,-1.550625357303972,-1.475619128698164,1.928143030023242,-3.880710121175624,-2.032219357822088,0.584925436719646
546,arm_cold,ok,true,0.000000401888638,0.000002315587426,-4.085182572561310,-4.927766326632649,2.739831875407757,-4.035900038242690,-1.838339449286525,4.221571949203239
546,arm_restarts,ok,true,0.000000401888638,0.000002315587426,-4.085182572561310,-4.927766326632649,2.739831875407757,-4.035900038242690,-1.838339449286525,4.221571949203239
546,k_cold,not_converged,false,,,,,,,,
546,k_restarts,not_converged,false,,,,,,,,
547,arm_cold,ok,true,0.000004996111581,0.000006943697981,-0.740539244292951,-1.295861856106808,2.153654168650531,-0.591410878080939,-0.812995574970646,-0.547924984166102
547,arm_restarts,ok,true,0.000004996111581,0.000006943697981,-0.740539244292951,-1.295861856106808,2.153654168650531,-0.591410878080939,-0.812995574970646,-0.547924984166102
547,k_cold,ok,true,0.000070206928036,0.000337548100844,-0.740713752880460,-1.296173881606940,2.153838027158472,-0.591634569714407,-0.812995444822428,-0.547452194900363
547,k_restarts,ok,true,0.000070206928036,0.000337548100844,-0.740713752880460,-1.296173881606940,2.153838027158472,-0.591634569714407,-0.812995444822428,-0.547452194900363
548,arm_cold,not_converged,false,0.000787668388780,0.124130535890259,1.567617591014064,-6.076051805203344,2.443676282604756,-0.619988344347450,4.441095248762273,-6.283190000000000
548,arm_restarts,ok,true,0.000054551836950,0.000233045718878,-4.615154579244700,-5.391651420939340,2.628681246546777,1.625356834843384,-4.405200396199239,-3.359878658377764
548,k_cold,not_converged,false,,,,,,,,
548,k_restarts,not_converged,false,,,,,,,,
549,arm_cold,ok,true,0.000012880427316,0.000022010861549,-0.477638657215236,0.358736775580564,1.850038089298264,-2.518083208479412,-1.769872323630365,2.559871513171462
549,arm_restarts,ok,true,0.000012880427316,0.000022010861549,-0.477638657215236,0.358736775580564,1.850038089298264,-2.518083208479412,-1.769872323630365,2.559871513171462
549,k_cold,not_converged,false,,,,,,,,
549,k_restarts,not_converged,false,,,,,,,,
550,arm_cold,ok,true,0.000002656436453,0.000008070137534,-2.097676179665318,-3.068294967785981,1.592873907425746,-0.034005563132849,-3.875084856392668,-0.211125272362854
550,arm_restarts,ok,true,0.000002656436453,0.000008070137534,-2.097676179665318,-3.068294967785981,1.592873907425746,-0.034005563132849,-3.875084856392668,-0.211125272362854
550,k_cold,not_converged,false,,,,,,,,
550,k_restarts,ok,true,0.000092048819859,0.000448369109973,-6.113449671936705,4.650114824412384,1.485712127213037,0.989718245840910,5.173469719354868,0.813945077700785
551,arm_cold,ok,true,0.000000404923297,0.000000000599786,-1.666252092086171,-3.153433360196084,0.490421014295917,0.175003654911899,-4.345631568703826,0.047747843605927
551,arm_restarts,ok,true,0.000000404923297,0.000000000599786,-1.666252092086171,-3.153433360196084,0.490421014295917,0.175003654911899,-4.345631568703826,0.047747843605927
551,k_cold,not_converged,false,,,,,,,,
551,k_restarts,ok,true,0.000061324272853,0.000141576799348,-5.179830039089814,5.884942905231882,0.347690295734092,-3.883008936841849,5.360242349836800,0.328627876928549
552,arm_cold,ok,true,0.000004403869640,0.000005654652048,-2.633556356059548,-0.966298454526176,2.415725683422058,-2.424603799890130,0.355680577164505,-1.837644926129016
552,arm_restarts,ok,true,0.000004403869640,0.000005654652048,-2.633556356059548,-0.966298454526176,2.415725683422058,-2.424603799890130,0.355680577164505,-1.837644926129016
552,k_cold,not_converged,false,,,,,,,,
552,k_restarts,ok,true,0.000057892319096,0.000313936355199,-2.633553637556952,5.715795633448947,1.890552877800697,0.843597127445317,-0.355762353865323,1.303900242230243
553,arm_cold,not_converged,false,0.048752562801781,0.042496710580854,-2.707154699419124,-3.511290310545801,3.141500000000000,-2.768864021001339,0.700494982971699,-0.366270433601315
553,arm_restarts,ok,true,0.000011401208960,0.000007799930061,-2.694527989001548,-0.410136971469867,-2.801476999410854,3.256904213260446,5.587986118640274,2.774677414547300
553,k_cold,not_converged,false,,,,,,,,
553,k_restarts,not_converged,false,,,,,,,,
554,arm_cold,ok,true,0.000000222273539,0.000001351038539,2.061009396832150,-0.716076853238595,1.513203100276769,-2.047805243880978,2.494935649896719,-3.191396210683027
554,arm_restarts,ok,true,0.000000222273539,0.000001351038539,2.061009396832150,-0.716076853238595,1.513203100276769,-2.047805243880978,2.494935649896719,-3.191396210683027
554,k_cold,not_converged,false,,,,,,,,
554,k_restarts,ok,true,0.000078113159058,0.000081166170314,-4.222161281516332,0.342997632633770,-0.544771383011144,-4.190454748509277,3.788174318774439,-0.049781002879448
555,arm_cold,ok,true,0.000063563779098,0.000329049422791,-0.179342949531243,-0.829132624177411,1.595781629046670,-3.276771212844760,0.793305685981850,-2.027456029644545
555,arm_restarts,ok,true,0.000063563779098,0.000329049422791,-0.179342949531243,-0.829132624177411,1.595781629046670,-3.276771212844760,0.793305685981850,-2.027456029644545
555,k_cold,ok,true,0.000051018069659,0.000580227974859,-0.179323606569321,-0.765793036084946,1.001535005049952,0.395017744841949,-0.793851328974941,1.114999754926618
555,k_restarts,ok,true,0.000051018069659,0.000580227974859,-0.179323606569321,-0.765793036084946,1.001535005049952,0.395017744841949,-0.793851328974941,1.114999754926618
556,arm_cold,ok,true,0.000000039831530,0.000000103982808,-2.469142299139591,-2.591415749877638,2.409034756228314,-1.435502287151746,-2.965503893553627,-2.111961300606954
556,arm_restarts,ok,true,0.000000039831530,0.000000103982808,-2.469142299139591,-2.591415749877638,2.409034756228314,-1.435502287151746,-2.965503893553627,-2.111961300606954
556,k_cold,ok,true,0.000053374265227,0.000126919239780,-2.468980915652648,-2.591402090530964,2.408667756980409,-1.433858021757033,-2.965618963761720,-2.110658764005052
556,k_restarts,ok,true,0.000053374265227,0.000126919239780,-2.468980915652648,-2.591402090530964,2.408667756980409,-1.433858021757033,-2.965618963761720,-2.110658764005052
557,arm_cold,ok,true,0.000038361267551,0.000251245657026,-2.271775977082000,0.628045004587616,1.606926573914157,0.232812052774130,-0.336607451047159,-2.998308117117809
557,arm_restarts,ok,true,0.000038361267551,0.000251245657026,-2.271775977082000,0.628045004587616,1.606926573914157,0.232812052774130,-0.336607451047159,-2.998308117117809
557,k_cold,not_converged,false,,,,,,,,
557,k_restarts,ok,true,0.000051644238911,0.000193380479642,-2.849784365544910,-3.785694181463941,-1.596338959864119,-3.439885418234369,-5.910850620459053,2.068661707092259
558,arm_cold,not_converged,false,0.114428436302732,0.660781538129838,-6.283190000000000,2.894528388921682,0.281876897151717,-5.403033096459740,-6.283190000000000,-4.862535142374721
558,arm_restarts,ok,true,0.000097663428344,0.000058099068857,-0.130450150201121,-3.527889604224864,1.017422893592546,-3.683606467443846,0.503792466771111,-1.088114650060379
558,k_cold,not_converged,false,,,,,,,,
558,k_restarts,not_converged,false,,,,,,,,
559,arm_cold,ok,true,0.000001377485129,0.000010745725591,-0.265089567169314,-2.868977409089490,2.456414767805385,0.731605253195836,-0.484506337085564,-1.920906072934033
559,arm_restarts,ok,true,0.000001377485129,0.000010745725591,-0.265089567169314,-2.868977409089490,2.456414767805385,0.731605253195836,-0.484506337085564,-1.920906072934033
559,k_cold,not_converged,false,,,,,,,,
559,k_restarts,ok,true,0.000088695220195,0.000703656863545,-5.455401603429360,-5.763724716638783,-2.826079595344696,5.202640963828613,5.639318212030493,-4.580981728676792
560,arm_cold,ok,true,0.000001563417342,0.000002536302320,-2.978993044785379,-2.120294500510906,2.491040872606271,-0.531031297305199,-4.171810480306992,3.522749400989638
560,arm_restarts,ok,true,0.000001563417342,0.000002536302320,-2.978993044785379,-2.120294500510906,2.491040872606271,-0.531031297305199,-4.171810480306992,3.522749400989638
560,k_cold,ok,true,0.000066321913818,0.000124837388151,-4.722311325142925,-4.078557092777616,2.839785681062993,-2.264460057991604,-0.397040743710176,0.799695785142048
560,k_restarts,ok,true,0.000066321913818,0.000124837388151,-4.722311325142925,-4.078557092777616,2.839785681062993,-2.264460057991604,-0.397040743710176,0.799695785142048
561,arm_cold,not_converged,false,0.005998972915564,0.000498337800816,-1.185938286739759,-1.693202948985941,0.140089644468897,0.766324027990457,-1.313563501724764,1.845721769018086
561,arm_restarts,not_converged,false,0.004735877582491,0.004122563225287,-1.176742608069351,4.700972747900215,-0.091179294093129,0.883378046627416,-1.306860152605365,-4.426344745171153
561,k_cold,not_converged,false,,,,,,,,
561,k_restarts,not_converged,false,,,,,,,,
562,arm_cold,ok,true,0.000082534953691,0.000001845241919,-3.044933711497336,-0.833411800041840,0.538324504336701,-1.130184709173640,-4.128226317860767,1.664819342508134
562,arm_restarts,ok,true,0.000082534953691,0.000001845241919,-3.044933711497336,-0.833411800041840,0.538324504336701,-1.130184709173640,-4.128226317860767,1.664819342508134
562,k_cold,not_converged,false,,,,,,,,
562,k_restarts,not_converged,false,,,,,,,,
563,arm_cold,ok,true,0.000002438483535,0.000008155372718,0.516727036626200,-5.128913175724940,0.832348858282504,-4.822918769755403,-5.576291490733495,4.787224134108265
563,arm_restarts,ok,true,0.000002438483535,0.000008155372718,0.516727036626200,-5.128913175724940,0.832348858282504,-4.822918769755403,-5.576291490733495,4.787224134108265
563,k_cold,not_converged,false,,,,,,,,
563,k_restarts,ok,true,0.000064580288353,0.000110665692047,-5.766240056966002,2.210530835291860,-1.628530570033569,-0.276693583262642,5.576486853514563,1.645482842968316
564,arm_cold,ok,true,0.000005813505791,0.000001715635223,-1.554570507505023,-3.772113231341076,1.747805588631591,2.193657599437346,-1.488127191079255,-0.392572332836611
564,arm_restarts,ok,true,0.000005813505791,0.000001715635223,-1.554570507505023,-3.772113231341076,1.747805588631591,2.193657599437346,-1.488127191079255,-0.392572332836611
564,k_cold,not_converged,false,,,,,,,,
564,k_restarts,ok,true,0.000054851181261,0.000261234664443,-5.189817179408300,0.947369826726218,-1.638763980407757,-2.633814824850166,5.116252136180344,2.836050166698069
565,arm_cold,ok,true,0.000004735627702,0.000000035626350,-2.191524105095649,-3.244325806577530,0.218075739436395,-3.644096550515319,-4.636659103665833,1.785388911758333
565,arm_restarts,ok,true,0.000004735627702,0.000000035626350,-2.191524105095649,-3.244325806577530,0.218075739436395,-3.644096550515319,-4.636659103665833,1.785388911758333
565,k_cold,not_converged,false,,,,,,,,
565,k_restarts,ok,true,0.000050619474391,0.000329999405534,0.607351837405561,6.161107132523640,0.764965658910962,2.896871931547169,1.811840495346271,-1.225250056451713
566,arm_cold,ok,true,0.000000883924615,0.000006386771102,-2.981997718386941,-5.480330328258189,2.370499214037802,-2.191975425049351,-2.315990857394355,-0.858941226876550
566,arm_restarts,ok,true,0.000000883924615,0.000006386771102,-2.981997718386941,-5.480330328258189,2.370499214037802,-2.191975425049351,-2.315990857394355,-0.858941226876550
566,k_cold,not_converged,false,,,,,,,,
566,k_restarts,ok,true,0.000071768328601,0.000527633439572,5.161319640809657,-4.435484812057138,-2.174485246063592,-5.103758001942044,-0.945995336392698,-2.241098527102169
567,arm_cold,not_converged,false,0.167795009252609,0.341815622692051,-1.559160973546448,-1.948260318895169,3.141500000000000,-0.910633711908833,-1.081364784440483,0.748484273915927
567,arm_restarts,ok,true,0.000007546067788,0.000018212029169,4.512096495236317,-4.268084882779451,2.672479140880862,-4.115705021807692,5.028745572534887,-5.402332528667983
567,k_cold,not_converged,false,,,,,,,,
567,k_restarts,ok,true,0.000077639039577,0.000192567850223,-5.908480145840553,5.704632692734186,2.276999499166362,-5.476559274405660,-1.045355210916139,4.575023738915559
568,arm_cold,ok,true,0.000002684748553,0.000057792223141,-1.995055904538711,-2.915242665166611,2.825453023459165,-1.608148768085138,-2.556274637391569,-2.516288688711803
568,arm_restarts,ok,true,0.000002684748553,0.000057792223141,-1.995055904538711,-2.915242665166611,2.825453023459165,-1.608148768085138,-2.556274637391569,-2.516288688711803
568,k_cold,ok,true,0.000078330099471,0.000385007612531,-1.994071482091120,-2.913746263240029,2.825060671554627,-1.607277549484455,-2.556650095862863,-2.513937222453603
568,k_restarts,ok,true,0.000078330099471,0.000385007612531,-1.994071482091120,-2.913746263240029,2.825060671554627,-1.607277549484455,-2.556650095862863,-2.513937222453603
569,arm_cold,ok,true,0.000085310019333,0.000085839800432,-3.292457779842563,-0.811736835760164,2.457994392802778,-1.927845960874842,-3.624004457790879,-1.843300606360298
569,arm_restarts,ok,true,0.000085310019333,0.000085839800432,-3.292457779842563,-0.811736835760164,2.457994392802778,-1.927845960874842,-3.624004457790879,-1.843300606360298
569,k_cold,ok,true,0.000055609684771,0.000214975595134,-3.292606671147877,-0.811693600030014,2.458009411140829,-1.927584208380644,-3.624018553454402,-1.843102488498957
569,k_restarts,ok,true,0.000055609684771,0.000214975595134,-3.292606671147877,-0.811693600030014,2.458009411140829,-1.927584208380644,-3.624018553454402,-1.843102488498957
570,arm_cold,not_converged,false,0.054649070114721,0.036265239924001,-0.178043127444677,-4.010347179727168,3.141500000000000,-3.195769339336093,-3.295327882547993,-1.373441331524941
570,arm_restarts,ok,true,0.000002281691115,0.000006644904520,-0.323079452151425,-4.522334718298014,2.718581585283810,6.121469665061307,-3.009548732879328,-5.602655518299287
570,k_cold,not_converged,false,,,,,,,,
570,k_restarts,ok,true,0.000069144988556,0.000336900249970,-5.546317838789772,0.146787681658257,-2.857810540548708,2.567031553350725,4.155102727473924,2.572366697294562
571,arm_cold,ok,true,0.000000066077964,0.000000254797986,1.033659191195517,-2.100189748198138,2.337158695229944,-0.856855470358317,-2.065631927733666,0.688929788206790
571,arm_restarts,ok,true,0.000000066077964,0.000000254797986,1.033659191195517,-2.100189748198138,2.337158695229944,-0.856855470358317,-2.065631927733666,0.688929788206790
571,k_cold,not_converged,false,,,,,,,,
571,k_restarts,ok,true,0.000031996744624,0.000630971349512,-5.249395968385429,-5.569572057394110,-2.383324824097506,4.192092696463980,2.065697167907048,3.830669629192586
572,arm_cold,ok,true,0.000001607086323,0.000009731679651,-0.286246006048625,-1.788508176052163,0.658490433914410,0.708089021236754,-2.751580003882269,0.564827102053204
572,arm_restarts,ok,true,0.000001607086323,0.000009731679651,-0.286246006048625,-1.788508176052163,0.658490433914410,0.708089021236754,-2.751580003882269,0.564827102053204
572,k_cold,ok,true,0.000053649292615,0.000153954353615,-0.286163508569221,-1.157404692377446,-0.658928200195195,1.394396189575401,-2.751653180974023,0.564829010452928
572,k_restarts,ok,true,0.000053649292615,0.000153954353615,-0.286163508569221,-1.157404692377446,-0.658928200195195,1.394396189575401,-2.751653180974023,0.564829010452928
573,arm_cold,ok,true,0.000001574092158,0.000008849084181,0.963286186836543,-4.565176830273810,2.702270189972805,-1.100065864020057,6.019724269681981,0.553685190894709
573,arm_restarts,ok,true,0.000001574092158,0.000008849084181,0.963286186836543,-4.565176830273810,2.702270189972805,-1.100065864020057,6.019724269681981,0.553685190894709
573,k_cold,ok,true,0.000057765928231,0.000258641771301,-3.588250988764439,-1.910213716223456,2.593290314501782,-0.632320643367643,-4.292326307415411,-2.394724970021466
573,k_restarts,ok,true,0.000057765928231,0.000258641771301,-3.588250988764439,-1.910213716223456,2.593290314501782,-0.632320643367643,-4.292326307415411,-2.394724970021466
574,arm_cold,not_converged,false,0.147234981438507,1.440781178160437,6.283190000000000,0.762290972172524,2.731821690008876,2.857077782480138,-4.355365287558626,-2.514981097143557
574,arm_restarts,ok,true,0.000007433729561,0.000017330245742,-4.068716827821699,-5.952687331337707,2.228493992054533,0.835976522665471,-2.688636923224251,-5.432104569160472
574,k_cold,not_converged,false,,,,,,,,
574,k_restarts,ok,true,0.000072867833461,0.000152325056491,-5.348486423357595,2.891944293888414,-2.196708688987617,-3.725617621513211,4.860687658780072,0.605923723613925
575,arm_cold,ok,true,0.000000196189237,0.000000013251864,0.537634448602479,-1.769296232925666,2.015014549804657,-1.949183304071235,-1.565342437440587,5.193110584728520
575,arm_restarts,ok,true,0.000000196189237,0.000000013251864,0.537634448602479,-1.769296232925666,2.015014549804657,-1.949183304071235,-1.565342437440587,5.193110584728520
575,k_cold,not_converged,false,,,,,,,,
575,k_restarts,ok,true,0.000057088163617,0.000415505336178,-5.745421668965493,0.118018766994796,-2.015014873887505,0.193793066035760,4.717595654078833,-1.089722900764740
576,arm_cold,not_converged,false,0.121632695453468,0.159980003697998,-1.375638460908276,-4.684505894903982,3.141500000000000,-3.352650117350939,-0.096104783385542,2.280242321396837
576,arm_restarts,ok,true,0.000003990705442,0.000021387625838,-2.194493105318107,-5.063850328817466,2.659304400641373,-0.608297455308046,-5.449849339154807,-5.684163413592324
576,k_cold,not_converged,false,,,,,,,,
576,k_restarts,ok,true,0.000079725792662,0.000374272150243,-0.646017796723172,5.865936787614905,2.656899173128383,0.758059440122533,-0.724088087435606,0.793780207495523
577,arm_cold,ok,true,0.000013869313103,0.000124655679430,-0.124805458993759,-1.274899223860080,1.280951046582320,0.112138005362343,-2.164275123864731,3.340379304665043
577,arm_restarts,ok,true,0.000013869313103,0.000124655679430,-0.124805458993759,-1.274899223860080,1.280951046582320,0.112138005362343,-2.164275123864731,3.340379304665043
577,k_cold,ok,true,0.000078038623362,0.000274478451724,-0.124785128582174,-1.208679315171954,1.720382096417565,-3.535210492900401,-4.118771763544338,0.198683233704838
577,k_restarts,ok,true,0.000078038623362,0.000274478451724,-0.124785128582174,-1.208679315171954,1.720382096417565,-3.535210492900401,-4.118771763544338,0.198683233704838
578,arm_cold,ok,true,0.000000039742757,0.000000055233788,-0.225663970819350,-4.714992631634547,2.750567197582442,-2.354981040377544,-4.073705672126787,-4.564203124074391
578,arm_restarts,ok,true,0.000000039742757,0.000000055233788,-0.225663970819350,-4.714992631634547,2.750567197582442,-2.354981040377544,-4.073705672126787,-4.564203124074391
578,k_cold,ok,true,0.000085913867052,0.000253894398537,-4.379973807036170,1.253837067903919,-2.289605877225026,-3.243482913149729,0.956132421181217,-2.706264719246305
578,k_restarts,ok,true,0.000085913867052,0.000253894398537,-4.379973807036170,1.253837067903919,-2.289605877225026,-3.243482913149729,0.956132421181217,-2.706264719246305
579,arm_cold,ok,true,0.000001208130967,0.000003113063474,-0.611235520479005,-5.029614203573415,2.408457384204249,-3.655490975180598,-3.957066042402664,-5.382018711720693
579,arm_restarts,ok,true,0.000001208130967,0.000003113063474,-0.611235520479005,-5.029614203573415,2.408457384204249,-3.655490975180598,-3.957066042402664,-5.382018711720693
579,k_cold,not_converged,false,,,,,,,,
579,k_restarts,ok,true,0.000083002935498,0.000393513275855,-4.896980223910542,1.887500925685512,-2.408385531799485,0.515554613828690,4.323923947996295,0.894618525637902
580,arm_cold,not_converged,false,0.012050860346163,0.406068637407598,-1.278990575659671,-0.138294716114560,2.144959474941829,2.285715799595816,0.277691915596288,-6.283190000000000
580,arm_restarts,ok,true,0.000068172198720,0.000157146804747,-1.245923163537957,6.116992556416784,2.167977855676345,2.450504777402192,0.271228001504060,-0.568223500932701
580,k_cold,ok,true,0.000051224782873,0.000063493067214,-1.245913132469638,-0.166343316887878,2.167975978311492,-3.832744602410959,0.271310801863229,-0.567978633787371
580,k_restarts,ok,true,0.000051224782873,0.000063493067214,-1.245913132469638,-0.166343316887878,2.167975978311492,-3.832744602410959,0.271310801863229,-0.567978633787371
581,arm_cold,ok,true,0.000001084362227,0.000000008279129,-5.109514904355869,-4.409188656458888,0.193198461661034,-2.818153669320238,-6.066151222630195,-0.574716293626397
581,arm_restarts,ok,true,0.000001084362227,0.000000008279129,-5.109514904355869,-4.409188656458888,0.193198461661034,-2.818153669320238,-6.066151222630195,-0.574716293626397
581,k_cold,not_converged,false,,,,,,,,
581,k_restarts,not_converged,false,,,,,,,,
582,arm_cold,not_converged,false,0.501356756305002,0.033163171360679,1.708862969101084,-6.283190000000000,3.141500000000000,-6.283190000000000,-1.430466172504069,1.717859548656793
582,arm_restarts,ok,true,0.000000373371818,0.000003133593703,-5.887037199249425,3.859705266574312,0.940040843310724,-5.080930061521499,-6.164701678629832,-1.148349819555912
582,k_cold,ok,true,0.000093057703314,0.000606740737377,-3.702944526439552,-1.681162333476262,0.984119882454680,0.653163824601622,-3.985115105116503,-1.456987778746108
582,k_restarts,ok,true,0.000093057703314,0.000606740737377,-3.702944526439552,-1.681162333476262,0.984119882454680,0.653163824601622,-3.985115105116503,-1.456987778746108
583,arm_cold,not_converged,false,0.007184836299548,0.990028788984524,0.717844676542412,-4.157930532874728,2.917722406054603,-2.079058111445332,-2.182310608251763,-6.283190000000000
583,arm_restarts,ok,true,0.000002473997557,0.000040857583609,-5.500522142067298,4.315704889194443,-2.934774973932659,1.555303538212107,4.057258350645413,5.267154046130295
583,k_cold,not_converged,false,,,,,,,,
583,k_restarts,ok,true,0.000086901738838,0.000434968935979,-4.120264097045219,5.097149023486518,2.969427992886690,-4.580769635652700,2.641730014403141,5.698600590178569
584,arm_cold,not_converged,false,0.383254653756618,1.054276035556218,4.094089099699855,-3.767347594077160,3.141500000000000,-1.411521180601321,-1.764793790723672,6.283190000000000
584,arm_restarts,ok,true,0.000003656122315,0.000003040348654,-3.522901594816682,6.278344371773472,2.265827384757657,-0.757381109364308,1.418476224833902,-3.431865273521884
584,k_cold,not_converged,false,,,,,,,,
584,k_restarts,ok,true,0.000050612083773,0.000285700193070,-3.522832770563488,6.278225737320122,2.266038760292509,-0.757763205933337,1.418445104008589,-3.431694646024491
585,arm_cold,ok,true,0.000077991416292,0.000113063948506,-0.129679960397934,-0.921934542990021,2.868614682653558,-3.573196162235393,-2.072970298957132,0.229135958508041
585,arm_restarts,ok,true,0.000077991416292,0.000113063948506,-0.129679960397934,-0.921934542990021,2.868614682653558,-3.573196162235393,-2.072970298957132,0.229135958508041
585,k_cold,not_converged,false,,,,,,,,
585,k_restarts,not_converged,false,,,,,,,,
586,arm_cold,not_converged,false,0.078166258660953,0.071284066977911,-1.899517484370562,6.283190000000000,0.243888837141765,-4.568563661155824,3.508352613277209,-0.909546952952809
586,arm_restarts,ok,true,0.000000774542406,0.000000267331424,-4.667172950798058,-4.046190463592064,1.293201543632547,4.865000336752170,5.897239996841304,1.169406691093817
586,k_cold,not_converged,false,,,,,,,,
586,k_restarts,ok,true,0.000094991553288,0.000196747855185,1.616011671748646,-4.046383009827577,1.293398673389720,-1.417968082065989,5.897071864343204,-5.113925675473525
587,arm_cold,ok,true,0.000000082697730,0.000000882796026,-3.840112021224932,-2.602872664520073,2.409852348893498,-0.184032004754936,-1.917434341928347,0.775452910361146
587,arm_restarts,ok,true,0.000000082697730,0.000000882796026,-3.840112021224932,-2.602872664520073,2.409852348893498,-0.184032004754936,-1.917434341928347,0.775452910361146
587,k_cold,ok,true,0.000074098411363,0.000213400331927,-3.840076069860333,-2.603072461541461,2.409867406904755,-0.183732108978329,-1.917507895887767,0.775351744858136
587,k_restarts,ok,true,0.000074098411363,0.000213400331927,-3.840076069860333,-2.603072461541461,2.409867406904755,-0.183732108978329,-1.917507895887767,0.775351744858136
588,arm_cold,ok,true,0.000088067976000,0.000146133851628,-0.881380789008749,-3.319944137951639,2.713418197242260,-2.304932112127827,-4.552149407458900,-0.154295936339266
588,arm_restarts,ok,true,0.000088067976000,0.000146133851628,-0.881380789008749,-3.319944137951639,2.713418197242260,-2.304932112127827,-4.552149407458900,-0.154295936339266
588,k_cold,not_converged,false,,,,,,,,
588,k_restarts,ok,true,0.000052111148315,0.000167091966565,-6.162220315339372,-0.230540555440389,-2.243071230175281,2.806356545928736,5.522025905986020,2.704484709254429
589,arm_cold,ok,true,0.000018986911326,0.000005207181242,-2.391163031471799,-1.502119703634820,0.774292820753301,-2.831928539910815,-0.748465536766587,-2.150221925184657
589,arm_restarts,ok,true,0.000018986911326,0.000005207181242,-2.391163031471799,-1.502119703634820,0.774292820753301,-2.831928539910815,-0.748465536766587,-2.150221925184657
589,k_cold,ok,true,0.000075573716701,0.000198552567737,-2.391165959416279,-1.502367414939473,0.774745454009034,-2.831989783104422,-0.748636719920801,-2.150305501565603
589,k_restarts,ok,true,0.000075573716701,0.000198552567737,-2.391165959416279,-1.502367414939473,0.774745454009034,-2.831989783104422,-0.748636719920801,-2.150305501565603
590,arm_cold,ok,true,0.000000058920768,0.000000169593244,-2.247030128720096,-1.297586497833931,0.909698251076534,0.019569603481303,-3.620265784595345,0.588872661122109
590,arm_restarts,ok,true,0.000000058920768,0.000000169593244,-2.247030128720096,-1.297586497833931,0.909698251076534,0.019569603481303,-3.620265784595345,0.588872661122109
590,k_cold,not_converged,false,,,,,,,,
590,k_restarts,not_converged,false,,,,,,,,
591,arm_cold,not_converged,false,0.283846228797945,0.188945132142271,0.295161095393525,-6.283190000000000,3.054494491881127,-3.834314267866626,-6.283190000000000,4.639248164946350
591,arm_restarts,ok,true,0.000008186923366,0.000056004905164,-1.298260387455634,6.030202227454367,2.551264139768818,0.789630396806915,1.697049999376926,0.565151998670799
591,k_cold,ok,true,0.000073537311368,0.000373903563533,-1.298600016967375,-1.264456929176317,2.804974106516360,-1.594183458065988,-1.697021037114593,-2.576500055241642
591,k_restarts,ok,true,0.000073537311368,0.000373903563533,-1.298600016967375,-1.264456929176317,2.804974106516360,-1.594183458065988,-1.697021037114593,-2.576500055241642
592,arm_cold,not_converged,false,0.014632713803194,0.440739209838236,-3.355670961190071,5.701310776989860,0.345372607603802,-3.407066409446871,-1.582489570963084,6.283190000000000
592,arm_restarts,ok,true,0.000002790480567,0.000000007826655,-6.118085327550307,-2.863761112481721,0.252635439444552,0.005092944988047,1.228500039023052,0.250693871746821
592,k_cold,ok,true,0.000079306103572,0.000231795332768,-3.356992711635797,-0.759979910385667,0.237047885830808,-6.261533299282348,1.581633632091027,-2.700170905567650
592,k_restarts,ok,true,0.000079306103572,0.000231795332768,-3.356992711635797,-0.759979910385667,0.237047885830808,-6.261533299282348,1.581633632091027,-2.700170905567650
593,arm_cold,not_converged,false,0.081363946186017,0.107127191526489,-2.550814026761065,-3.202897711352799,3.141500000000000,-2.411328614782876,-0.425501303888970,-0.490090826088721
593,arm_restarts,ok,true,0.000064474139036,0.000179122367392,-3.266459687743040,-5.777820779933758,2.963155972684631,5.300268476322606,0.492861340620757,-5.447885908902442
593,k_cold,not_converged,false,,,,,,,,
593,k_restarts,not_converged,false,,,,,,,,
594,arm_cold,not_converged,false,0.214164792744195,0.250885793884222,-3.856313368192470,-3.918864349893346,3.141500000000000,-2.490573066098624,1.462150480948859,0.632836280493877
594,arm_restarts,ok,true,0.000088379307346,0.000370430982512,-5.081592392208107,-4.664720139981932,2.279152207737349,-0.469325495836453,-3.590125141190202,-5.375597638141944
594,k_cold,ok,true,0.000068726341876,0.000231066680174,-5.081595221847777,-4.665034530447167,2.279414478435474,5.812940536870746,2.692854842074039,-5.376476443212053
594,k_restarts,ok,true,0.000068726341876,0.000231066680174,-5.081595221847777,-4.665034530447167,2.279414478435474,5.812940536870746,2.692854842074039,-5.376476443212053
595,arm_cold,ok,true,0.000000442883973,0.000000534845614,-1.398100828324860,-4.624259512695648,2.696288567661146,-0.556538909589234,1.101331991787905,-1.238807525913400
595,arm_restarts,ok,true,0.000000442883973,0.000000534845614,-1.398100828324860,-4.624259512695648,2.696288567661146,-0.556538909589234,1.101331991787905,-1.238807525913400
595,k_cold,ok,true,0.000077152947804,0.000893270465164,0.005609008719864,-1.022665956248457,2.651064005251243,0.485786261666168,-0.688729925791030,0.003714378092872
595,k_restarts,ok,true,0.000077152947804,0.000893270465164,0.005609008719864,-1.022665956248457,2.651064005251243,0.485786261666168,-0.688729925791030,0.003714378092872
596,arm_cold,ok,true,0.000025262807360,0.000075651659204,-3.617736631426517,0.666331835751952,2.235751653565999,-4.183564241296553,-1.650592199003277,-3.699095335265500
596,arm_restarts,ok,true,0.000025262807360,0.000075651659204,-3.617736631426517,0.666331835751952,2.235751653565999,-4.183564241296553,-1.650592199003277,-3.699095335265500
596,k_cold,not_converged,false,,,,,,,,
596,k_restarts,not_converged,false,,,,,,,,
597,arm_cold,not_converged,false,0.137796730380189,0.024260764222482,-2.498312303015787,-2.526448186204469,0.622198707446333,1.839644952770603,-2.766726244637715,2.107229719033901
597,arm_restarts,ok,true,0.000061154050682,0.000004522793222,0.157722279260283,5.365793822417410,0.427203842854560,3.271235187448006,0.124526299373110,-0.603667859691851
597,k_cold,ok,true,0.000074490040801,0.000064458643881,0.157714894945475,-0.917471322837349,0.427439129518297,3.271138019768645,0.124469363806054,5.679467734122011
597,k_restarts,ok,true,0.000074490040801,0.000064458643881,0.157714894945475,-0.917471322837349,0.427439129518297,3.271138019768645,0.124469363806054,5.679467734122011
598,arm_cold,ok,true,0.000001026839995,0.000006502548579,-1.500353034484554,-3.622625791102365,2.221310088623287,-0.126936448219573,-0.357518233282410,0.028605121765202
598,arm_restarts,ok,true,0.000001026839995,0.000006502548579,-1.500353034484554,-3.622625791102365,2.221310088623287,-0.126936448219573,-0.357518233282410,0.028605121765202
598,k_cold,not_converged,false,,,,,,,,
598,k_restarts,ok,true,0.000098184817564,0.000467030244085,0.508401985103706,4.622976039043709,2.663229230068807,-3.756632333360200,-1.964935777292439,-4.483029445144425
599,arm_cold,ok,true,0.000002790460358,0.000007518488232,-2.515454391203434,-2.173198823455626,2.137474524601756,-3.144991239523381,0.340697769011026,-1.311497472716466
599,arm_restarts,ok,true,0.000002790460358,0.000007518488232,-2.515454391203434,-2.173198823455626,2.137474524601756,-3.144991239523381,0.340697769011026,-1.311497472716466
599,k_cold,ok,true,0.000097512942476,0.000295593234497,-2.515505086855898,-2.173435764577189,2.137782615014935,-3.145048158076274,0.340459641504828,-1.311536820084040
599,k_restarts,ok,true,0.000097512942476,0.000295593234497,-2.515505086855898,-2.173435764577189,2.137782615014935,-3.145048158076274,0.340459641504828,-1.311536820084040
600,arm_cold,not_converged,false,0.000310361071605,0.244012046839561,-5.391199110004807,-6.017309263721589,1.874949146661600,-5.049474218663351,5.304774365963948,6.283190000000000
600,arm_restarts,ok,true,0.000006169771957,0.000012175440494,5.120200247438100,-5.167724630961516,1.871742295531796,-0.060901354775900,1.099548305520486,-5.808380513469295
600,k_cold,not_converged,false,,,,,,,,
600,k_restarts,ok,true,0.000059388189697,0.000335896250252,-5.391445817990580,2.030236095956336,-1.874986462237731,-3.065032703796017,5.305689173900928,0.244843995467731
601,arm_cold,ok,true,0.000060342089434,0.000447718409194,-4.069005494155373,-4.943193911314328,1.548438064175888,-4.488536610174514,4.620188624578154,3.333005923614268
601,arm_restarts,ok,true,0.000060342089434,0.000447718409194,-4.069005494155373,-4.943193911314328,1.548438064175888,-4.488536610174514,4.620188624578154,3.333005923614268
601,k_cold,not_converged,false,,,,,,,,
601,k_restarts,ok,true,0.000054581357561,0.000695398353632,2.214214125967420,-5.394115981996192,1.786868752503193,-1.135055624713770,1.663749475162398,-6.091179497418614
602,arm_cold,not_converged,false,0.135378594645212,0.006530707791566,-1.281963265393133,-1.791192407921822,0.265118377372915,1.421234160001886,-1.313252929741668,-0.622146441467649
602,arm_restarts,not_converged,false,0.025559082010908,0.014963892924224,-6.231166319594102,-1.549016811854438,0.034098142532530,-0.255405520588550,6.173669311334802,1.135645602833796
602,k_cold,not_converged,false,,,,,,,,
602,k_restarts,not_converged,false,,,,,,,,
603,arm_cold,ok,true,0.000025879205182,0.000099954147502,-1.080585899829455,-2.314537955548588,2.479453906885885,-0.747952682377137,0.592270030153717,-0.736458594412215
603,arm_restarts,ok,true,0.000025879205182,0.000099954147502,-1.080585899829455,-2.314537955548588,2.479453906885885,-0.747952682377137,0.592270030153717,-0.736458594412215
603,k_cold,not_converged,false,,,,,,,,
603,k_restarts,ok,true,0.000093407506078,0.000022012708096,-1.080568540958621,3.968606369394784,2.479688804843843,5.535134676494392,0.592347973433864,-0.736593488514335
604,arm_cold,ok,true,0.000060109458975,0.000115826807745,-2.321442282218990,-5.230724763702955,2.276250922602600,-3.435157410194154,-0.622425252434461,4.472568158287094
604,arm_restarts,ok,true,0.000060109458975,0.000115826807745,-2.321442282218990,-5.230724763702955,2.276250922602600,-3.435157410194154,-0.622425252434461,4.472568158287094
604,k_cold,not_converged,false,,,,,,,,
604,k_restarts,not_converged,false,,,,,,,,
605,arm_cold,ok,true,0.000061152074211,0.000309978884209,3.857704438841596,-3.222536741767964,1.290476645736948,1.758647181876916,-0.341677189344185,2.379588360742007
605,arm_restarts,ok,true,0.000061152074211,0.000309978884209,3.857704438841596,-3.222536741767964,1.290476645736948,1.758647181876916,-0.341677189344185,2.379588360742007
605,k_cold,ok,true,0.000056752051599,0.000114269277415,0.233856835593267,-1.028296235154238,1.654949050129117,-3.688879797423213,-2.320837545891873,-0.871354951167183
605,k_restarts,ok,true,0.000056752051599,0.000114269277415,0.233856835593267,-1.028296235154238,1.654949050129117,-3.688879797423213,-2.320837545891873,-0.871354951167183
606,arm_cold,ok,true,0.000000014664395,0.000000029516344,-3.095266339559509,-1.534481756782575,1.512723319503601,-0.464236122270522,-0.698210257476661,-2.557931997124252
606,arm_restarts,ok,true,0.000000014664395,0.000000029516344,-3.095266339559509,-1.534481756782575,1.512723319503601,-0.464236122270522,-0.698210257476661,-2.557931997124252
606,k_cold,ok,true,0.000075646507619,0.000249993952296,-3.095287195710224,-1.534715642374439,1.513040332334873,-0.464398145864644,-0.698019398404272,-2.558001502693352
606,k_restarts,ok,true,0.000075646507619,0.000249993952296,-3.095287195710224,-1.534715642374439,1.513040332334873,-0.464398145864644,-0.698019398404272,-2.558001502693352
607,arm_cold,not_converged,false,0.002455167929309,1.076925565925505,-0.992336252033504,-4.293776743939290,1.491556979999840,-3.852126436930120,-1.411213602272985,-6.283190000000000
607,arm_restarts,ok,true,0.000013096788210,0.000008201171597,-4.655219809632004,1.389828694083258,-1.322284533011894,-2.818446681735888,5.036415581911523,1.871841038192676
607,k_cold,not_converged,false,,,,,,,,
607,k_restarts,ok,true,0.000082561047890,0.000183311418663,-4.655303152423735,1.389957373429020,-1.322565619949418,-2.818282966891821,5.036554410616927,1.871986508007701
608,arm_cold,ok,true,0.000000205151470,0.000001750642180,-1.622845328436065,-1.112461801190551,1.054627931327844,-2.249601318900909,-2.193363130979514,-0.655649013426525
608,arm_restarts,ok,true,0.000000205151470,0.000001750642180,-1.622845328436065,-1.112461801190551,1.054627931327844,-2.249601318900909,-2.193363130979514,-0.655649013426525
608,k_cold,ok,true,0.000077772105716,0.000272857089574,-1.622817047057653,-1.112649763733871,1.054863755369295,-2.249321380543654,-2.193384553889512,-0.655338140840042
608,k_restarts,ok,true,0.000077772105716,0.000272857089574,-1.622817047057653,-1.112649763733871,1.054863755369295,-2.249321380543654,-2.193384553889512,-0.655338140840042
609,arm_cold,ok,true,0.000000195657338,0.000000002702255,0.292092905577320,-4.570239650887224,0.623823655138687,-2.284644222686272,-0.712352822009992,-5.694937287541007
609,arm_restarts,ok,true,0.000000195657338,0.000000002702255,0.292092905577320,-4.570239650887224,0.623823655138687,-2.284644222686272,-0.712352822009992,-5.694937287541007
609,k_cold,not_converged,false,,,,,,,,
609,k_restarts,not_converged,false,,,,,,,,
610,arm_cold,ok,true,0.000050707863983,0.000251654025687,-0.346504190193950,-2.418099483731038,1.642941606308905,0.465991967789121,-0.214887448357482,1.850261938296676
610,arm_restarts,ok,true,0.000050707863983,0.000251654025687,-0.346504190193950,-2.418099483731038,1.642941606308905,0.465991967789121,-0.214887448357482,1.850261938296676
610,k_cold,not_converged,false,,,,,,,,
610,k_restarts,not_converged,false,,,,,,,,
611,arm_cold,ok,true,0.000053003241538,0.000171440210128,-2.584089361289568,-4.676135493551324,1.149405924841342,-3.334605064470404,5.620824774571742,-0.842985561243290
611,arm_restarts,ok,true,0.000053003241538,0.000171440210128,-2.584089361289568,-4.676135493551324,1.149405924841342,-3.334605064470404,5.620824774571742,-0.842985561243290
611,k_cold,not_converged,false,,,,,,,,
611,k_restarts,not_converged,false,,,,,,,,
612,arm_cold,ok,true,0.000040734830714,0.000031007562731,-0.649632411502856,-4.115889957458186,2.998872837900908,-3.330098175172350,-3.223673435583570,-1.233465616414509
612,arm_restarts,ok,true,0.000040734830714,0.000031007562731,-0.649632411502856,-4.115889957458186,2.998872837900908,-3.330098175172350,-3.223673435583570,-1.233465616414509
612,k_cold,not_converged,false,,,,,,,,
612,k_restarts,ok,true,0.000054009361821,0.000344332598687,-5.164691538734727,0.481884668946187,-2.652402106773187,2.089140563233504,4.930342891993425,3.230362520707809
613,arm_cold,ok,true,0.000025571946019,0.000205854325947,5.900077291983077,0.741250057356484,1.093596053349350,-0.637051679111074,-5.251474827114509,-2.600127105062364
613,arm_restarts,ok,true,0.000025571946019,0.000205854325947,5.900077291983077,0.741250057356484,1.093596053349350,-0.637051679111074,-5.251474827114509,-2.600127105062364
613,k_cold,not_converged,false,,,,,,,,
613,k_restarts,not_converged,false,,,,,,,,
614,arm_cold,not_converged,false,0.132563342589991,0.215399884485210,-1.815474319378111,-2.972619322388243,3.141500000000000,-2.023757193278196,-2.247102238153619,-1.962256556045900
614,arm_restarts,ok,true,0.000030555764922,0.000002949373284,-3.010208962207446,1.690004155206070,3.023166940731459,-3.808570525924376,-4.536558565307073,-0.063353169435913
614,k_cold,not_converged,false,,,,,,,,
614,k_restarts,ok,true,0.000058953358707,0.000317958933727,4.805187906618051,-4.694281454987432,-2.517549648618142,-3.590871791709653,-4.050021207834284,1.596231823006127
615,arm_cold,not_converged,false,0.083880764490560,0.593905609819177,-3.780338113412390,-0.756971189509299,-1.244226237346134,-6.283190000000000,-2.723294375596203,-6.283190000000000
615,arm_restarts,ok,true,0.000002029965139,0.000014515383724,0.451089503925241,3.847204468515860,1.115037194084789,-1.553085725057601,5.585543019144199,5.547016278187028
615,k_cold,not_converged,false,,,,,,,,
615,k_restarts,not_converged,false,,,,,,,,
616,arm_cold,not_converged,false,0.004784511365106,0.038076127746806,-1.371869219238139,0.533545039689737,-0.576868572390773,-6.283190000000000,-3.997602689145553,-4.684965704787142
616,arm_restarts,ok,true,0.000018447051271,0.000000779495013,2.116198878814520,-3.693614771406646,0.611217787915321,-3.074936760391850,5.771908045813694,-4.741441640684102
616,k_cold,not_converged,false,,,,,,,,
616,k_restarts,ok,true,0.000070549733623,0.000099765095549,2.116206221122336,-3.693879632122044,0.611719766418823,-3.075005016596637,5.771959599692394,-4.741554605153340
617,arm_cold,ok,true,0.000035828727377,0.000061833773188,-2.368142549947714,-1.660924616148467,2.233719928138594,-0.287648424726530,0.090128179731857,0.151304764838894
617,arm_restarts,ok,true,0.000035828727377,0.000061833773188,-2.368142549947714,-1.660924616148467,2.233719928138594,-0.287648424726530,0.090128179731857,0.151304764838894
617,k_cold,not_converged,false,,,,,,,,
617,k_restarts,not_converged,false,,,,,,,,
618,arm_cold,not_converged,false,0.122295172980083,1.166005036313716,-1.710114840658960,-0.002504349492435,1.118090226942049,2.082036884390849,-6.283190000000000,1.435381306067580
618,arm_restarts,ok,true,0.000000166228596,0.000000000307768,-4.282750282786117,2.372475210529453,0.547139193980070,-5.774509791813951,-4.847821683832779,-4.535196210163863
618,k_cold,ok,true,0.000083371157550,0.000111800324207,-1.542090051133123,0.245707614444046,0.543660880311723,-4.224285039078232,-1.321507015971330,1.862125687630798
618,k_restarts,ok,true,0.000083371157550,0.000111800324207,-1.542090051133123,0.245707614444046,0.543660880311723,-4.224285039078232,-1.321507015971330,1.862125687630798
619,arm_cold,ok,true,0.000001344374327,0.000000958902776,-1.999101457830830,-0.335574047269853,2.396288522783585,-4.641171762777094,-2.206199411537689,-2.423852456613393
619,arm_restarts,ok,true,0.000001344374327,0.000000958902776,-1.999101457830830,-0.335574047269853,2.396288522783585,-4.641171762777094,-2.206199411537689,-2.423852456613393
619,k_cold,ok,true,0.000051620174585,0.000081626725402,-1.999087950280079,-0.335602146841663,2.396405041128757,-4.641260092229528,-2.206291127419368,-2.423834104453078
619,k_restarts,ok,true,0.000051620174585,0.000081626725402,-1.999087950280079,-0.335602146841663,2.396405041128757,-4.641260092229528,-2.206291127419368,-2.423834104453078
620,arm_cold,ok,true,0.000000689574846,0.000000005808897,4.222692740806132,-3.771326273847808,0.738372532876083,-1.403503685486772,-5.810132770992413,-2.310729674506614
620,arm_restarts,ok,true,0.000000689574846,0.000000005808897,4.222692740806132,-3.771326273847808,0.738372532876083,-1.403503685486772,-5.810132770992413,-2.310729674506614
620,k_cold,not_converged,false,,,,,,,,
620,k_restarts,ok,true,0.000076558680494,0.000224539922298,-5.522439582919422,0.540767629387079,-0.466760225709486,-2.382365857389632,3.775523498752688,3.435103093196579
621,arm_cold,not_converged,false,0.174207078364028,0.043504605919947,-5.554332439184147,1.298001540210794,-0.227338311945574,0.131655565811815,-3.023340223020329,4.000663201672332
621,arm_restarts,ok,true,0.000030712329548,0.000029157517926,-6.275588727506286,1.069124355358305,0.591696018307251,4.429976520286870,-3.860878405681579,-3.606182812066635
621,k_cold,not_converged,false,,,,,,,,
621,k_restarts,not_converged,false,,,,,,,,
622,arm_cold,ok,true,0.000008662713881,0.000000937897769,-0.310589021781015,-0.100093161065145,1.497899400603725,-1.565098522351174,-1.364990733010438,0.373724565883319
622,arm_restarts,ok,true,0.000008662713881,0.000000937897769,-0.310589021781015,-0.100093161065145,1.497899400603725,-1.565098522351174,-1.364990733010438,0.373724565883319
622,k_cold,ok,true,0.000074942446043,0.000082322309237,-0.310591179436176,-0.100241634305796,1.498156683323413,-1.565242385577414,-1.365021850730376,0.373800852335126
622,k_restarts,ok,true,0.000074942446043,0.000082322309237,-0.310591179436176,-0.100241634305796,1.498156683323413,-1.565242385577414,-1.365021850730376,0.373800852335126
623,arm_cold,ok,true,0.000054129565199,0.000192046389349,-1.494760619313772,-2.598272473451126,1.996008693894241,-2.153697947096431,-3.062155154553356,1.643397972830482
623,arm_restarts,ok,true,0.000054129565199,0.000192046389349,-1.494760619313772,-2.598272473451126,1.996008693894241,-2.153697947096431,-3.062155154553356,1.643397972830482
623,k_cold,ok,true,0.000082566935122,0.000024858587855,-1.451177399447926,-2.142982024607348,1.458181617583471,-4.813046790067314,-3.184041477124099,-1.097778332577713
623,k_restarts,ok,true,0.000082566935122,0.000024858587855,-1.451177399447926,-2.142982024607348,1.458181617583471,-4.813046790067314,-3.184041477124099,-1.097778332577713
624,arm_cold,ok,true,0.000000759248724,0.000000023189547,-2.351822037994048,0.250830866717432,0.764072198230357,-2.050051052942123,-4.713658049433365,-0.722237218663420
624,arm_restarts,ok,true,0.000000759248724,0.000000023189547,-2.351822037994048,0.250830866717432,0.764072198230357,-2.050051052942123,-4.713658049433365,-0.722237218663420
624,k_cold,ok,true,0.000092106208250,0.000168785143290,-2.351808747276919,0.250528312116239,0.764705087050648,-2.050319301492074,-4.713507763469802,-0.722312284459936
624,k_restarts,ok,true,0.000092106208250,0.000168785143290,-2.351808747276919,0.250528312116239,0.764705087050648,-2.050319301492074,-4.713507763469802,-0.722312284459936
625,arm_cold,ok,true,0.000004253361407,0.000000116232069,-3.444720776402592,-1.365036058376549,1.136925629500130,-2.738341196673695,-1.728784377786103,-1.136199139389297
625,arm_restarts,ok,true,0.000004253361407,0.000000116232069,-3.444720776402592,-1.365036058376549,1.136925629500130,-2.738341196673695,-1.728784377786103,-1.136199139389297
625,k_cold,not_converged,false,,,,,,,,
625,k_restarts,not_converged,false,,,,,,,,
626,arm_cold,not_converged,false,0.282441379721394,0.443157155693569,-4.110295423527647,-6.283190000000000,1.176146275420081,-0.885957135880995,4.200114262277117,-3.606131146463329
626,arm_restarts,ok,true,0.000018404593751,0.000002372444085,-4.111350441613280,0.588851650252690,-0.909582299521683,0.167496884076369,4.202832919865898,2.676484472517407
626,k_cold,not_converged,false,,,,,,,,
626,k_restarts,ok,true,0.000095381429557,0.000221990399822,-4.111371116106095,0.589071274627263,-0.910115437749932,0.167679378998141,4.202713033185328,2.676583354233682
627,arm_cold,ok,true,0.000000543294929,0.000000039256482,-3.358452778869477,2.521127408476021,0.918385513439497,-3.455566899702805,2.505622050794591,-2.622553101822800
627,arm_restarts,ok,true,0.000000543294929,0.000000039256482,-3.358452778869477,2.521127408476021,0.918385513439497,-3.455566899702805,2.505622050794591,-2.622553101822800
627,k_cold,ok,true,0.000079442408473,0.000382630195287,-0.585466579340861,-0.259339471467054,0.921363610951651,-0.650593730211090,-1.004206122956706,-2.615629517663256
627,k_restarts,ok,true,0.000079442408473,0.000382630195287,-0.585466579340861,-0.259339471467054,0.921363610951651,-0.650593730211090,-1.004206122956706,-2.615629517663256
628,arm_cold,ok,true,0.000001407219836,0.000000755478478,1.931207929927568,-0.398368971016827,1.842669598535200,-0.963375222462243,2.680256701485386,2.625610852008485
628,arm_restarts,ok,true,0.000001407219836,0.000000755478478,1.931207929927568,-0.398368971016827,1.842669598535200,-0.963375222462243,2.680256701485386,2.625610852008485
628,k_cold,not_converged,false,,,,,,,,
628,k_restarts,not_converged,false,,,,,,,,
629,arm_cold,ok,true,0.000024835045898,0.000042774275535,-2.752309556817986,-3.017451295359733,2.434158866521966,-1.218828384479470,-1.409801875989650,-0.482401753026894
629,arm_restarts,ok,true,0.000024835045898,0.000042774275535,-2.752309556817986,-3.017451295359733,2.434158866521966,-1.218828384479470,-1.409801875989650,-0.482401753026894
629,k_cold,ok,true,0.000058873942905,0.000071844329464,-2.744066222806214,-3.014346931985439,2.435478797934819,-1.224571948624634,-1.411681658634065,-0.474289997073291
629,k_restarts,ok,true,0.000058873942905,0.000071844329464,-2.744066222806214,-3.014346931985439,2.435478797934819,-1.224571948624634,-1.411681658634065,-0.474289997073291
630,arm_cold,ok,true,0.000050602461418,0.000333231568516,-1.554493809713128,-5.539225577409617,1.708066953701955,-5.112411474285552,4.886596578786322,0.396408071325262
630,arm_restarts,ok,true,0.000050602461418,0.000333231568516,-1.554493809713128,-5.539225577409617,1.708066953701955,-5.112411474285552,4.886596578786322,0.396408071325262
630,k_cold,not_converged,false,,,,,,,,
630,k_restarts,not_converged,false,,,,,,,,
631,arm_cold,not_converged,false,0.028870969425666,0.006809823694111,-3.803851923209786,5.660668961871429,-0.106840352715620,-5.234606056556061,-5.395743957607547,-1.207462405237742
631,arm_restarts,ok,true,0.000030324886990,0.000004020996241,-3.801072431963671,5.237054564802557,1.148073041382908,-2.930375115479654,5.393782276164934,1.933274051107079
631,k_cold,not_converged,false,,,,,,,,
631,k_restarts,ok,true,0.000064718260616,0.000051023165341,-3.801082451126911,5.236966306182610,1.148227578788059,-2.930435656834552,5.393844408742164,1.933257018595693
632,arm_cold,not_converged,false,0.052185336488698,0.048605521869671,-0.642271206682224,-1.507565126634055,3.110362406058260,-3.175900303702599,-2.945931392989642,0.053383751699105
632,arm_restarts,ok,true,0.000048650018849,0.000085660606267,-1.859783862268251,3.412691119566513,2.842789324007434,0.234018013089010,-4.381948520683660,-4.539774559383098
632,k_cold,not_converged,false,,,,,,,,
632,k_restarts,not_converged,false,,,,,,,,
633,arm_cold,ok,true,0.000001097909015,0.000000648492088,-3.449525154455709,-0.946871325827785,1.948977945750126,-0.748765976079895,-0.686399650128153,-1.720863043261691
633,arm_restarts,ok,true,0.000001097909015,0.000000648492088,-3.449525154455709,-0.946871325827785,1.948977945750126,-0.748765976079895,-0.686399650128153,-1.720863043261691
633,k_cold,not_converged,false,,,,,,,,
633,k_restarts,ok,true,0.000061380630857,0.000163142894713,-3.449542598897249,5.763796944489888,1.987312269060660,-4.356267859467147,-5.596921122256904,-4.862399794182255
634,arm_cold,ok,true,0.000000323480482,0.000000529065430,-1.984656108861858,-1.865905927837545,1.539231661051601,-3.261891282488760,-0.202248338432978,-0.151496776422558
634,arm_restarts,ok,true,0.000000323480482,0.000000529065430,-1.984656108861858,-1.865905927837545,1.539231661051601,-3.261891282488760,-0.202248338432978,-0.151496776422558
634,k_cold,ok,true,0.000053208345013,0.000175212325604,-1.984658228654707,-1.866153191017942,1.539594898026629,-3.261145721649328,-0.202229118580024,-0.152348781036313
634,k_restarts,ok,true,0.000053208345013,0.000175212325604,-1.984658228654707,-1.866153191017942,1.539594898026629,-3.261145721649328,-0.202229118580024,-0.152348781036313
635,arm_cold,not_converged,false,0.049100490800513,1.449521578789483,-5.207712092938329,-3.000385240033267,-0.695503591351234,6.283190000000000,2.779804418065084,-4.604791878950278
635,arm_restarts,ok,true,0.000000977699222,0.000000006227331,-5.219027122742760,-3.468901243600290,0.567326678452374,-2.431850710111909,3.499443830846209,-1.404841808201935
635,k_cold,ok,true,0.000080797994674,0.000097874224019,-2.384989659952087,-0.119569754793908,0.603107505683050,-2.358155012192463,0.303062360991116,-0.435163645472602
635,k_restarts,ok,true,0.000080797994674,0.000097874224019,-2.384989659952087,-0.119569754793908,0.603107505683050,-2.358155012192463,0.303062360991116,-0.435163645472602
636,arm_cold,ok,true,0.000055429370470,0.000346820676505,3.831313885123621,-5.741289555160311,2.041107568548535,-0.332878917805727,-4.149543242310838,4.633701460888190
636,arm_restarts,ok,true,0.000055429370470,0.000346820676505,3.831313885123621,-5.741289555160311,2.041107568548535,-0.332878917805727,-4.149543242310838,4.633701460888190
636,k_cold,not_converged,false,,,,,,,,
636,k_restarts,ok,true,0.000076051811629,0.000188613999800,4.495086467040062,-4.039442660796882,-1.967944231391253,2.143459111209607,-4.618980105384054,5.135954295593877
637,arm_cold,not_converged,false,0.209610222721842,0.360693134957649,-3.318971844723471,-3.478757545816250,3.141500000000000,-1.940417636200633,-2.118377987212463,-3.245349377035153
637,arm_restarts,ok,true,0.000001769641294,0.000000895017524,-3.115406888372957,-0.055032494624169,2.741936194476901,-4.475187810640137,-2.188077348492544,-3.014222107188105
637,k_cold,not_converged,false,,,,,,,,
637,k_restarts,not_converged,false,,,,,,,,
638,arm_cold,not_converged,false,0.082892529921450,0.201429915224506,-0.972509857962636,-1.471397404375529,3.141500000000000,-1.068609072559921,-0.477220448021680,0.996833202146661
638,arm_restarts,ok,true,0.000004766982014,0.000003372983591,5.437274156524145,-3.873880741240389,3.085628445128217,-4.484115541201054,5.886967709344640,-5.515183509016870
638,k_cold,not_converged,false,,,,,,,,
638,k_restarts,ok,true,0.000071914025149,0.000352974925045,-5.632674213957364,5.896721109746272,2.601315360010578,-5.703017720641613,4.988614138490385,-1.301325217512867
639,arm_cold,ok,true,0.000079794387875,0.000006450597755,-2.408026452083293,-0.527589799075999,1.438091789056638,-1.268505277502917,-0.493824597311423,-1.709618096621426
639,arm_restarts,ok,true,0.000079794387875,0.000006450597755,-2.408026452083293,-0.527589799075999,1.438091789056638,-1.268505277502917,-0.493824597311423,-1.709618096621426
639,k_cold,ok,true,0.000084947286573,0.000135034326517,-2.408032188863740,-0.527753780393690,1.438218890666706,-1.268626308082791,-0.493738945040837,-1.709533255277009
639,k_restarts,ok,true,0.000084947286573,0.000135034326517,-2.408032188863740,-0.527753780393690,1.438218890666706,-1.268626308082791,-0.493738945040837,-1.709533255277009
640,arm_cold,ok,true,0.000089484095558,0.000616478274492,-0.106842846504563,-3.672125280438925,1.846709834416478,-5.312684034983294,-2.302204996970366,-3.262334506103957
640,arm_restarts,ok,true,0.000089484095558,0.000616478274492,-0.106842846504563,-3.672125280438925,1.846709834416478,-5.312684034983294,-2.302204996970366,-3.262334506103957
640,k_cold,not_converged,false,,,,,,,,
640,k_restarts,ok,true,0.000082261723984,0.000373151861511,-3.910407983409722,5.230072360776274,1.830552429411467,-5.445602534714461,-5.686038985805670,-4.231885809327357
641,arm_cold,ok,true,0.000000085767039,0.000000002118409,1.760973370768235,-1.405807564305716,2.868388178110839,-3.714543428740683,-5.532389340782662,-2.457789092397110
641,arm_restarts,ok,true,0.000000085767039,0.000000002118409,1.760973370768235,-1.405807564305716,2.868388178110839,-3.714543428740683,-5.532389340782662,-2.457789092397110
641,k_cold,not_converged,false,,,,,,,,
641,k_restarts,ok,true,0.000072814844414,0.000309724676236,-4.522543423082988,0.558975189481704,-2.368958706708225,2.699230541284112,5.532474094217750,0.684192401447663
642,arm_cold,ok,true,0.000004409354224,0.000002038062473,-1.851273655232755,-2.845097202112881,1.152790641661989,-3.358558286828506,-0.143142392358828,1.900725131060560
642,arm_restarts,ok,true,0.000004409354224,0.000002038062473,-1.851273655232755,-2.845097202112881,1.152790641661989,-3.358558286828506,-0.143142392358828,1.900725131060560
642,k_cold,not_converged,false,,,,,,,,
642,k_restarts,ok,true,0.000052411235895,0.000126414760291,-5.472230968688367,-0.050090492104371,-1.128406960696657,-2.226718501463544,3.684072276649883,-0.238929014036837
643,arm_cold,ok,true,0.000013306391349,0.000045152735145,0.893206080678384,0.181606098305653,2.074461922829058,0.259529253991245,-1.572406004379880,-3.284218331857272
643,arm_restarts,ok,true,0.000013306391349,0.000045152735145,0.893206080678384,0.181606098305653,2.074461922829058,0.259529253991245,-1.572406004379880,-3.284218331857272
643,k_cold,not_converged,false,,,,,,,,
643,k_restarts,ok,true,0.000097905700202,0.000583676388293,-5.390117864570347,2.119650199886960,-2.074303388731552,-3.812787325777309,4.711436506643988,2.999128872641905
644,arm_cold,ok,true,0.000000781128664,0.000000869783305,0.001231417087848,-1.495326790516998,2.139848688590863,-1.127538506247169,-2.392947205811820,-0.958787671449797
644,arm_restarts,ok,true,0.000000781128664,0.000000869783305,0.001231417087848,-1.495326790516998,2.139848688590863,-1.127538506247169,-2.392947205811820,-0.958787671449797
644,k_cold,ok,true,0.000098293766714,0.000361867134871,0.001140768265546,-1.495515705848084,2.140004403363747,-1.127320708849648,-2.392881921083164,-0.958388058919534
644,k_restarts,ok,true,0.000098293766714,0.000361867134871,0.001140768265546,-1.495515705848084,2.140004403363747,-1.127320708849648,-2.392881921083164,-0.958388058919534
645,arm_cold,not_converged,false,0.012828507425387,0.000755373535798,-0.626276662465863,-1.096876258890599,0.273700898367456,0.409178726755726,-1.447759341630612,-0.769072941474800
645,arm_restarts,not_converged,false,0.012828507425387,0.000755373535798,-0.626276662465863,-1.096876258890599,0.273700898367456,0.409178726755726,-1.447759341630612,-0.769072941474800
645,k_cold,not_converged,false,,,,,,,,
645,k_restarts,not_converged,false,,,,,,,,
646,arm_cold,ok,true,0.000017889096113,0.000143361915263,-2.874929664124147,-2.987281635033104,1.113507035659665,-1.095000549307542,-2.618235370485783,-0.737841644187158
646,arm_restarts,ok,true,0.000017889096113,0.000143361915263,-2.874929664124147,-2.987281635033104,1.113507035659665,-1.095000549307542,-2.618235370485783,-0.737841644187158
646,k_cold,ok,true,0.000056164277271,0.000406282787764,-0.237976644673913,-0.940582042931412,0.092111401343415,0.747651817090729,-1.024202369288361,2.306189001756747
646,k_restarts,ok,true,0.000056164277271,0.000406282787764,-0.237976644673913,-0.940582042931412,0.092111401343415,0.747651817090729,-1.024202369288361,2.306189001756747
647,arm_cold,ok,true,0.000000067351296,0.000000126725862,0.036903631206935,1.648248692298190,2.384405809360252,-0.518052451990583,1.257643251575480,-4.864110379268797
647,arm_restarts,ok,true,0.000000067351296,0.000000126725862,0.036903631206935,1.648248692298190,2.384405809360252,-0.518052451990583,1.257643251575480,-4.864110379268797
647,k_cold,not_converged,false,,,,,,,,
647,k_restarts,not_converged,false,,,,,,,,
648,arm_cold,not_converged,false,0.225017577908785,0.464356838685411,-2.083562056319771,-2.803891763500315,3.141500000000000,-1.175869103462985,-1.571420490423799,-0.541413584961985
648,arm_restarts,ok,true,0.000080443683101,0.000376339851396,3.756317167504538,-5.523482062682818,2.170782265881382,-0.198923798945557,1.983378873608985,-3.853930592373947
648,k_cold,not_converged,false,,,,,,,,
648,k_restarts,not_converged,false,,,,,,,,
649,arm_cold,ok,true,0.000004321265100,0.000013123864613,-0.891076743615718,-3.230365765211771,2.601063226184996,-0.166904279320641,-1.422092962051277,-1.025166541628572
649,arm_restarts,ok,true,0.000004321265100,0.000013123864613,-0.891076743615718,-3.230365765211771,2.601063226184996,-0.166904279320641,-1.422092962051277,-1.025166541628572
649,k_cold,not_converged,false,,,,,,,,
649,k_restarts,ok,true,0.000086795955083,0.000682294959621,5.901103298598785,-5.621149390343743,-2.830245373006410,-1.898477272893586,-5.197379574889973,2.520592964777177
650,arm_cold,ok,true,0.000005023343214,0.000000000760174,0.767497057006064,0.770012466528887,0.086852876541085,1.080162641685392,5.968976257261357,4.840363727078699
650,arm_restarts,ok,true,0.000005023343214,0.000000000760174,0.767497057006064,0.770012466528887,0.086852876541085,1.080162641685392,5.968976257261357,4.840363727078699
650,k_cold,not_converged,false,,,,,,,,
650,k_restarts,ok,true,0.000060830428673,0.000018428746399,0.767496393881326,-5.428361095182588,-0.089905201008352,-5.111048937616019,-0.314221262538989,4.840327733757242
651,arm_cold,ok,true,0.000008027911962,0.000012480772888,-3.056143747233419,-3.908639034440672,2.708589507585851,1.809666617520900,-1.260860969095955,0.329300289787616
651,arm_restarts,ok,true,0.000008027911962,0.000012480772888,-3.056143747233419,-3.908639034440672,2.708589507585851,1.809666617520900,-1.260860969095955,0.329300289787616
651,k_cold,ok,true,0.000078242815648,0.000533355600003,-1.004210857930040,-0.799297945058655,2.395126148135621,0.833994884200257,-0.986771217690461,-2.158647996622999
651,k_restarts,ok,true,0.000078242815648,0.000533355600003,-1.004210857930040,-0.799297945058655,2.395126148135621,0.833994884200257,-0.986771217690461,-2.158647996622999
652,arm_cold,not_converged,false,0.130838314961671,0.036862232596765,-0.349351489371432,-3.758647906937458,3.141500000000000,-2.954043150317620,-2.585229075868790,-1.978722685995822
652,arm_restarts,ok,true,0.000001465666397,0.000009698507501,-5.314771049281937,4.763936759819300,2.478172453036049,-0.684010494897229,3.956701584747182,-4.587736334851548
652,k_cold,not_converged,false,,,,,,,,
652,k_restarts,ok,true,0.000051800162773,0.000422478789653,-5.314754161512862,0.725335231468802,-2.478089571568260,2.027171101865726,3.956827626504857,1.694892501001822
653,arm_cold,ok,true,0.000006513191327,0.000013104401622,-0.625227911094129,-2.447421501120523,1.245176713754058,-0.912390814486630,-0.086082688258919,0.207576113522709
653,arm_restarts,ok,true,0.000006513191327,0.000013104401622,-0.625227911094129,-2.447421501120523,1.245176713754058,-0.912390814486630,-0.086082688258919,0.207576113522709
653,k_cold,ok,true,0.000068388456930,0.000183983925667,-0.624934368932083,-2.447721163990792,1.245934180019060,-0.914319151278226,-0.086093460264275,0.209070772389131
653,k_restarts,ok,true,0.000068388456930,0.000183983925667,-0.624934368932083,-2.447721163990792,1.245934180019060,-0.914319151278226,-0.086093460264275,0.209070772389131
654,arm_cold,not_converged,false,0.055746666662087,0.110670636638760,-6.283190000000000,-2.732934541831874,1.107377911625665,3.331470256315170,3.392308981435825,0.320126030738498
654,arm_restarts,ok,true,0.000003942018931,0.000000292724754,-3.759953063666130,4.915890069541017,1.187234439834741,-2.511365711564697,-5.680225684055277,-4.943321522300479
654,k_cold,not_converged,false,,,,,,,,
654,k_restarts,ok,true,0.000067225723557,0.000368502696986,-3.760063999381134,4.915663371474779,1.187538543642087,-2.511464114086580,-5.680482081670070,-4.943367782182137
655,arm_cold,ok,true,0.000005670290684,0.000000289462049,-0.797578087082114,-1.429097848448699,1.006628319718608,-2.722645758319350,-1.810864344325593,-0.726701317954606
655,arm_restarts,ok,true,0.000005670290684,0.000000289462049,-0.797578087082114,-1.429097848448699,1.006628319718608,-2.722645758319350,-1.810864344325593,-0.726701317954606
655,k_cold,ok,true,0.000080117395373,0.000277321125772,-0.797603707627224,-1.429285857553593,1.006971419025549,-2.722670919954993,-1.810997079696401,-0.726481185685074
655,k_restarts,ok,true,0.000080117395373,0.000277321125772,-0.797603707627224,-1.429285857553593,1.006971419025549,-2.722670919954993,-1.810997079696401,-0.726481185685074
656,arm_cold,ok,true,0.000003765358806,0.000021600303582,-1.755893701529901,-0.696891242783463,1.029588602079426,-4.526945613474324,-2.418657904509359,-0.942417256547771
656,arm_restarts,ok,true,0.000003765358806,0.000021600303582,-1.755893701529901,-0.696891242783463,1.029588602079426,-4.526945613474324,-2.418657904509359,-0.942417256547771
656,k_cold,ok,true,0.000065825076487,0.000176496850233,-1.755872306792454,-0.697018566629822,1.029875577217312,-4.527066585200074,-2.418823050553504,-0.942458723946910
656,k_restarts,ok,true,0.000065825076487,0.000176496850233,-1.755872306792454,-0.697018566629822,1.029875577217312,-4.527066585200074,-2.418823050553504,-0.942458723946910
657,arm_cold,not_converged,false,0.041428947945004,0.007482287166516,-1.626946363403398,-0.459586712032172,-0.136339822804751,1.622254430032563,-1.712332524628067,-1.194978006552376
657,arm_restarts,ok,true,0.000001488313792,0.000000104264338,-1.619533323815348,-1.131691610056121,1.271980533715765,-2.263976193140699,-4.574285260751058,-4.343604212277995
657,k_cold,not_converged,false,,,,,,,,
657,k_restarts,not_converged,false,,,,,,,,
658,arm_cold,ok,true,0.000003936121761,0.000000028210464,-3.464924815933560,-1.158279388820757,0.733064455425978,-2.003349519225651,-1.654517455462717,-3.308111483025213
658,arm_restarts,ok,true,0.000003936121761,0.000000028210464,-3.464924815933560,-1.158279388820757,0.733064455425978,-2.003349519225651,-1.654517455462717,-3.308111483025213
658,k_cold,not_converged,false,,,,,,,,
658,k_restarts,not_converged,false,,,,,,,,
659,arm_cold,ok,true,0.000008966538479,0.000020085987258,-2.797097218372885,-3.565858157846104,1.625174603403147,-3.176341396600275,-1.048556330774813,3.537260075881112
659,arm_restarts,ok,true,0.000008966538479,0.000020085987258,-2.797097218372885,-3.565858157846104,1.625174603403147,-3.176341396600275,-1.048556330774813,3.537260075881112
659,k_cold,not_converged,false,,,,,,,,
659,k_restarts,ok,true,0.000094447043309,0.000306556083845,-0.080591362867451,5.655060912342166,1.029106030453305,1.744937178083972,-1.889618757010546,0.806230398322461
660,arm_cold,ok,true,0.000069052992309,0.000004121860630,-2.821536459425031,-2.661802127033311,0.520508608148008,-3.688045173248961,-1.375732626928650,1.687925339833945
660,arm_restarts,ok,true,0.000069052992309,0.000004121860630,-2.821536459425031,-2.661802127033311,0.520508608148008,-3.688045173248961,-1.375732626928650,1.687925339833945
660,k_cold,ok,true,0.000051135613695,0.000045315159316,-0.097416622928746,-0.834020669458319,0.753468637281773,-3.513617355594393,-1.389519923027323,-1.271914323553988
660,k_restarts,ok,true,0.000051135613695,0.000045315159316,-0.097416622928746,-0.834020669458319,0.753468637281773,-3.513617355594393,-1.389519923027323,-1.271914323553988
661,arm_cold,not_converged,false,0.225535649928243,0.486469649193213,-2.792419589308982,-1.959977355048709,3.141500000000000,-0.996850540293403,-2.960684428851702,1.165163367018935
661,arm_restarts,ok,true,0.000000145731698,0.000000510942980,4.614878053562333,-5.419760291469281,2.842613892738882,-3.309382767421988,4.456280876196273,-5.535217126722556
661,k_cold,not_converged,false,,,,,,,,
661,k_restarts,not_converged,false,,,,,,,,
662,arm_cold,not_converged,false,0.034690727363359,0.038683291417105,-0.743017475737894,-2.669683875781492,3.141500000000000,-2.174197033494557,-1.496501138967677,1.123578399216365
662,arm_restarts,ok,true,0.000000073296694,0.000000050489034,-1.447384204630507,-0.942760202650659,3.025093412583689,-0.533686952669365,1.453444166275723,-2.723801137513505
662,k_cold,ok,true,0.000060324440273,0.000067416426563,-0.838252760685435,-4.201202879792455,3.024263878749675,-0.479304633881987,-1.487195934345878,1.029179058813695
662,k_restarts,ok,true,0.000060324440273,0.000067416426563,-0.838252760685435,-4.201202879792455,3.024263878749675,-0.479304633881987,-1.487195934345878,1.029179058813695
663,arm_cold,not_converged,false,0.002387714885256,0.343098848467185,5.650432118143613,-3.258398942811386,0.581049160219005,0.887431088040167,1.947206129885618,6.283190000000000
663,arm_restarts,ok,true,0.000000375902762,0.000000000272343,-0.633087129273854,-3.258720363431766,0.575545592254535,0.892081646213815,-4.335253065798141,-5.940213547630533
663,k_cold,not_converged,false,,,,,,,,
663,k_restarts,ok,true,0.000070436918040,0.000273929729552,-4.166089666500950,0.075390750463666,-0.530826284732109,2.078363036608740,5.143802983702488,0.765107165141966
664,arm_cold,ok,true,0.000043594647025,0.000117215467906,-2.806788943153309,-0.979713213535995,1.356364904407646,-3.075158543236690,0.540647687126972,-0.126459276367808
664,arm_restarts,ok,true,0.000043594647025,0.000117215467906,-2.806788943153309,-0.979713213535995,1.356364904407646,-3.075158543236690,0.540647687126972,-0.126459276367808
664,k_cold,ok,true,0.000071906398468,0.000117143387533,-2.806797735077168,-0.979779491563067,1.356540900063111,-3.075104695084462,0.540605483048079,-0.126655341615649
664,k_restarts,ok,true,0.000071906398468,0.000117143387533,-2.806797735077168,-0.979779491563067,1.356540900063111,-3.075104695084462,0.540605483048079,-0.126655341615649
665,arm_cold,ok,true,0.000000113457065,0.000000405125472,-3.959070230491188,-2.465286423399995,2.061029925561874,4.692072182840151,1.431613055454444,-5.603639687144369
665,arm_restarts,ok,true,0.000000113457065,0.000000405125472,-3.959070230491188,-2.465286423399995,2.061029925561874,4.692072182840151,1.431613055454444,-5.603639687144369
665,k_cold,ok,true,0.000079361132319,0.000250007541968,-5.420372630088115,-2.901049381187590,1.849900146119055,-0.719181182843618,1.971944273762844,2.069914518629601
665,k_restarts,ok,true,0.000079361132319,0.000250007541968,-5.420372630088115,-2.901049381187590,1.849900146119055,-0.719181182843618,1.971944273762844,2.069914518629601
666,arm_cold,ok,true,0.000006769619287,0.000001357726696,-0.973089658061649,-3.424616523287084,1.707202245589699,-1.711541264711903,-2.474591889197662,-1.793412946640887
666,arm_restarts,ok,true,0.000006769619287,0.000001357726696,-0.973089658061649,-3.424616523287084,1.707202245589699,-1.711541264711903,-2.474591889197662,-1.793412946640887
666,k_cold,not_converged,false,,,,,,,,
666,k_restarts,ok,true,0.000053147921781,0.000116665141042,-4.644784454183010,-0.196693120382992,-1.127224926672517,1.514347035656288,5.099953769959292,1.503580478259328
667,arm_cold,ok,true,0.000001334243254,0.000005921813339,-2.034975307282543,-1.157359585684526,2.336323935194958,-5.383403959549677,-1.675020396238558,-0.301578054672540
667,arm_restarts,ok,true,0.000001334243254,0.000005921813339,-2.034975307282543,-1.157359585684526,2.336323935194958,-5.383403959549677,-1.675020396238558,-0.301578054672540
667,k_cold,ok,true,0.000074654371731,0.000349787339675,-2.034988660462940,-1.157456138864776,2.336644978553256,-5.383307370152727,-1.675050055660212,-0.301677837364679
667,k_restarts,ok,true,0.000074654371731,0.000349787339675,-2.034988660462940,-1.157456138864776,2.336644978553256,-5.383307370152727,-1.675050055660212,-0.301677837364679
668,arm_cold,ok,true,0.000000064287809,0.000000116749354,0.296087226955047,-3.472660057404310,1.965354662484670,-0.084445199874086,-4.048242680350510,-0.129628895493337
668,arm_restarts,ok,true,0.000000064287809,0.000000116749354,0.296087226955047,-3.472660057404310,1.965354662484670,-0.084445199874086,-4.048242680350510,-0.129628895493337
668,k_cold,not_converged,false,,,,,,,,
668,k_restarts,not_converged,false,,,,,,,,
669,arm_cold,ok,true,0.000000053928627,0.000000004919442,4.004264527753132,-2.302850369233878,-1.087755525341588,-0.992133918416356,-5.281335497673666,2.751456880655109
669,arm_restarts,ok,true,0.000000053928627,0.000000004919442,4.004264527753132,-2.302850369233878,-1.087755525341588,-0.992133918416356,-5.281335497673666,2.751456880655109
669,k_cold,not_converged,false,,,,,,,,
669,k_restarts,ok,true,0.000077565576138,0.000208458299346,-5.770171967888314,0.220854789235991,-1.078878014629635,-1.217880358091777,4.287158729511278,2.387611712981759
670,arm_cold,ok,true,0.000005511690442,0.000028348996871,1.656485517493068,-2.443493883745131,2.155649013356817,-0.963219388058824,2.313116424628651,-1.771298848571654
670,arm_restarts,ok,true,0.000005511690442,0.000028348996871,1.656485517493068,-2.443493883745131,2.155649013356817,-0.963219388058824,2.313116424628651,-1.771298848571654
670,k_cold,not_converged,false,,,,,,,,
670,k_restarts,not_converged,false,,,,,,,,
671,arm_cold,ok,true,0.000000172041558,0.000000029822777,-1.543730437545461,-0.552658121128958,1.814325473072997,-2.057534035991667,-2.333443869648794,-1.229315076829882
671,arm_restarts,ok,true,0.000000172041558,0.000000029822777,-1.543730437545461,-0.552658121128958,1.814325473072997,-2.057534035991667,-2.333443869648794,-1.229315076829882
671,k_cold,ok,true,0.000086814157011,0.000225510626567,-1.543731722814800,-0.552865778004185,1.814515106632002,-2.057477866611073,-2.333259842881898,-1.229163455521081
671,k_restarts,ok,true,0.000086814157011,0.000225510626567,-1.543731722814800,-0.552865778004185,1.814515106632002,-2.057477866611073,-2.333259842881898,-1.229163455521081
672,arm_cold,not_converged,false,0.000060668869932,0.182122022117520,1.466777283397479,-4.086422489907774,2.345006239582105,-1.377071052152871,-2.030441139636152,-6.283190000000000
672,arm_restarts,ok,true,0.000000545284485,0.000000231526255,-4.816231894548928,2.806814080715250,2.138413754970688,-4.922250703280945,-4.252737835860338,2.959412613579264
672,k_cold,ok,true,0.000055596037596,0.000435334595373,-4.816245057894021,-3.476285961644295,2.138605913367511,1.361074429228472,-4.252622830708526,-3.323769527442961
672,k_restarts,ok,true,0.000055596037596,0.000435334595373,-4.816245057894021,-3.476285961644295,2.138605913367511,1.361074429228472,-4.252622830708526,-3.323769527442961
673,arm_cold,ok,true,0.000004900009592,0.000005474892019,-3.351818500895510,-1.839399750107548,2.129745536086240,-2.428965832474894,-0.397951701762919,0.217856867533994
673,arm_restarts,ok,true,0.000004900009592,0.000005474892019,-3.351818500895510,-1.839399750107548,2.129745536086240,-2.428965832474894,-0.397951701762919,0.217856867533994
673,k_cold,ok,true,0.000084040171047,0.000174783757255,-3.351803979331466,-1.839523514445325,2.129970618433350,-2.429144124663794,-0.397991911691742,0.217765439663813
673,k_restarts,ok,true,0.000084040171047,0.000174783757255,-3.351803979331466,-1.839523514445325,2.129970618433350,-2.429144124663794,-0.397991911691742,0.217765439663813
674,arm_cold,ok,true,0.000004828420173,0.000004005470079,-0.354699524969523,-0.818239964310644,2.963286222646320,-3.745215700839602,-2.224743783442906,0.109744166395638
674,arm_restarts,ok,true,0.000004828420173,0.000004005470079,-0.354699524969523,-0.818239964310644,2.963286222646320,-3.745215700839602,-2.224743783442906,0.109744166395638
674,k_cold,not_converged,false,,,,,,,,
674,k_restarts,not_converged,false,,,,,,,,
675,arm_cold,ok,true,0.000006577852645,0.000001963609608,-2.366868317992947,-1.339451363258524,1.339990724815713,-3.235988143370961,0.482868455478392,-0.929452363523462
675,arm_restarts,ok,true,0.000006577852645,0.000001963609608,-2.366868317992947,-1.339451363258524,1.339990724815713,-3.235988143370961,0.482868455478392,-0.929452363523462
675,k_cold,ok,true,0.000050339418797,0.000147231397749,-2.366868757105332,-1.233562621607235,0.663700855102072,-5.807098200234645,-0.482839690644174,2.212206594637959
675,k_restarts,ok,true,0.000050339418797,0.000147231397749,-2.366868757105332,-1.233562621607235,0.663700855102072,-5.807098200234645,-0.482839690644174,2.212206594637959
676,arm_cold,not_converged,false,0.233891313661753,0.592351395179259,-6.283190000000000,-4.843403956111346,2.149204263053008,-1.791791161262394,-2.668875978179303,0.723568171974385
676,arm_restarts,ok,true,0.000000020085019,0.000000229664359,-0.560640646567976,-4.689070298770681,2.020827334233188,-1.883886402087933,3.606058557792049,-5.627544980071166
676,k_cold,not_converged,false,,,,,,,,
676,k_restarts,ok,true,0.000068122982864,0.000264468421016,-4.272201153118434,5.768503456985238,1.690864334127423,-0.492317546822097,5.508057363293117,-1.621212026141298
677,arm_cold,not_converged,false,0.113887532727120,0.197990615982263,-4.594785830109202,-3.585047465330412,3.141500000000000,-2.411022950312870,2.026760065219599,1.470352031250020
677,arm_restarts,ok,true,0.000067285023515,0.000178656317440,1.476072654272126,-5.709986631696411,2.889695224169023,-6.057146532229711,2.213743641581112,-4.694674254758086
677,k_cold,not_converged,false,,,,,,,,
677,k_restarts,not_converged,false,,,,,,,,
678,arm_cold,ok,true,0.000054415946758,0.000616581862452,0.360852571593904,-0.069894455585693,2.021419551216153,0.272132037754979,-5.707456448750920,5.737351225414905
678,arm_restarts,ok,true,0.000054415946758,0.000616581862452,0.360852571593904,-0.069894455585693,2.021419551216153,0.272132037754979,-5.707456448750920,5.737351225414905
678,k_cold,not_converged,false,,,,,,,,
678,k_restarts,ok,true,0.000097254323779,0.000656241869500,4.688090153623121,-4.861599789928548,2.347454539134858,1.928580887618869,4.041173605551410,-4.909444895918997
679,arm_cold,ok,true,0.000002666958981,0.000023734603975,-1.880243399974240,-2.903458968388544,1.550423240541178,0.580625064939247,-1.032100839417361,-1.633815585514963
679,arm_restarts,ok,true,0.000002666958981,0.000023734603975,-1.880243399974240,-2.903458968388544,1.550423240541178,0.580625064939247,-1.032100839417361,-1.633815585514963
679,k_cold,not_converged,false,,,,,,,,
679,k_restarts,ok,true,0.000059866634400,0.000100491794853,-5.978155975961101,-0.030705068141470,-2.159305097190838,-0.292587575281528,4.920410926774988,0.885659332927183
680,arm_cold,not_converged,false,0.205474847715588,0.161734778599055,5.464651781519344,-4.399224997892550,1.138176358538391,-1.777275019284743,-6.283190000000000,-0.328656231278198
680,arm_restarts,ok,true,0.000009665619113,0.000007274535445,5.144056926306630,-3.986390828612307,0.680996088309936,-2.891491247201840,5.805112392539645,-5.463338917670150
680,k_cold,not_converged,false,,,,,,,,
680,k_restarts,not_converged,false,,,,,,,,
681,arm_cold,ok,true,0.000008087216822,0.000052630482103,-0.803095987768179,-2.060223714296903,2.198116401833316,1.760685694103438,-2.118299111835175,1.119663962180227
681,arm_restarts,ok,true,0.000008087216822,0.000052630482103,-0.803095987768179,-2.060223714296903,2.198116401833316,1.760685694103438,-2.118299111835175,1.119663962180227
681,k_cold,not_converged,false,,,,,,,,
681,k_restarts,not_converged,false,,,,,,,,
682,arm_cold,ok,true,0.000005516831305,0.000006460835291,-1.385675462594173,-2.232374408501712,2.910239637185155,-1.049045675229281,-1.356676279180592,0.956481445210921
682,arm_restarts,ok,true,0.000005516831305,0.000006460835291,-1.385675462594173,-2.232374408501712,2.910239637185155,-1.049045675229281,-1.356676279180592,0.956481445210921
682,k_cold,ok,true,0.000075778216486,0.000191829927931,-1.385782290943224,-2.232470046961896,2.910067947088236,-1.048876358924511,-1.356930774757522,0.956415187351288
682,k_restarts,ok,true,0.000075778216486,0.000191829927931,-1.385782290943224,-2.232470046961896,2.910067947088236,-1.048876358924511,-1.356930774757522,0.956415187351288
683,arm_cold,not_converged,false,0.118042486247292,0.017801848487881,-1.560138343508626,-2.420328912405023,0.526427792693034,0.634320425921399,0.705217828732386,-0.132483690938362
683,arm_restarts,not_converged,false,0.007171736014417,0.011382999264081,-5.317549093777295,5.096179224527016,0.070530788176739,6.247751974740344,2.393719497601520,-2.336812508734154
683,k_cold,not_converged,false,,,,,,,,
683,k_restarts,not_converged,false,,,,,,,,
684,arm_cold,not_converged,false,0.013963051415067,0.001691585333698,-0.755292595400493,-2.964737545957418,0.275808337472191,1.041948105787034,2.949667724977745,-2.497731498839274
684,arm_restarts,ok,true,0.000002552253201,0.000002429025251,-4.284363665318758,5.422927042489899,1.262283360452235,-3.054920739062441,-5.866227761618171,-4.441772639828994
684,k_cold,not_converged,false,,,,,,,,
684,k_restarts,ok,true,0.000051897945684,0.000105643783618,-4.284415190374485,5.709324824953639,0.277096325756364,0.785335415610113,5.866282144825244,-1.300063275380919
685,arm_cold,ok,true,0.000023138673794,0.000007165160608,-0.617701185728920,-4.423580280848979,2.453210081373438,-2.345248115168191,-2.474301990238922,-0.979681025413273
685,arm_restarts,ok,true,0.000023138673794,0.000007165160608,-0.617701185728920,-4.423580280848979,2.453210081373438,-2.345248115168191,-2.474301990238922,-0.979681025413273
685,k_cold,not_converged,false,,,,,,,,
685,k_restarts,ok,true,0.000074533230511,0.000559433058119,-4.461755641442818,0.785811492123126,-2.021024812510003,1.925780655620914,5.173446914954176,2.890480735638802
686,arm_cold,ok,true,0.000020231909438,0.000052719135866,5.901817541191567,-3.586433725316217,0.901060139897252,-0.227420521736191,3.818793042244099,4.266527035279205
686,arm_restarts,ok,true,0.000020231909438,0.000052719135866,5.901817541191567,-3.586433725316217,0.901060139897252,-0.227420521736191,3.818793042244099,4.266527035279205
686,k_cold,not_converged,false,,,,,,,,
686,k_restarts,ok,true,0.000050689897160,0.000069998611951,-3.894545550423812,0.208431787587612,-0.981585373355724,0.607824858452636,5.241304361308412,1.029368622018836
687,arm_cold,ok,true,0.000000134652431,0.000000021425252,2.645373746696598,-1.237748128755217,1.629851741694992,-3.787269703992934,-2.641652193826392,0.946138264750988
687,arm_restarts,ok,true,0.000000134652431,0.000000021425252,2.645373746696598,-1.237748128755217,1.629851741694992,-3.787269703992934,-2.641652193826392,0.946138264750988
687,k_cold,not_converged,false,,,,,,,,
687,k_restarts,not_converged,false,,,,,,,,
688,arm_cold,ok,true,0.000004046256585,0.000000022717169,-1.812095148287379,-0.796909545432985,0.319045034899592,-2.028225764253356,-3.946883320412724,0.821248309384454
688,arm_restarts,ok,true,0.000004046256585,0.000000022717169,-1.812095148287379,-0.796909545432985,0.319045034899592,-2.028225764253356,-3.946883320412724,0.821248309384454
688,k_cold,ok,true,0.000075255039533,0.000209711264457,-1.812055881208888,-0.797458444415832,0.320171994204750,-2.028783708092770,-3.946717588405779,0.821181447604025
688,k_restarts,ok,true,0.000075255039533,0.000209711264457,-1.812055881208888,-0.797458444415832,0.320171994204750,-2.028783708092770,-3.946717588405779,0.821181447604025
689,arm_cold,not_converged,false,0.056407678587434,0.082699795394480,0.695280093523053,-2.883028132232059,3.141500000000000,-2.228990123647364,-4.840580172058275,-2.008134470955507
689,arm_restarts,ok,true,0.000001546029450,0.000001984467411,0.119593722728826,-1.310781506254605,3.002546546935853,-0.456394096662758,-1.633074485223174,-4.603197714159980
689,k_cold,not_converged,false,,,,,,,,
689,k_restarts,ok,true,0.000089165114607,0.000424141074437,-5.687187060108487,0.999570995935097,-2.834714979174218,3.077904791724156,4.807982094416325,1.229620631151064
690,arm_cold,not_converged,false,0.215978820780187,0.349755380973200,0.048321095855353,-2.356468600450949,3.141500000000000,-1.200086344401475,0.939328613426305,0.823839424191458
690,arm_restarts,ok,true,0.000013032598182,0.000014785835630,-4.810029005076786,-0.725370161490796,2.566254244733964,4.357964696769798,-3.910389673208049,-5.550974121908141
690,k_cold,not_converged,false,,,,,,,,
690,k_restarts,ok,true,0.000082388794218,0.000286787053931,-4.809964658371623,6.173437545263995,2.193044007115863,-5.309173868984114,3.910053392009506,-2.409349905789204
691,arm_cold,ok,true,0.000005649644446,0.000030436680415,-3.827632936568503,-3.295321359755844,2.815963712209288,-1.227477246125352,-5.885226583681658,3.072377482809040
691,arm_restarts,ok,true,0.000005649644446,0.000030436680415,-3.827632936568503,-3.295321359755844,2.815963712209288,-1.227477246125352,-5.885226583681658,3.072377482809040
691,k_cold,not_converged,false,,,,,,,,
691,k_restarts,not_converged,false,,,,,,,,
692,arm_cold,not_converged,false,0.079122345720086,0.007905469195135,1.328910392682746,-1.926744822211139,0.022359420937801,-0.205501081777336,-0.244167607197585,5.193001425547985
692,arm_restarts,not_converged,false,0.012255620803772,0.248212388548304,-5.199748152213296,4.352253778204608,0.235257136006940,3.783622065101136,6.283190000000000,-5.296355560630407
692,k_cold,ok,true,0.000053000929270,0.000106774355017,-3.002883102886518,-1.503761999571913,0.517481110303069,-1.910269741716741,-2.061576544415389,0.046068082060456
692,k_restarts,ok,true,0.000053000929270,0.000106774355017,-3.002883102886518,-1.503761999571913,0.517481110303069,-1.910269741716741,-2.061576544415389,0.046068082060456
693,arm_cold,ok,true,0.000014847968561,0.000049762914867,-1.969416299646129,-2.353132185389738,2.873637799384021,-0.265064131227097,-2.336267651791327,-0.256356785260892
693,arm_restarts,ok,true,0.000014847968561,0.000049762914867,-1.969416299646129,-2.353132185389738,2.873637799384021,-0.265064131227097,-2.336267651791327,-0.256356785260892
693,k_cold,ok,true,0.000089112567653,0.000363339434638,-1.965786673474999,-2.350328026527136,2.873011633789835,-0.268536343314204,-2.332711654634962,-0.257994719047263
693,k_restarts,ok,true,0.000089112567653,0.000363339434638,-1.965786673474999,-2.350328026527136,2.873011633789835,-0.268536343314204,-2.332711654634962,-0.257994719047263
694,arm_cold,ok,true,0.000011257318176,0.000000065200647,-2.178715400198047,0.107374264583852,0.139628006647933,-3.332156471751462,-2.815896668709168,-0.985977222307936
694,arm_restarts,ok,true,0.000011257318176,0.000000065200647,-2.178715400198047,0.107374264583852,0.139628006647933,-3.332156471751462,-2.815896668709168,-0.985977222307936
694,k_cold,ok,true,0.000064539143016,0.000029365904223,-2.178713521494637,0.106386922158512,0.141691897287198,-3.333162307299750,-2.815909742500895,-0.985925243034509
694,k_restarts,ok,true,0.000064539143016,0.000029365904223,-2.178713521494637,0.106386922158512,0.141691897287198,-3.333162307299750,-2.815909742500895,-0.985925243034509
695,arm_cold,not_converged,false,0.098330457060303,0.255811722226838,-6.283190000000000,-3.107284596875033,0.759912027336337,3.797641855803462,3.119261174572302,-5.233691894689227
695,arm_restarts,not_converged,false,0.017521391901667,0.002139544830806,2.691026167147073,-0.267073531320902,0.091260381907558,3.297986181635768,-5.949779570443435,2.530189056498923
695,k_cold,not_converged,false,,,,,,,,
695,k_restarts,not_converged,false,,,,,,,,
696,arm_cold,not_converged,false,0.182556847449549,0.285292491564421,0.242976380146241,-3.886889366261773,3.141500000000000,-3.157543162178509,-5.192179018538356,5.445729651282043
696,arm_restarts,ok,true,0.000019617208507,0.000096988827943,-0.585980943319963,-5.111151712745590,2.489594783723590,5.332338239857321,-4.460561029224070,-1.190858660383578
696,k_cold,not_converged,false,,,,,,,,
696,k_restarts,ok,true,0.000054459633894,0.000212508293380,-4.834464752718319,2.029160186452111,-2.675915945359403,-1.323706617236882,5.828663562801303,4.074790501517239
697,arm_cold,ok,true,0.000027085795468,0.000000851104245,0.726851258206439,-5.965909886810408,0.326841915953823,-2.041652578339778,-1.824738746640918,3.434584845911119
697,arm_restarts,ok,true,0.000027085795468,0.000000851104245,0.726851258206439,-5.965909886810408,0.326841915953823,-2.041652578339778,-1.824738746640918,3.434584845911119
697,k_cold,not_converged,false,,,,,,,,
697,k_restarts,ok,true,0.000054197343908,0.000154685815883,-5.556325699446989,0.631022923942901,-0.327314142014338,-1.701366778434381,4.458484110727974,3.434471619875703
698,arm_cold,ok,true,0.000008003838396,0.000070720668966,-0.113118431010938,-3.114038410407041,2.615583499034017,-3.383961554839570,-4.997614356444602,-1.527880938828587
698,arm_restarts,ok,true,0.000008003838396,0.000070720668966,-0.113118431010938,-3.114038410407041,2.615583499034017,-3.383961554839570,-4.997614356444602,-1.527880938828587
698,k_cold,not_converged,false,,,,,,,,
698,k_restarts,ok,true,0.000052921369189,0.000228056860888,-4.726052964571830,4.356302494738711,2.126956472410917,-5.408250853077319,-5.455531549928008,0.465178973378784
699,arm_cold,ok,true,0.000027962118120,0.000025805900121,-0.846236971245303,-0.751038488816954,1.793375174998813,-3.527709999562063,-1.115253869198603,2.856924960569093
699,arm_restarts,ok,true,0.000027962118120,0.000025805900121,-0.846236971245303,-0.751038488816954,1.793375174998813,-3.527709999562063,-1.115253869198603,2.856924960569093
699,k_cold,ok,true,0.000069041900612,0.000196583228633,-0.846303341454430,-0.751161922499133,1.793517994006115,-3.527699102357202,-1.115003431109481,2.856861001409989
699,k_restarts,ok,true,0.000069041900612,0.000196583228633,-0.846303341454430,-0.751161922499133,1.793517994006115,-3.527699102357202,-1.115003431109481,2.856861001409989
700,arm_cold,not_converged,false,0.046327210715221,0.010555252237810,-1.987856927866361,-1.856090144696722,0.038327074210865,0.418980091680447,-2.829356408290911,-1.063102110194963
700,arm_restarts,ok,true,0.000001185931929,0.000005673830932,-1.686213830877551,4.170374709356955,1.023202604623216,3.486988824113100,2.673980055918721,-3.492010574800883
700,k_cold,not_converged,false,,,,,,,,
700,k_restarts,not_converged,false,,,,,,,,
701,arm_cold,ok,true,0.000000626327863,0.000002506349839,-0.766818902672384,-0.945873639390462,2.353619360994091,-1.281441409494487,0.804865775610774,1.233122699218916
701,arm_restarts,ok,true,0.000000626327863,0.000002506349839,-0.766818902672384,-0.945873639390462,2.353619360994091,-1.281441409494487,0.804865775610774,1.233122699218916
701,k_cold,not_converged,false,,,,,,,,
701,k_restarts,ok,true,0.000085929445757,0.000288486085233,3.215766268119147,-4.359466001203759,2.363246015620532,-4.378009250939469,4.783332563688536,-4.956019179632857
702,arm_cold,ok,true,0.000029283866474,0.000243863465424,-1.571761010988960,-1.812862656176535,1.645601459534146,-2.584167946967507,-0.904206216391589,1.595769941024958
702,arm_restarts,ok,true,0.000029283866474,0.000243863465424,-1.571761010988960,-1.812862656176535,1.645601459534146,-2.584167946967507,-0.904206216391589,1.595769941024958
702,k_cold,ok,true,0.000099502028550,0.000945546509054,-1.572114332420767,-1.813055926351664,1.645768722895161,-2.583282324604887,-0.903130540620738,1.594710456026512
702,k_restarts,ok,true,0.000099502028550,0.000945546509054,-1.572114332420767,-1.813055926351664,1.645768722895161,-2.583282324604887,-0.903130540620738,1.594710456026512
703,arm_cold,ok,true,0.000041278302966,0.000002876617731,-2.105843050048274,-0.530588634051579,1.185656731667931,-3.615356131444147,0.777847058160436,0.454266995643675
703,arm_restarts,ok,true,0.000041278302966,0.000002876617731,-2.105843050048274,-0.530588634051579,1.185656731667931,-3.615356131444147,0.777847058160436,0.454266995643675
703,k_cold,ok,true,0.000063387640766,0.000204862809655,-2.105862392746342,-0.672819029107440,0.909236716874275,-0.055160797856163,-0.777664688308754,-2.687305766252663
703,k_restarts,ok,true,0.000063387640766,0.000204862809655,-2.105862392746342,-0.672819029107440,0.909236716874275,-0.055160797856163,-0.777664688308754,-2.687305766252663
704,arm_cold,ok,true,0.000007833529959,0.000026690598754,4.175718080946138,-6.247704783015243,2.669719082957189,-1.247576296949772,-0.847930439617146,-6.093321105418365
704,arm_restarts,ok,true,0.000007833529959,0.000026690598754,4.175718080946138,-6.247704783015243,2.669719082957189,-1.247576296949772,-0.847930439617146,-6.093321105418365
704,k_cold,not_converged,false,,,,,,,,
704,k_restarts,ok,true,0.000064703050611,0.000195709027555,4.174346815513846,-6.247205788648476,2.670137717257093,-1.249835115513350,5.435145770034702,-6.091571480922713
705,arm_cold,ok,true,0.000013846617870,0.000009507279252,-3.506510637511297,-2.105384608670592,2.598164221573997,-2.193459002867721,-1.381396178008781,-1.908461540373467
705,arm_restarts,ok,true,0.000013846617870,0.000009507279252,-3.506510637511297,-2.105384608670592,2.598164221573997,-2.193459002867721,-1.381396178008781,-1.908461540373467
705,k_cold,ok,true,0.000059228718656,0.000067025422309,-3.506500370746348,-2.105568226965501,2.598299880292782,-2.193471378152160,-1.381403063800375,-1.908446061670771
705,k_restarts,ok,true,0.000059228718656,0.000067025422309,-3.506500370746348,-2.105568226965501,2.598299880292782,-2.193471378152160,-1.381403063800375,-1.908446061670771
706,arm_cold,ok,true,0.000000335827880,0.000000890504687,-1.628846487571556,-2.135181703453959,2.469460649910250,-0.050026835688515,-1.587370749802792,1.320654265067600
706,arm_restarts,ok,true,0.000000335827880,0.000000890504687,-1.628846487571556,-2.135181703453959,2.469460649910250,-0.050026835688515,-1.587370749802792,1.320654265067600
706,k_cold,ok,true,0.000078340898887,0.000334819043878,-1.628456645403045,-2.134872340138898,2.469182196258892,-0.050164737728011,-1.587313703886506,1.320557944220607
706,k_restarts,ok,true,0.000078340898887,0.000334819043878,-1.628456645403045,-2.134872340138898,2.469182196258892,-0.050164737728011,-1.587313703886506,1.320557944220607
707,arm_cold,ok,true,0.000010143578585,0.000010426874113,-2.214052402028246,-1.495539502413960,1.467876111727392,-0.865276541633919,-2.108717796694173,2.044007217016657
707,arm_restarts,ok,true,0.000010143578585,0.000010426874113,-2.214052402028246,-1.495539502413960,1.467876111727392,-0.865276541633919,-2.108717796694173,2.044007217016657
707,k_cold,ok,true,0.000094220861534,0.000687259462993,-2.213848826861118,-1.495685771586398,1.468033725688924,-0.865393050606469,-2.108977748899584,2.043545442321153
707,k_restarts,ok,true,0.000094220861534,0.000687259462993,-2.213848826861118,-1.495685771586398,1.468033725688924,-0.865393050606469,-2.108977748899584,2.043545442321153
708,arm_cold,ok,true,0.000003938744328,0.000000001569673,-0.555934429682409,1.137437469649611,0.150695975365186,0.322588056415819,4.649596957236355,0.945009250341601
708,arm_restarts,ok,true,0.000003938744328,0.000000001569673,-0.555934429682409,1.137437469649611,0.150695975365186,0.322588056415819,4.649596957236355,0.945009250341601
708,k_cold,not_converged,false,,,,,,,,
708,k_restarts,not_converged,false,,,,,,,,
709,arm_cold,ok,true,0.000001160696850,0.000004902072249,-4.200952877090409,-2.335905114576604,2.199921634835320,-0.025358862120399,-5.363764425482950,-0.391262529291203
709,arm_restarts,ok,true,0.000001160696850,0.000004902072249,-4.200952877090409,-2.335905114576604,2.199921634835320,-0.025358862120399,-5.363764425482950,-0.391262529291203
709,k_cold,not_converged,false,,,,,,,,
709,k_restarts,not_converged,false,,,,,,,,
710,arm_cold,ok,true,0.000000104238730,0.000000374117807,-2.645552240040290,-1.471079845253878,1.171313162225843,-2.702729108083780,-2.604042410164552,-3.609055998824654
710,arm_restarts,ok,true,0.000000104238730,0.000000374117807,-2.645552240040290,-1.471079845253878,1.171313162225843,-2.702729108083780,-2.604042410164552,-3.609055998824654
710,k_cold,not_converged,false,,,,,,,,
710,k_restarts,not_converged,false,,,,,,,,
711,arm_cold,ok,true,0.000004764543395,0.000031099639887,-0.627295545685897,-2.781050393680673,2.244037964423135,0.283782814311734,0.392705311369264,-1.338202583968747
711,arm_restarts,ok,true,0.000004764543395,0.000031099639887,-0.627295545685897,-2.781050393680673,2.244037964423135,0.283782814311734,0.392705311369264,-1.338202583968747
711,k_cold,ok,true,0.000080465166665,0.000232852330833,-0.627632079277447,-2.813014892043561,2.762883504640392,-3.344762930992598,-0.392602804828072,1.803509603469124
711,k_restarts,ok,true,0.000080465166665,0.000232852330833,-0.627632079277447,-2.813014892043561,2.762883504640392,-3.344762930992598,-0.392602804828072,1.803509603469124
712,arm_cold,ok,true,0.000010918334883,0.000001142639570,-1.606286981440984,-1.309412112512460,0.642335893716461,0.477793826812099,-0.402403839189259,1.236267964831738
712,arm_restarts,ok,true,0.000010918334883,0.000001142639570,-1.606286981440984,-1.309412112512460,0.642335893716461,0.477793826812099,-0.402403839189259,1.236267964831738
712,k_cold,ok,true,0.000055192808828,0.000657115420902,-1.606322143127092,-1.309331590417348,0.642262212589287,0.477465266350897,-0.403056420392244,1.236378371709048
712,k_restarts,ok,true,0.000055192808828,0.000657115420902,-1.606322143127092,-1.309331590417348,0.642262212589287,0.477465266350897,-0.403056420392244,1.236378371709048
713,arm_cold,not_converged,false,0.146636961192272,0.025997579862781,-1.945245875274444,-2.423695310870427,0.663037545582823,1.494487444744343,-2.176063633039604,2.565927669303324
713,arm_restarts,ok,true,0.000029528431438,0.000091162934010,-5.682760017756363,-0.531365651049892,-0.947952650743590,-1.035610222152678,5.863813708727604,5.288994767571864
713,k_cold,ok,true,0.000068279232055,0.000186385230495,0.600413594827418,-1.438003488626959,0.948292235512579,4.257358750901272,-0.419429162300314,5.289615537248781
713,k_restarts,ok,true,0.000068279232055,0.000186385230495,0.600413594827418,-1.438003488626959,0.948292235512579,4.257358750901272,-0.419429162300314,5.289615537248781
714,arm_cold,ok,true,0.000067606043198,0.000151717470154,-2.341627212144043,0.270665249361728,2.247765212978125,-3.886180056672432,-1.394709601611893,-3.233744703108093
714,arm_restarts,ok,true,0.000067606043198,0.000151717470154,-2.341627212144043,0.270665249361728,2.247765212978125,-3.886180056672432,-1.394709601611893,-3.233744703108093
714,k_cold,not_converged,false,,,,,,,,
714,k_restarts,ok,true,0.000089040652931,0.000209586721584,2.032691671545098,1.336903847192291,1.961287575173954,-4.766448132754397,4.464170971840029,-5.111972954437611
715,arm_cold,not_converged,false,0.171772887351178,0.413556395739966,-6.283190000000000,-4.222502165214565,2.400565756573214,-1.658324244969347,-6.178524318791802,0.740896331497641
715,arm_restarts,ok,true,0.000000745074720,0.000001243291022,-0.447524351001920,-3.623371108857198,2.005629955927150,1.360978312681595,-0.137293358908045,-2.479880497794241
715,k_cold,not_converged,false,,,,,,,,
715,k_restarts,ok,true,0.000069042805055,0.000466712297775,-4.284758480585132,1.033860924303606,-2.219020104580556,-1.909143808229963,3.970507215630357,0.439661083991324
716,arm_cold,ok,true,0.000000130664727,0.000000022355513,-2.968400161944090,1.035583748508123,0.554328262744124,0.188814055207614,2.747454980711214,-1.708220259645560
716,arm_restarts,ok,true,0.000000130664727,0.000000022355513,-2.968400161944090,1.035583748508123,0.554328262744124,0.188814055207614,2.747454980711214,-1.708220259645560
716,k_cold,not_converged,false,,,,,,,,
716,k_restarts,ok,true,0.000097693672282,0.000278103409941,3.314894603292540,-4.715900524177619,-0.554995663839427,0.766455491155071,-3.535520326097902,4.575145030232402
717,arm_cold,ok,true,0.000025055168195,0.000005044064914,-3.249442054548776,-1.809196716758080,1.558672151481463,-1.615666394810248,-5.283646814843324,2.669895137089581
717,arm_restarts,ok,true,0.000025055168195,0.000005044064914,-3.249442054548776,-1.809196716758080,1.558672151481463,-1.615666394810248,-5.283646814843324,2.669895137089581
717,k_cold,not_converged,false,,,,,,,,
717,k_restarts,ok,true,0.000080479425478,0.000168026177148,-3.249436104925343,4.979444379836390,0.887707198447878,1.691317213723445,5.283759170132432,-0.471700332533488
718,arm_cold,not_converged,false,0.299805272830223,0.378875203389880,6.283190000000000,0.378509723166326,0.289793276127896,2.247138872939136,-1.175988182401718,-4.180259596119047
718,arm_restarts,ok,true,0.000066567466176,0.000000852540548,-5.906666993033098,-0.122125341853943,0.834547078368843,-0.934668505921531,-5.109423177481154,5.245335235931728
718,k_cold,not_converged,false,,,,,,,,
718,k_restarts,not_converged,false,,,,,,,,
719,arm_cold,ok,true,0.000064557551305,0.000411376293190,-0.001888567740716,1.217599920955538,2.233182071885821,-3.378881085847839,1.062138266145690,-0.362491193158772
719,arm_restarts,ok,true,0.000064557551305,0.000411376293190,-0.001888567740716,1.217599920955538,2.233182071885821,-3.378881085847839,1.062138266145690,-0.362491193158772
719,k_cold,not_converged,false,,,,,,,,
719,k_restarts,not_converged,false,,,,,,,,
720,arm_cold,not_converged,false,0.305918457713712,0.524075559337803,-0.993166764257048,-4.029989096516072,3.141500000000000,-1.954558408965009,-2.843786184829499,1.063334274752676
720,arm_restarts,ok,true,0.000000182320471,0.000000476292423,3.215620215470010,-4.705251328034066,2.195425854188001,-0.357187958498325,5.394699786944267,-6.196696991065187
720,k_cold,ok,true,0.000069629159645,0.000142789669190,-0.785757874077649,-0.710633827077543,2.619015361628072,-3.433679806376449,-2.929353745842922,1.879668994298390
720,k_restarts,ok,true,0.000069629159645,0.000142789669190,-0.785757874077649,-0.710633827077543,2.619015361628072,-3.433679806376449,-2.929353745842922,1.879668994298390
721,arm_cold,ok,true,0.000000389349325,0.000000968652388,-4.272202665215181,-2.437319226583131,1.633832821864413,-0.991602441788447,-1.561549948899370,-0.590832128426072
721,arm_restarts,ok,true,0.000000389349325,0.000000968652388,-4.272202665215181,-2.437319226583131,1.633832821864413,-0.991602441788447,-1.561549948899370,-0.590832128426072
721,k_cold,ok,true,0.000065691976132,0.000147431100821,-4.930712917222203,-2.563326584343443,1.562539834886935,-0.742891987651910,-1.427023802491248,-1.237950321620883
721,k_restarts,ok,true,0.000065691976132,0.000147431100821,-4.930712917222203,-2.563326584343443,1.562539834886935,-0.742891987651910,-1.427023802491248,-1.237950321620883
722,arm_cold,ok,true,0.000002709334366,0.000013874593556,0.169489613710489,-2.229344126561583,1.558008560785681,-1.939609807037837,-3.382523678984927,-2.401257293232467
722,arm_restarts,ok,true,0.000002709334366,0.000013874593556,0.169489613710489,-2.229344126561583,1.558008560785681,-1.939609807037837,-3.382523678984927,-2.401257293232467
722,k_cold,not_converged,false,,,,,,,,
722,k_restarts,ok,true,0.000096582498098,0.000187690642073,-6.113586982573346,-1.038904633992906,-0.705054312187684,2.273654694996227,3.382703581636402,0.739445020650470
723,arm_cold,not_converged,false,0.200499934875913,0.006955354609416,-2.275032059324962,0.878313471732796,-0.127384605782680,1.759351433568391,-2.803641727163597,1.628317366686660
723,arm_restarts,not_converged,false,0.078501158139985,0.030830005604049,-5.041620760157162,-3.947680324748288,-0.249381721824336,-0.132610087001812,-0.223204124742910,-2.851553153908200
723,k_cold,ok,true,0.000070818370970,0.000040260484771,-2.296470709320462,0.738524861901074,0.168754378968116,-1.521417277305784,-3.498633501909800,-1.496116048225568
723,k_restarts,ok,true,0.000070818370970,0.000040260484771,-2.296470709320462,0.738524861901074,0.168754378968116,-1.521417277305784,-3.498633501909800,-1.496116048225568
724,arm_cold,not_converged,false,0.397178275218504,0.703412443121628,-2.835885177836170,-3.930013538913620,3.141500000000000,-1.240478698393934,-1.760474301254929,-3.184993381603223
724,arm_restarts,ok,true,0.000000068803405,0.000000105503488,-5.347503628677771,0.934202886457399,2.312067655105099,-1.981181630025354,-4.724441679221820,3.694161342974219
724,k_cold,not_converged,false,,,,,,,,
724,k_restarts,not_converged,false,,,,,,,,
725,arm_cold,ok,true,0.000084617181435,0.000268012417721,-1.496358775201026,-3.014379327967872,1.524508698692891,-2.387803644215297,-3.917565452620574,0.308374675504058
725,arm_restarts,ok,true,0.000084617181435,0.000268012417721,-1.496358775201026,-3.014379327967872,1.524508698692891,-2.387803644215297,-3.917565452620574,0.308374675504058
725,k_cold,not_converged,false,,,,,,,,
725,k_restarts,ok,true,0.000059394873306,0.000155095959748,-5.208351822862772,-0.283863930752505,-1.415704902720347,0.019238913068411,5.790533417191482,-0.564055130622856
726,arm_cold,not_converged,false,0.301140990964337,0.782953267649226,6.283190000000000,-2.662610651933928,1.388414220558144,3.392345078086514,3.123139689104787,-2.009660303072173
726,arm_restarts,ok,true,0.000009820713467,0.000077961729493,-3.010304593314444,4.953936057448575,1.001220781551813,3.350757908754224,0.622930464325838,-1.042028353060611
726,k_cold,not_converged,false,,,,,,,,
726,k_restarts,not_converged,false,,,,,,,,
727,arm_cold,ok,true,0.000000805588936,0.000001575703279,-1.162353827512407,-2.943576696634290,2.265829485387228,0.059108371237261,-3.183744225928067,-0.955910209277516
727,arm_restarts,ok,true,0.000000805588936,0.000001575703279,-1.162353827512407,-2.943576696634290,2.265829485387228,0.059108371237261,-3.183744225928067,-0.955910209277516
727,k_cold,not_converged,false,,,,,,,,
727,k_restarts,not_converged,false,,,,,,,,
728,arm_cold,ok,true,0.000000242218630,0.000000003605592,-1.122424238010787,-1.432689425686196,0.897947359577790,-2.525025300420272,-1.085738308783219,2.959176370365663
728,arm_restarts,ok,true,0.000000242218630,0.000000003605592,-1.122424238010787,-1.432689425686196,0.897947359577790,-2.525025300420272,-1.085738308783219,2.959176370365663
728,k_cold,ok,true,0.000083095468951,0.000171008109835,-1.122452115813451,-1.432909739672007,0.898402071695543,-2.525242549674838,-1.085540779218350,2.959151158731446
728,k_restarts,ok,true,0.000083095468951,0.000171008109835,-1.122452115813451,-1.432909739672007,0.898402071695543,-2.525242549674838,-1.085540779218350,2.959151158731446
729,arm_cold,ok,true,0.000073548182628,0.000156664295417,-0.763959034072556,0.082884103714520,1.935023723633322,-4.457733068860652,4.908524085884812,-1.986224925050669
729,arm_restarts,ok,true,0.000073548182628,0.000156664295417,-0.763959034072556,0.082884103714520,1.935023723633322,-4.457733068860652,4.908524085884812,-1.986224925050669
729,k_cold,not_converged,false,,,,,,,,
729,k_restarts,ok,true,0.000082052100749,0.000451402265198,3.173752126978111,-4.615738614418165,1.960024249120736,-4.389803495099763,5.123142737195780,-4.600734782191402
730,arm_cold,not_converged,false,0.086285552249395,0.245473726032968,-6.283190000000000,-4.565506214282391,1.746175122667235,-4.233370176365219,-5.118798061259970,-5.681626988399370
730,arm_restarts,ok,true,0.000000572311414,0.000000087339933,-0.258947646156051,-4.916459004714718,1.714283511080901,-0.718636819898470,-1.152636922461385,-2.531962336281119
730,k_cold,not_converged,false,,,,,,,,
730,k_restarts,not_converged,false,,,,,,,,
731,arm_cold,ok,true,0.000000154717951,0.000000179394985,-2.547565188047579,-5.445720933429747,2.204881359330094,-3.038532765095508,-1.300431562800485,-5.045721452887428
731,arm_restarts,ok,true,0.000000154717951,0.000000179394985,-2.547565188047579,-5.445720933429747,2.204881359330094,-3.038532765095508,-1.300431562800485,-5.045721452887428
731,k_cold,not_converged,false,,,,,,,,
731,k_restarts,ok,true,0.000058659811149,0.000646397361910,3.735560085604128,-5.445848675514384,2.204866603300514,-3.038259037525343,4.982967057720672,-5.046328037952323
732,arm_cold,ok,true,0.000001121838605,0.000005489952584,-1.226934812739366,-0.489733135886289,2.745704640276234,-1.005691948437746,-0.647642814784942,-1.473587507024370
732,arm_restarts,ok,true,0.000001121838605,0.000005489952584,-1.226934812739366,-0.489733135886289,2.745704640276234,-1.005691948437746,-0.647642814784942,-1.473587507024370
732,k_cold,not_converged,false,,,,,,,,
732,k_restarts,not_converged,false,,,,,,,,
733,arm_cold,ok,true,0.000000242526171,0.000000620328436,-0.885371262042562,-3.641100781488598,2.380355345149496,-0.790834690238306,-0.790936373714964,-0.252927928600966
733,arm_restarts,ok,true,0.000000242526171,0.000000620328436,-0.885371262042562,-3.641100781488598,2.380355345149496,-0.790834690238306,-0.790936373714964,-0.252927928600966
733,k_cold,not_converged,false,,,,,,,,
733,k_restarts,ok,true,0.000077682300193,0.000242543498829,-5.392243308773315,0.173587702983396,-2.721934127887924,0.199659863561435,4.228358967354544,1.121081341080813
734,arm_cold,ok,true,0.000081625350372,0.000346727099238,-1.153698856172298,-4.593181361580855,2.313271314003378,-0.860960861867342,-0.019890705030311,1.843331533408730
734,arm_restarts,ok,true,0.000081625350372,0.000346727099238,-1.153698856172298,-4.593181361580855,2.313271314003378,-0.860960861867342,-0.019890705030311,1.843331533408730
734,k_cold,not_converged,false,,,,,,,,
734,k_restarts,ok,true,0.000030709548378,0.000699130614094,-5.121460585221525,1.451699490413489,-2.313936184408127,-2.278509568777867,3.948142593571899,1.845353632801381
735,arm_cold,ok,true,0.000002330430724,0.000002830632195,-2.505129387748147,-3.518459361572303,3.045197941094886,-4.693546157414810,-0.134004447178514,0.996533190381561
735,arm_restarts,ok,true,0.000002330430724,0.000002830632195,-2.505129387748147,-3.518459361572303,3.045197941094886,-4.693546157414810,-0.134004447178514,0.996533190381561
735,k_cold,not_converged,false,,,,,,,,
735,k_restarts,ok,true,0.000067066242632,0.000811045247101,-0.919022349521666,5.798796673818545,2.676171548375538,0.829356598234685,-1.526588237195767,-1.027332438540157
736,arm_cold,ok,true,0.000025462788025,0.000185933942600,1.383617751008769,1.222822009905748,1.260916882381958,-3.241453591894263,-3.935148652266852,-1.824114239989509
736,arm_restarts,ok,true,0.000025462788025,0.000185933942600,1.383617751008769,1.222822009905748,1.260916882381958,-3.241453591894263,-3.935148652266852,-1.824114239989509
736,k_cold,not_converged,false,,,,,,,,
736,k_restarts,not_converged,false,,,,,,,,
737,arm_cold,ok,true,0.000028063776198,0.000153000733879,-0.500390152356743,-4.737832546594646,0.749955143016659,-5.343714975037948,4.989673921195654,0.362598733827653
737,arm_restarts,ok,true,0.000028063776198,0.000153000733879,-0.500390152356743,-4.737832546594646,0.749955143016659,-5.343714975037948,4.989673921195654,0.362598733827653
737,k_cold,not_converged,false,,,,,,,,
737,k_restarts,ok,true,0.000062548823811,0.000093755435364,-4.661510291463664,1.960515366194000,-1.620302307335065,-0.661893331822267,3.428333917793660,3.220581598062944
738,arm_cold,ok,true,0.000093717131812,0.000756974006486,0.813545238858271,-2.946477612694215,2.282429990664753,-1.212318106885007,-2.099774411019379,1.104898477034501
738,arm_restarts,ok,true,0.000093717131812,0.000756974006486,0.813545238858271,-2.946477612694215,2.282429990664753,-1.212318106885007,-2.099774411019379,1.104898477034501
738,k_cold,not_converged,false,,,,,,,,
738,k_restarts,not_converged,false,,,,,,,,
739,arm_cold,ok,true,0.000000290698396,0.000002659440815,0.680741917274725,-0.912091496029601,1.542456079972740,1.439574299796282,-0.246612167389904,-4.535203364449313
739,arm_restarts,ok,true,0.000000290698396,0.000002659440815,0.680741917274725,-0.912091496029601,1.542456079972740,1.439574299796282,-0.246612167389904,-4.535203364449313
739,k_cold,ok,true,0.000051576109837,0.000224986574391,-1.925939058999933,-3.480462986689936,1.770902281834850,2.055321465447574,-2.456848531407202,-2.180029572674011
739,k_restarts,ok,true,0.000051576109837,0.000224986574391,-1.925939058999933,-3.480462986689936,1.770902281834850,2.055321465447574,-2.456848531407202,-2.180029572674011
740,arm_cold,ok,true,0.000029296276048,0.000136996750736,-2.057699744785980,-2.949554585022648,1.657512717799384,-1.643093575109676,-3.539342910846406,-0.977030627092305
740,arm_restarts,ok,true,0.000029296276048,0.000136996750736,-2.057699744785980,-2.949554585022648,1.657512717799384,-1.643093575109676,-3.539342910846406,-0.977030627092305
740,k_cold,not_converged,false,,,,,,,,
740,k_restarts,ok,true,0.000093679312731,0.000121341223213,-6.068090550894041,-0.668172429214894,-0.973482615893123,1.813200151395533,5.798480813194888,1.821629883587536
741,arm_cold,ok,true,0.000025254205124,0.000141722284357,-3.644565707672945,-5.247200391661562,1.444081308049634,-5.082364646092318,2.402144128988721,-5.004589623987830
741,arm_restarts,ok,true,0.000025254205124,0.000141722284357,-3.644565707672945,-5.247200391661562,1.444081308049634,-5.082364646092318,2.402144128988721,-5.004589623987830
741,k_cold,not_converged,false,,,,,,,,
741,k_restarts,ok,true,0.000069764040890,0.000152311505059,-3.046858465672468,-5.838641225148534,2.023173473660246,4.185178809428188,-1.860220475198009,-2.169232160755231
742,arm_cold,not_converged,false,0.088204041243107,1.729697313949623,-0.651637098654264,-0.460890438815481,0.919996499374017,6.283190000000000,-6.283190000000000,6.283190000000000
742,arm_restarts,ok,true,0.000002937528001,0.000011933512276,5.575475222679523,0.524716101385349,-1.272646681116406,-5.147984301979157,-0.129359098957315,-4.481647497321369
742,k_cold,ok,true,0.000064326133344,0.000412300657989,-0.707766498321662,-0.689005133428941,1.273596224318208,-0.200107149149712,-0.129624428694266,1.804442125487920
742,k_restarts,ok,true,0.000064326133344,0.000412300657989,-0.707766498321662,-0.689005133428941,1.273596224318208,-0.200107149149712,-0.129624428694266,1.804442125487920
743,arm_cold,ok,true,0.000000030493902,0.000000018834083,-2.601238165848213,-1.155992430442828,2.345510765103858,-0.055534695295541,-1.489152703979842,1.638614743360505
743,arm_restarts,ok,true,0.000000030493902,0.000000018834083,-2.601238165848213,-1.155992430442828,2.345510765103858,-0.055534695295541,-1.489152703979842,1.638614743360505
743,k_cold,ok,true,0.000053623434586,0.000299391002619,-2.601089057318237,-1.156053640038301,2.345542613546606,-0.055276614291703,-1.489295954609426,1.638459508491738
743,k_restarts,ok,true,0.000053623434586,0.000299391002619,-2.601089057318237,-1.156053640038301,2.345542613546606,-0.055276614291703,-1.489295954609426,1.638459508491738
744,arm_cold,ok,true,0.000050245140796,0.000527833953189,-2.768192129133348,-2.113948023831955,1.365366937439346,-0.970923829026780,-1.352948246570807,1.739657912073150
744,arm_restarts,ok,true,0.000050245140796,0.000527833953189,-2.768192129133348,-2.113948023831955,1.365366937439346,-0.970923829026780,-1.352948246570807,1.739657912073150
744,k_cold,ok,true,0.000082952655018,0.000360981026011,-2.768205032896576,-2.113947669599357,1.365293013696810,-0.970297880343803,-1.353110572283527,1.739139872965518
744,k_restarts,ok,true,0.000082952655018,0.000360981026011,-2.768205032896576,-2.113947669599357,1.365293013696810,-0.970297880343803,-1.353110572283527,1.739139872965518
745,arm_cold,ok,true,0.000059661361588,0.000113085036432,2.580584758716387,-6.071539002293679,2.326842586065917,-0.737869317899839,4.937887274722375,-5.022343979079182
745,arm_restarts,ok,true,0.000059661361588,0.000113085036432,2.580584758716387,-6.071539002293679,2.326842586065917,-0.737869317899839,4.937887274722375,-5.022343979079182
745,k_cold,not_converged,false,,,,,,,,
745,k_restarts,ok,true,0.000058926459972,0.000147582145895,2.639235214389820,-6.088834909999572,2.317675476618120,-0.698705756874120,4.924033263942388,-5.080800220515497
746,arm_cold,not_converged,false,0.157971509878465,0.364475111523650,0.796913624013231,-6.283190000000000,1.788792119004548,-4.202308283179172,-4.031256114944619,2.855200241819311
746,arm_restarts,ok,true,0.000000075109894,0.000000006454044,-1.833052861141865,-4.413367697151250,1.676033758286107,-0.691312519352326,-1.375081635071405,-3.604024246098934
746,k_cold,not_converged,false,,,,,,,,
746,k_restarts,ok,true,0.000095692209597,0.000532200607849,-5.484773707261950,5.959282795930973,1.701467463140387,-4.154341747282682,-4.032321196261095,-3.425400159555114
747,arm_cold,not_converged,false,0.269055957907011,0.214509990863578,2.163186490570207,-5.577562688341367,3.066956169323483,-4.027206921628101,-6.283190000000000,0.503294779572098
747,arm_restarts,ok,true,0.000001288190305,0.000000986110854,-0.968840483609491,-4.905689503604917,3.062553655797494,2.202983169609652,2.989025438998225,-5.815690901005316
747,k_cold,not_converged,false,,,,,,,,
747,k_restarts,not_converged,false,,,,,,,,
748,arm_cold,ok,true,0.000051324119269,0.000145442795628,1.068839447692552,-5.723239814182866,2.566838635872527,-0.161175485065724,-5.240722856324497,-3.931527672868738
748,arm_restarts,ok,true,0.000051324119269,0.000145442795628,1.068839447692552,-5.723239814182866,2.566838635872527,-0.161175485065724,-5.240722856324497,-3.931527672868738
748,k_cold,not_converged,false,,,,,,,,
748,k_restarts,not_converged,false,,,,,,,,
749,arm_cold,not_converged,false,0.474684211173429,0.063215470413101,-0.887206469396429,6.283190000000000,1.350113753559688,-6.283190000000000,-2.204634402735105,5.539214643640835
749,arm_restarts,ok,true,0.000000295452194,0.000000432451388,3.826063676621911,1.481337876123010,0.790734058349410,-3.189850466805237,1.795839917962424,4.142692234733510
749,k_cold,not_converged,false,,,,,,,,
749,k_restarts,not_converged,false,,,,,,,,
750,arm_cold,ok,true,0.000025502426755,0.000104104381570,0.133650135323023,-2.912674682507805,2.486843324999856,-0.111175577395617,-1.139839370402448,-1.114529160813069
750,arm_restarts,ok,true,0.000025502426755,0.000104104381570,0.133650135323023,-2.912674682507805,2.486843324999856,-0.111175577395617,-1.139839370402448,-1.114529160813069
750,k_cold,not_converged,false,,,,,,,,
750,k_restarts,ok,true,0.000055076928917,0.000047529261991,-6.066807575913100,-0.626641536796781,-2.494657886234422,2.562535894800991,5.213968784727738,-1.066221220903540
751,arm_cold,ok,true,0.000000082057353,0.000000036834785,-2.432758721318624,-0.166572000719066,1.930613245962910,-2.584682915037209,-4.334489199647417,-1.416389641100060
751,arm_restarts,ok,true,0.000000082057353,0.000000036834785,-2.432758721318624,-0.166572000719066,1.930613245962910,-2.584682915037209,-4.334489199647417,-1.416389641100060
751,k_cold,ok,true,0.000075544305478,0.000413528915033,-2.432629572893314,0.153479923350028,1.237422034509884,0.930172502933699,-1.949169478389823,1.725149780401521
751,k_restarts,ok,true,0.000075544305478,0.000413528915033,-2.432629572893314,0.153479923350028,1.237422034509884,0.930172502933699,-1.949169478389823,1.725149780401521
752,arm_cold,ok,true,0.000018083305801,0.000000901923361,-1.165852130014767,1.371837169046506,0.342215014982080,2.852642264718867,-1.548868492098464,-6.241271492583905
752,arm_restarts,ok,true,0.000018083305801,0.000000901923361,-1.165852130014767,1.371837169046506,0.342215014982080,2.852642264718867,-1.548868492098464,-6.241271492583905
752,k_cold,not_converged,false,,,,,,,,
752,k_restarts,ok,true,0.000054055326053,0.000252885022896,5.117711877495390,-4.851687539707961,-0.300732411614350,-5.988875788304473,-4.734071924272383,3.183714356636971
753,arm_cold,ok,true,0.000000498762354,0.000001617675695,-1.615311368288162,-1.644817748144510,1.729225096110799,-0.478172084692338,-1.771980112066424,1.007889496043189
753,arm_restarts,ok,true,0.000000498762354,0.000001617675695,-1.615311368288162,-1.644817748144510,1.729225096110799,-0.478172084692338,-1.771980112066424,1.007889496043189
753,k_cold,ok,true,0.000057784182883,0.000401109593432,-1.615214298050438,-1.644794489854836,1.729068420659984,-0.478278656534945,-1.772162906758533,1.007712724172176
753,k_restarts,ok,true,0.000057784182883,0.000401109593432,-1.615214298050438,-1.644794489854836,1.729068420659984,-0.478278656534945,-1.772162906758533,1.007712724172176
754,arm_cold,ok,true,0.000020227569257,0.000021218869945,1.975029786522002,-1.453053074237823,1.291949445863847,4.113586725622589,2.326546998936728,-5.661554561997859
754,arm_restarts,ok,true,0.000020227569257,0.000021218869945,1.975029786522002,-1.453053074237823,1.291949445863847,4.113586725622589,2.326546998936728,-5.661554561997859
754,k_cold,not_converged,false,,,,,,,,
754,k_restarts,not_converged,false,,,,,,,,
755,arm_cold,ok,true,0.000026788565023,0.000194085659048,-0.863372654099473,0.873020687968994,1.005870837382026,-4.565263885883565,-2.566738084439731,0.966201330203960
755,arm_restarts,ok,true,0.000026788565023,0.000194085659048,-0.863372654099473,0.873020687968994,1.005870837382026,-4.565263885883565,-2.566738084439731,0.966201330203960
755,k_cold,not_converged,false,,,,,,,,
755,k_restarts,ok,true,0.000019850997712,0.000815235932374,3.467350207802985,-4.806317744354845,0.871995993621316,1.172550831771205,5.584797173100702,-6.003401599019318
756,arm_cold,ok,true,0.000000013958444,0.000000028481392,-3.073754187677225,-1.036335482575053,1.613539812822994,-0.281964427704751,-1.472947689955253,0.720874214643873
756,arm_restarts,ok,true,0.000000013958444,0.000000028481392,-3.073754187677225,-1.036335482575053,1.613539812822994,-0.281964427704751,-1.472947689955253,0.720874214643873
756,k_cold,ok,true,0.000073229250824,0.000209659459173,-3.073747393204412,-1.036481282988080,1.613765628339062,-0.282035514660532,-1.473026545370809,0.720680082666473
756,k_restarts,ok,true,0.000073229250824,0.000209659459173,-3.073747393204412,-1.036481282988080,1.613765628339062,-0.282035514660532,-1.473026545370809,0.720680082666473
757,arm_cold,not_converged,false,0.211328434055252,0.330017952363942,2.045899176596726,-6.283190000000000,3.141500000000000,-4.173464155653447,4.455855785362125,-5.122320678169967
757,arm_restarts,ok,true,0.000072984553593,0.000590996180722,1.478285840856965,-3.111520587011984,2.646708023627571,-0.452370351952923,4.055986615272456,-5.603125575075334
757,k_cold,not_converged,false,,,,,,,,
757,k_restarts,not_converged,false,,,,,,,,
758,arm_cold,ok,true,0.000008874010617,0.000038419955647,-3.496682767659687,-1.910249296320726,1.004330687960738,2.023162383155579,-1.859677285914814,1.915794489202137
758,arm_restarts,ok,true,0.000008874010617,0.000038419955647,-3.496682767659687,-1.910249296320726,1.004330687960738,2.023162383155579,-1.859677285914814,1.915794489202137
758,k_cold,ok,true,0.000077036161621,0.000507217237548,-3.493006050409805,-1.909639008619085,1.004139173140306,2.022292724087023,-1.858163309809633,1.912385458388044
758,k_restarts,ok,true,0.000077036161621,0.000507217237548,-3.493006050409805,-1.909639008619085,1.004139173140306,2.022292724087023,-1.858163309809633,1.912385458388044
759,arm_cold,ok,true,0.000000064033778,0.000000167219497,-1.417330749756278,-5.936864827411866,2.836845738169900,-1.211564280245378,-3.363617440375128,-2.981557170259203
759,arm_restarts,ok,true,0.000000064033778,0.000000167219497,-1.417330749756278,-5.936864827411866,2.836845738169900,-1.211564280245378,-3.363617440375128,-2.981557170259203
759,k_cold,not_converged,false,,,,,,,,
759,k_restarts,ok,true,0.000058563642752,0.000366443034764,-0.297080503432429,-5.467222751042508,-3.010021961263186,-4.307182496436694,-1.925961747691722,1.244106468879734
760,arm_cold,ok,true,0.000000084255588,0.000000392162719,-2.526533258792273,-2.894131223739745,2.206608565017030,2.125990904149918,-2.431341665853584,0.057406650306336
760,arm_restarts,ok,true,0.000000084255588,0.000000392162719,-2.526533258792273,-2.894131223739745,2.206608565017030,2.125990904149918,-2.431341665853584,0.057406650306336
760,k_cold,ok,true,0.000056917411925,0.000474374044512,-0.528985974223387,-1.841331144237674,1.838037488305414,0.782561830104571,-1.167417736537885,-1.709021859591721
760,k_restarts,ok,true,0.000056917411925,0.000474374044512,-0.528985974223387,-1.841331144237674,1.838037488305414,0.782561830104571,-1.167417736537885,-1.709021859591721
761,arm_cold,ok,true,0.000037158949507,0.000032106308108,-2.921323474258506,-1.390237223972024,0.602123555798288,0.231346906170598,0.223894686289841,0.326518942510397
761,arm_restarts,ok,true,0.000037158949507,0.000032106308108,-2.921323474258506,-1.390237223972024,0.602123555798288,0.231346906170598,0.223894686289841,0.326518942510397
761,k_cold,ok,true,0.000063016076762,0.000191097658116,-2.921336679342271,-1.390346168827354,0.602282015285221,0.231273809078318,0.223845515912895,0.326356372849514
761,k_restarts,ok,true,0.000063016076762,0.000191097658116,-2.921336679342271,-1.390346168827354,0.602282015285221,0.231273809078318,0.223845515912895,0.326356372849514
762,arm_cold,ok,true,0.000007249490835,0.000000009614331,-2.548451307781021,-0.478188977927362,0.541831982795027,-0.163768938317337,-1.528106455734831,1.892187023101262
762,arm_restarts,ok,true,0.000007249490835,0.000000009614331,-2.548451307781021,-0.478188977927362,0.541831982795027,-0.163768938317337,-1.528106455734831,1.892187023101262
762,k_cold,ok,true,0.000063727780198,0.000235313751660,-2.548434634960197,-0.478384554334071,0.542217726362272,-0.163864651950670,-1.528247460070424,1.892037638392663
762,k_restarts,ok,true,0.000063727780198,0.000235313751660,-2.548434634960197,-0.478384554334071,0.542217726362272,-0.163864651950670,-1.528247460070424,1.892037638392663
763,arm_cold,ok,true,0.000000388174672,0.000000115005834,2.025066492290196,-1.432056703552989,1.507144539406746,-3.279594602941974,-1.700305050117768,3.419328194276174
763,arm_restarts,ok,true,0.000000388174672,0.000000115005834,2.025066492290196,-1.432056703552989,1.507144539406746,-3.279594602941974,-1.700305050117768,3.419328194276174
763,k_cold,not_converged,false,,,,,,,,
763,k_restarts,not_converged,false,,,,,,,,
764,arm_cold,not_converged,false,0.003039650365621,0.000863650969440,-5.326729617098136,-4.122152246604823,0.101961415017667,-5.547004288232411,5.374198673709497,-5.926183122548496
764,arm_restarts,ok,true,0.000038378585068,0.000016652359624,3.576835990803836,-5.485090361106936,0.304619967187002,2.333555542508736,2.743301741918642,-5.741856600919829
764,k_cold,not_converged,false,,,,,,,,
764,k_restarts,not_converged,false,,,,,,,,
765,arm_cold,ok,true,0.000009051602307,0.000048253816486,-1.603301646076580,-3.436678985355615,2.198195650484692,0.224134985628036,0.186073539638489,-0.123612131580012
765,arm_restarts,ok,true,0.000009051602307,0.000048253816486,-1.603301646076580,-3.436678985355615,2.198195650484692,0.224134985628036,0.186073539638489,-0.123612131580012
765,k_cold,ok,true,0.000064453566097,0.000128326494567,-1.603434274667566,-3.399873829568600,2.708663722490525,2.818350806657862,-0.186066050529101,-3.265120590665106
765,k_restarts,ok,true,0.000064453566097,0.000128326494567,-1.603434274667566,-3.399873829568600,2.708663722490525,2.818350806657862,-0.186066050529101,-3.265120590665106
766,arm_cold,ok,true,0.000015887190404,0.000129338680198,0.233741617832282,-2.195408612813877,2.428374300336718,-0.845627537697011,-2.702857977045752,-0.539574664281051
766,arm_restarts,ok,true,0.000015887190404,0.000129338680198,0.233741617832282,-2.195408612813877,2.428374300336718,-0.845627537697011,-2.702857977045752,-0.539574664281051
766,k_cold,not_converged,false,,,,,,,,
766,k_restarts,ok,true,0.000052652359547,0.000236388265549,-6.049265732470170,4.807171457590239,2.488406498957136,-4.766508551677023,-3.580697198272115,2.602097808470369
767,arm_cold,ok,true,0.000014706288776,0.000037571522678,1.867600644532344,-2.550912466146290,2.364963727755031,2.839196086401319,-1.520545698566510,-2.462359457253099
767,arm_restarts,ok,true,0.000014706288776,0.000037571522678,1.867600644532344,-2.550912466146290,2.364963727755031,2.839196086401319,-1.520545698566510,-2.462359457253099
767,k_cold,not_converged,false,,,,,,,,
767,k_restarts,not_converged,false,,,,,,,,
768,arm_cold,ok,true,0.000005129236459,0.000000081743995,-2.061888501756718,-0.796780646561674,0.513779562971120,-3.822462167338465,-0.379965198951486,-0.899888139400302
768,arm_restarts,ok,true,0.000005129236459,0.000000081743995,-2.061888501756718,-0.796780646561674,0.513779562971120,-3.822462167338465,-0.379965198951486,-0.899888139400302
768,k_cold,ok,true,0.000058318267319,0.000149142213886,-2.061898739757285,-0.797204980633757,0.514686852449267,-3.822583630957847,-0.379978611641346,-0.900262411811194
768,k_restarts,ok,true,0.000058318267319,0.000149142213886,-2.061898739757285,-0.797204980633757,0.514686852449267,-3.822583630957847,-0.379978611641346,-0.900262411811194
769,arm_cold,ok,true,0.000082219001736,0.000428761280423,-1.275044516127554,-3.878548645979139,1.642351902749200,-1.218162821883736,4.124455747431080,-5.588549556058423
769,arm_restarts,ok,true,0.000082219001736,0.000428761280423,-1.275044516127554,-3.878548645979139,1.642351902749200,-1.218162821883736,4.124455747431080,-5.588549556058423
769,k_cold,not_converged,false,,,,,,,,
769,k_restarts,not_converged,false,,,,,,,,
770,arm_cold,ok,true,0.000000125868929,0.000000048253863,-3.156711713719965,-2.056004010175234,2.099081824962812,-1.800304045882456,-1.101128657849561,-1.778533596230062
770,arm_restarts,ok,true,0.000000125868929,0.000000048253863,-3.156711713719965,-2.056004010175234,2.099081824962812,-1.800304045882456,-1.101128657849561,-1.778533596230062
770,k_cold,ok,true,0.000094135195728,0.000169432768068,-3.156710889652602,-2.056280082213777,2.099336043978228,-1.800469061811577,-1.101160964390748,-1.778454553104329
770,k_restarts,ok,true,0.000094135195728,0.000169432768068,-3.156710889652602,-2.056280082213777,2.099336043978228,-1.800469061811577,-1.101160964390748,-1.778454553104329
771,arm_cold,not_converged,false,0.142098912473875,0.248373435448559,-4.810093615896664,-3.449974243211808,3.141500000000000,-2.155161965658902,2.206293743571036,3.901695467165653
771,arm_restarts,ok,true,0.000015544383908,0.000077977564227,-5.716452554821880,6.123241748080223,2.876506330887035,-0.892322911454237,3.870107516307436,-4.284993793165981
771,k_cold,not_converged,false,,,,,,,,
771,k_restarts,ok,true,0.000055188954324,0.000417789646463,-5.215639436079521,1.448909570133202,-2.820426425789782,2.624212149948291,3.887424619667809,1.242901263581662
772,arm_cold,ok,true,0.000027701536623,0.000071369004843,-0.805104182225342,-4.617217060830150,2.281519094864180,4.751899827714848,-0.647122487582381,-2.077961531708968
772,arm_restarts,ok,true,0.000027701536623,0.000071369004843,-0.805104182225342,-4.617217060830150,2.281519094864180,4.751899827714848,-0.647122487582381,-2.077961531708968
772,k_cold,not_converged,false,,,,,,,,
772,k_restarts,not_converged,false,,,,,,,,
773,arm_cold,ok,true,0.000000043375497,0.000000145642299,-1.008148569352994,-2.157267763995882,1.590402143745229,0.188314190178737,-0.287669816381046,0.313808632790825
773,arm_restarts,ok,true,0.000000043375497,0.000000145642299,-1.008148569352994,-2.157267763995882,1.590402143745229,0.188314190178737,-0.287669816381046,0.313808632790825
773,k_cold,ok,true,0.000070649833346,0.000230824995207,-1.008597080382833,-2.157341773495205,1.590426315175413,0.188292243314988,-0.288220455789077,0.313887396236482
773,k_restarts,ok,true,0.000070649833346,0.000230824995207,-1.008597080382833,-2.157341773495205,1.590426315175413,0.188292243314988,-0.288220455789077,0.313887396236482
774,arm_cold,ok,true,0.000017966861490,0.000363961199890,-3.738476791132781,-0.405501590331776,2.587141786800794,-4.954958398793771,0.286199429421853,1.034119305449610
774,arm_restarts,ok,true,0.000017966861490,0.000363961199890,-3.738476791132781,-0.405501590331776,2.587141786800794,-4.954958398793771,0.286199429421853,1.034119305449610
774,k_cold,ok,true,0.000080957618378,0.000447816818936,-5.707375499070547,-4.903452840542267,2.480060481834207,5.693662735531051,2.232652654325651,1.467909653194739
774,k_restarts,ok,true,0.000080957618378,0.000447816818936,-5.707375499070547,-4.903452840542267,2.480060481834207,5.693662735531051,2.232652654325651,1.467909653194739
775,arm_cold,not_converged,false,0.001102346181989,0.196300886727928,0.803238936387302,1.374218946882436,0.081740668136107,0.936361887088211,2.536302712829733,-6.283190000000000
775,arm_restarts,ok,true,0.000002469301488,0.000008510061194,-0.036571229022636,0.960820716746690,1.228393798835773,-1.337197695659758,-3.678680057239047,-1.907431910643614
775,k_cold,not_converged,false,,,,,,,,
775,k_restarts,ok,true,0.000069092457627,0.000086299559509,-5.489259808723078,2.184942272704558,-1.257834922299982,-1.684879646508894,3.736393357719039,2.934696248610863
776,arm_cold,not_converged,false,0.125583255201216,0.238210915038101,-1.102110546628376,-2.113314278033194,3.141500000000000,-1.334444853791276,-2.307613811913908,-0.447567487898163
776,arm_restarts,ok,true,0.000016606884910,0.000121256848217,4.786827912835515,-5.288259309913813,2.465056848972391,-0.438596134556047,2.715862031519984,-3.651359312368653
776,k_cold,not_converged,false,,,,,,,,
776,k_restarts,ok,true,0.000059997535678,0.000177570467019,-6.077161214908765,1.403782437269851,-2.778413063445846,1.316316452782917,5.266422660496607,-0.369518766310458
777,arm_cold,ok,true,0.000069814831983,0.000511369823314,-2.788916819159270,-2.534804200056795,2.306114368146842,0.024883527365863,-2.470802201534063,-0.644412831515405
777,arm_restarts,ok,true,0.000069814831983,0.000511369823314,-2.788916819159270,-2.534804200056795,2.306114368146842,0.024883527365863,-2.470802201534063,-0.644412831515405
777,k_cold,ok,true,0.000052643957068,0.000102330358319,-2.789298560863594,-2.535160370046230,2.306080394425356,0.024389122376585,-2.471017186774827,-0.645457539635724
777,k_restarts,ok,true,0.000052643957068,0.000102330358319,-2.789298560863594,-2.535160370046230,2.306080394425356,0.024389122376585,-2.471017186774827,-0.645457539635724
778,arm_cold,ok,true,0.000000141038196,0.000000490071335,-2.511196352091740,-1.784424853675801,1.149721356391674,0.201851791793503,-2.708215945036517,-0.885293424993953
778,arm_restarts,ok,true,0.000000141038196,0.000000490071335,-2.511196352091740,-1.784424853675801,1.149721356391674,0.201851791793503,-2.708215945036517,-0.885293424993953
778,k_cold,ok,true,0.000069194061815,0.000244583083409,-2.511041261440893,-1.784466340780913,1.149762130091706,0.201773068848215,-2.707863737930699,-0.885420758364441
778,k_restarts,ok,true,0.000069194061815,0.000244583083409,-2.511041261440893,-1.784466340780913,1.149762130091706,0.201773068848215,-2.707863737930699,-0.885420758364441
779,arm_cold,ok,true,0.000000078509797,0.000000202294515,0.444429709399033,-1.114124004852401,2.804927365725112,-2.813942179067545,-1.894061983409200,2.907674303339283
779,arm_restarts,ok,true,0.000000078509797,0.000000202294515,0.444429709399033,-1.114124004852401,2.804927365725112,-2.813942179067545,-1.894061983409200,2.907674303339283
779,k_cold,not_converged,false,,,,,,,,
779,k_restarts,ok,true,0.000052176591476,0.000286963340380,-5.838580129285569,1.224096022485008,-2.804899346639933,0.457543540847562,4.389318528327956,2.907583819544016
780,arm_cold,ok,true,0.000050942137030,0.000056399557562,-0.210096742073199,0.075697777448628,1.144555971607947,-0.169334323278793,0.416302040819670,-1.438036863906758
780,arm_restarts,ok,true,0.000050942137030,0.000056399557562,-0.210096742073199,0.075697777448628,1.144555971607947,-0.169334323278793,0.416302040819670,-1.438036863906758
780,k_cold,not_converged,false,,,,,,,,
780,k_restarts,not_converged,false,,,,,,,,
781,arm_cold,ok,true,0.000000112186143,0.000000762502614,-3.076186359777475,-2.739839861867629,1.171861310688506,-1.578681612305468,0.984408430131937,2.764393934606791
781,arm_restarts,ok,true,0.000000112186143,0.000000762502614,-3.076186359777475,-2.739839861867629,1.171861310688506,-1.578681612305468,0.984408430131937,2.764393934606791
781,k_cold,not_converged,false,,,,,,,,
781,k_restarts,not_converged,false,,,,,,,,
782,arm_cold,not_converged,false,0.041812994043578,0.029982564413722,-4.126599779611688,-2.878499620448566,3.141500000000000,-2.321365743027842,2.835540113805532,3.063476158402349
782,arm_restarts,ok,true,0.000010101510897,0.000084327035664,-4.236589335550073,0.994782935099037,-2.819907475021401,-2.976745479954378,3.418024798642213,0.306115055155827
782,k_cold,not_converged,false,,,,,,,,
782,k_restarts,not_converged,false,,,,,,,,
783,arm_cold,ok,true,0.000005955123842,0.000002748606346,-1.013650297861408,-1.793056424695224,1.773945579772007,-2.600264077682747,-2.176673171718821,0.616947406484207
783,arm_restarts,ok,true,0.000005955123842,0.000002748606346,-1.013650297861408,-1.793056424695224,1.773945579772007,-2.600264077682747,-2.176673171718821,0.616947406484207
783,k_cold,ok,true,0.000060910731408,0.000324435363257,-1.013844776361810,-1.793204951292117,1.774050757935415,-2.600053461520026,-2.176250464317031,0.617024920168152
783,k_restarts,ok,true,0.000060910731408,0.000324435363257,-1.013844776361810,-1.793204951292117,1.774050757935415,-2.600053461520026,-2.176250464317031,0.617024920168152
784,arm_cold,ok,true,0.000000357527447,0.000002835228356,-0.468306652087261,-4.676127088171327,1.188198630465057,-3.053864309826661,0.957435912261641,-1.640070453349378
784,arm_restarts,ok,true,0.000000357527447,0.000002835228356,-0.468306652087261,-4.676127088171327,1.188198630465057,-3.053864309826661,0.957435912261641,-1.640070453349378
784,k_cold,not_converged,false,,,,,,,,
784,k_restarts,ok,true,0.000059914655127,0.000122320504530,-4.325186345338313,1.472279966822428,-0.585406177690807,-3.266622917433958,2.833806946473148,2.088347540518440
785,arm_cold,ok,true,0.000017530935618,0.000062291099289,3.590201078305783,-6.152907557246883,2.531704353918386,-1.227909596059784,-0.704378276617079,-5.114213658132892
785,arm_restarts,ok,true,0.000017530935618,0.000062291099289,3.590201078305783,-6.152907557246883,2.531704353918386,-1.227909596059784,-0.704378276617079,-5.114213658132892
785,k_cold,not_converged,false,,,,,,,,
785,k_restarts,ok,true,0.000055797763660,0.000211853885970,3.588190996134025,-6.152044363014348,2.532433113338172,-1.231744612187692,5.578380992885248,-5.111402769708655
786,arm_cold,not_converged,false,0.248032197572677,0.013564354307821,-2.412128136583217,-0.072766902726080,-0.984572860135997,2.333135164359681,-1.820113563536421,0.869810414067153
786,arm_restarts,ok,true,0.000002813794855,0.000000029138326,-5.162657069821528,-2.835414059400242,0.621526714436727,-2.119982897553570,4.830628395718320,-2.648294649539712
786,k_cold,not_converged,false,,,,,,,,
786,k_restarts,not_converged,false,,,,,,,,
787,arm_cold,ok,true,0.000010631412487,0.000009810091762,-1.374598595204380,-4.248172762728410,1.823770870470352,-5.027185765300125,-0.067365383073991,-2.529839684205780
787,arm_restarts,ok,true,0.000010631412487,0.000009810091762,-1.374598595204380,-4.248172762728410,1.823770870470352,-5.027185765300125,-0.067365383073991,-2.529839684205780
787,k_cold,not_converged,false,,,,,,,,
787,k_restarts,ok,true,0.000068908801329,0.000274707721383,1.110825847704463,-0.826541570564404,2.097950861180895,5.110171372317785,2.456650149140899,2.662245260496942
788,arm_cold,not_converged,false,0.083854941291266,0.059343769191635,3.323005430149521,-4.059654440036542,-0.282831177703695,2.236460337256755,1.785470240181617,-6.283190000000000
788,arm_restarts,ok,true,0.000004838877285,0.000017105676024,3.312134053225590,-4.797536381488012,0.952835899294074,-1.407594197582400,4.488146087082162,-3.192324263437332
788,k_cold,not_converged,false,,,,,,,,
788,k_restarts,ok,true,0.000019821513321,0.000779797776106,3.312030063726456,-4.797464624863823,0.952681059942381,-1.407284048412434,4.487769593961178,-3.192883290398659
789,arm_cold,ok,true,0.000000250074514,0.000000002164663,5.563290596926525,-3.340593638907063,0.652293964651344,-5.463667293954171,2.338018672749117,5.292193567911146
789,arm_restarts,ok,true,0.000000250074514,0.000000002164663,5.563290596926525,-3.340593638907063,0.652293964651344,-5.463667293954171,2.338018672749117,5.292193567911146
789,k_cold,not_converged,false,,,,,,,,
789,k_restarts,ok,true,0.000066163839046,0.000387337416161,-4.254444954234237,5.843532116491099,0.576903475278852,1.331087275022732,5.519597142423573,-0.433349881807543
790,arm_cold,ok,true,0.000048336324851,0.000138908926173,-5.285993534357919,-5.594387321736725,1.191879391320676,0.297721595272579,-4.849606462088269,1.031478897796209
790,arm_restarts,ok,true,0.000048336324851,0.000138908926173,-5.285993534357919,-5.594387321736725,1.191879391320676,0.297721595272579,-4.849606462088269,1.031478897796209
790,k_cold,not_converged,false,,,,,,,,
790,k_restarts,ok,true,0.000092020104476,0.000200908376421,-5.285623622311688,2.303960314868563,-1.728279258000865,-1.539086118184621,4.849802094101252,4.173404249409941
791,arm_cold,ok,true,0.000000068629040,0.000000018110723,-5.543480070598051,-2.867043689919211,0.782042515547817,-1.789138721621404,5.350674232182905,1.826776904090212
791,arm_restarts,ok,true,0.000000068629040,0.000000018110723,-5.543480070598051,-2.867043689919211,0.782042515547817,-1.789138721621404,5.350674232182905,1.826776904090212
791,k_cold,not_converged,false,,,,,,,,
791,k_restarts,not_converged,false,,,,,,,,
792,arm_cold,ok,true,0.000000528603884,0.000004348243652,-0.549932398711105,-5.201527067652983,1.568404194030030,-0.814387949987073,-5.656308222763067,4.604226892567119
792,arm_restarts,ok,true,0.000000528603884,0.000004348243652,-0.549932398711105,-5.201527067652983,1.568404194030030,-0.814387949987073,-5.656308222763067,4.604226892567119
792,k_cold,not_converged,false,,,,,,,,
792,k_restarts,ok,true,0.000094742622752,0.000160874075265,-4.701393581491317,1.918589357540711,-1.338511007079118,-3.086230145837058,4.406955569279220,3.574931183500461
793,arm_cold,ok,true,0.000021153234724,0.000048668841666,-1.290390685371074,-2.935507198417648,0.826532007618231,-0.482927363382268,-1.748567564299518,1.073416866093703
793,arm_restarts,ok,true,0.000021153234724,0.000048668841666,-1.290390685371074,-2.935507198417648,0.826532007618231,-0.482927363382268,-1.748567564299518,1.073416866093703
793,k_cold,not_converged,false,,,,,,,,
793,k_restarts,ok,true,0.000051417593319,0.000199042567484,-4.897942855955049,5.287440517976002,0.823598532596742,-3.524364912170982,-4.491669732780736,-5.452564406073454
794,arm_cold,ok,true,0.000041453935596,0.000064762407479,-1.000884363893282,-3.908713922957432,2.838426892562480,-4.202397354821183,-2.470932501556429,-1.455172652140932
794,arm_restarts,ok,true,0.000041453935596,0.000064762407479,-1.000884363893282,-3.908713922957432,2.838426892562480,-4.202397354821183,-2.470932501556429,-1.455172652140932
794,k_cold,not_converged,false,,,,,,,,
794,k_restarts,not_converged,false,,,,,,,,
795,arm_cold,ok,true,0.000000816366946,0.000004304720050,-3.163460397101713,-0.127875867752045,2.510112892121438,-2.439089858920846,-1.176385778268389,-2.747648851719716
795,arm_restarts,ok,true,0.000000816366946,0.000004304720050,-3.163460397101713,-0.127875867752045,2.510112892121438,-2.439089858920846,-1.176385778268389,-2.747648851719716
795,k_cold,not_converged,false,,,,,,,,
795,k_restarts,ok,true,0.000052822806613,0.000198983907184,3.119593584182205,-5.994611699538653,2.003387455636827,-5.490302295963237,1.176671048772301,-5.889379660148891
796,arm_cold,ok,true,0.000000126721443,0.000000649833046,-1.394805595235600,-2.901090134171171,2.162585168305833,1.008257496609560,-2.449302203572880,0.839220173710686
796,arm_restarts,ok,true,0.000000126721443,0.000000649833046,-1.394805595235600,-2.901090134171171,2.162585168305833,1.008257496609560,-2.449302203572880,0.839220173710686
796,k_cold,ok,true,0.000071738930607,0.000143275762555,-1.394841126200220,-2.900929723196203,2.162593622678161,1.008165600183299,-2.449460768540489,0.839342833059475
796,k_restarts,ok,true,0.000071738930607,0.000143275762555,-1.394841126200220,-2.900929723196203,2.162593622678161,1.008165600183299,-2.449460768540489,0.839342833059475
797,arm_cold,ok,true,0.000035796437107,0.000137309723532,-2.749212597994530,-2.248336149059868,0.749524213711737,0.362391742995596,-0.121625194984206,-0.554773334650862
797,arm_restarts,ok,true,0.000035796437107,0.000137309723532,-2.749212597994530,-2.248336149059868,0.749524213711737,0.362391742995596,-0.121625194984206,-0.554773334650862
797,k_cold,ok,true,0.000054513418652,0.000246014604794,-1.082920561149128,-2.055375612112245,1.506483726155462,-2.482176685007273,-1.614472316636124,1.458135911768309
797,k_restarts,ok,true,0.000054513418652,0.000246014604794,-1.082920561149128,-2.055375612112245,1.506483726155462,-2.482176685007273,-1.614472316636124,1.458135911768309
798,arm_cold,ok,true,0.000001249385460,0.000010118788438,-2.441009116846572,-1.099369696664142,2.085975903858049,-1.168520332706853,1.196553717940440,-3.587595961781525
798,arm_restarts,ok,true,0.000001249385460,0.000010118788438,-2.441009116846572,-1.099369696664142,2.085975903858049,-1.168520332706853,1.196553717940440,-3.587595961781525
798,k_cold,ok,true,0.000083796809516,0.000152313747281,-2.441017410943960,-0.588885183081785,1.923068810308397,-4.657579673565869,-1.196593179464664,-0.446138790100603
798,k_restarts,ok,true,0.000083796809516,0.000152313747281,-2.441017410943960,-0.588885183081785,1.923068810308397,-4.657579673565869,-1.196593179464664,-0.446138790100603
799,arm_cold,not_converged,false,0.431317613594602,0.618157328451964,-6.283190000000000,-2.790220782108237,-0.200546478164337,1.404720859540486,-5.243835576088618,2.264718466510156
799,arm_restarts,ok,true,0.000000205265938,0.000000000453012,-0.557657703479459,-3.119870418289713,0.507827481572114,-2.091966182596964,5.237503564036158,5.336390090685691
799,k_cold,not_converged,false,,,,,,,,
799,k_restarts,not_converged,false,,,,,,,,
800,arm_cold,not_converged,false,0.066130142420374,0.035248087730540,0.710092191071499,-4.285453998397973,3.141500000000000,-3.294537197542871,-2.974788906626705,0.608940376111340
800,arm_restarts,ok,true,0.000038826131950,0.000676429351416,-5.369693615490586,3.523976450620875,-2.821349332526877,-3.031716733164986,2.923028140247261,2.667024683500414
800,k_cold,not_converged,false,,,,,,,,
800,k_restarts,ok,true,0.000075944057907,0.000416028805507,-5.036963961714584,4.300854052787934,2.941575526271551,-0.628397868095874,3.649456265449542,-0.983413575432449
801,arm_cold,ok,true,0.000001061007610,0.000002755804682,-0.850826923587719,-1.619106261703001,1.263407044925459,-0.993394637090012,-2.312034490408198,0.126629747500635
801,arm_restarts,ok,true,0.000001061007610,0.000002755804682,-0.850826923587719,-1.619106261703001,1.263407044925459,-0.993394637090012,-2.312034490408198,0.126629747500635
801,k_cold,ok,true,0.000082819328688,0.000240359141444,-0.851015057473500,-1.619274606939986,1.263693982132977,-0.993770898586611,-2.311929833861794,0.126501306423720
801,k_restarts,ok,true,0.000082819328688,0.000240359141444,-0.851015057473500,-1.619274606939986,1.263693982132977,-0.993770898586611,-2.311929833861794,0.126501306423720
802,arm_cold,ok,true,0.000003252994587,0.000003594143881,-3.240522534968524,-5.398854057992035,1.027644003680961,1.271516917895411,-4.772417915316383,4.317962599955522
802,arm_restarts,ok,true,0.000003252994587,0.000003594143881,-3.240522534968524,-5.398854057992035,1.027644003680961,1.271516917895411,-4.772417915316383,4.317962599955522
802,k_cold,not_converged,false,,,,,,,,
802,k_restarts,ok,true,0.000051062789447,0.000245375146103,3.042643314869893,-5.832115407095987,1.765612871449885,-2.174646122840659,4.772525807706134,-5.106983594991984
803,arm_cold,ok,true,0.000004749129591,0.000000055811483,-1.441540179678904,-0.199109087547839,0.713848038766429,-2.793928453983145,-0.852226103683843,-2.415056065377537
803,arm_restarts,ok,true,0.000004749129591,0.000000055811483,-1.441540179678904,-0.199109087547839,0.713848038766429,-2.793928453983145,-0.852226103683843,-2.415056065377537
803,k_cold,ok,true,0.000081422392098,0.000206081877470,-1.441545101094773,-0.199349229073433,0.714370272548343,-2.794404087180019,-0.852298016001046,-2.414809498480671
803,k_restarts,ok,true,0.000081422392098,0.000206081877470,-1.441545101094773,-0.199349229073433,0.714370272548343,-2.794404087180019,-0.852298016001046,-2.414809498480671
804,arm_cold,not_converged,false,0.274948486953093,0.381551483854088,-6.283190000000000,-5.822470122482113,0.376557133885140,-4.052733622759350,-2.480347611972308,1.133582543370578
804,arm_restarts,ok,true,0.000033583679138,0.000001943785058,-3.103474925932044,2.509734650015163,0.466561157284126,3.643855459550282,-0.256253049977243,4.059805468921601
804,k_cold,not_converged,false,,,,,,,,
804,k_restarts,not_converged,false,,,,,,,,
805,arm_cold,ok,true,0.000000394302827,0.000002035436245,-1.012742633100898,0.204592101437283,2.038543622990850,0.163263507275872,-3.601005206144098,3.644548651522796
805,arm_restarts,ok,true,0.000000394302827,0.000002035436245,-1.012742633100898,0.204592101437283,2.038543622990850,0.163263507275872,-3.601005206144098,3.644548651522796
805,k_cold,not_converged,false,,,,,,,,
805,k_restarts,not_converged,false,,,,,,,,
806,arm_cold,ok,true,0.000086559318984,0.000954871679895,-1.985852389438700,-1.888024177260150,0.497297855735316,0.434832595795833,-2.357197291023220,-0.703591385395838
806,arm_restarts,ok,true,0.000086559318984,0.000954871679895,-1.985852389438700,-1.888024177260150,0.497297855735316,0.434832595795833,-2.357197291023220,-0.703591385395838
806,k_cold,ok,true,0.000084802743164,0.000102957310499,-1.989152918462253,-1.890048202820412,0.499920736486498,0.430764514999631,-2.358346823587938,-0.708251418542729
806,k_restarts,ok,true,0.000084802743164,0.000102957310499,-1.989152918462253,-1.890048202820412,0.499920736486498,0.430764514999631,-2.358346823587938,-0.708251418542729
807,arm_cold,ok,true,0.000014457881447,0.000022715626880,-5.004510822634029,-4.603141663536729,1.693363417944201,-0.573085454736408,3.023489737660757,-0.002942445381097
807,arm_restarts,ok,true,0.000014457881447,0.000022715626880,-5.004510822634029,-4.603141663536729,1.693363417944201,-0.573085454736408,3.023489737660757,-0.002942445381097
807,k_cold,ok,true,0.000098681181553,0.000134197578725,-2.428303847306523,-0.600391747673125,1.908969614668197,-1.398306734792594,-0.455477642118165,-2.724882598434965
807,k_restarts,ok,true,0.000098681181553,0.000134197578725,-2.428303847306523,-0.600391747673125,1.908969614668197,-1.398306734792594,-0.455477642118165,-2.724882598434965
808,arm_cold,ok,true,0.000015017878455,0.000000208546930,-1.984760136570910,-0.078868782239410,0.453016289735566,-2.631042159602272,1.114134822322898,1.996758348715288
808,arm_restarts,ok,true,0.000015017878455,0.000000208546930,-1.984760136570910,-0.078868782239410,0.453016289735566,-2.631042159602272,1.114134822322898,1.996758348715288
808,k_cold,not_converged,false,,,,,,,,
808,k_restarts,ok,true,0.000054657891895,0.000035745791590,1.463883231679251,-3.531785869905361,0.555498239040056,-1.204122612832090,4.078580828645176,-4.580869749591339
809,arm_cold,not_converged,false,0.024584648248246,0.631063502940032,-2.493767439987495,-5.762719392004618,2.151696729614552,-3.122981778295839,0.614340479690012,6.283190000000000
809,arm_restarts,ok,true,0.000007472734542,0.000020381189253,-3.098811771951583,-5.366100425246499,1.846312486209921,1.890871970515711,0.272427021482931,-4.392273596070091
809,k_cold,not_converged,false,,,,,,,,
809,k_restarts,not_converged,false,,,,,,,,
810,arm_cold,ok,true,0.000000256036679,0.000000966720891,-0.857043497903612,-0.949423123674410,1.170376956971404,-0.589051236638942,-1.516857826591347,0.968904842005060
810,arm_restarts,ok,true,0.000000256036679,0.000000966720891,-0.857043497903612,-0.949423123674410,1.170376956971404,-0.589051236638942,-1.516857826591347,0.968904842005060
810,k_cold,ok,true,0.000057028042491,0.000198498256390,-0.857076067947073,-0.949581631811033,1.170549309135127,-0.589191881244384,-1.517027702652862,0.968960397322520
810,k_restarts,ok,true,0.000057028042491,0.000198498256390,-0.857076067947073,-0.949581631811033,1.170549309135127,-0.589191881244384,-1.517027702652862,0.968960397322520
811,arm_cold,ok,true,0.000029461491047,0.000134828849304,5.627877357746092,-3.829859276651258,2.446210526137083,-3.142163958903448,-5.497163406017718,-4.561051335136129
811,arm_restarts,ok,true,0.000029461491047,0.000134828849304,5.627877357746092,-3.829859276651258,2.446210526137083,-3.142163958903448,-5.497163406017718,-4.561051335136129
811,k_cold,not_converged,false,,,,,,,,
811,k_restarts,ok,true,0.000065561701450,0.000307862646881,-4.521521023980267,0.857656749460280,-2.433588970923922,-0.678699135794359,4.254422952270626,0.909619374058059
812,arm_cold,not_converged,false,0.074839496886251,0.022777224281164,-3.236974454600922,-1.834406608780570,3.141500000000000,-1.660110087567090,-3.053191408804599,1.332799700404399
812,arm_restarts,ok,true,0.000004325511677,0.000036666000029,3.151328910654408,-5.631629473774372,3.088273257064799,-3.867873197242298,3.333203666352324,-4.746279256739451
812,k_cold,not_converged,false,,,,,,,,
812,k_restarts,not_converged,false,,,,,,,,
813,arm_cold,ok,true,0.000000276293748,0.000000485224847,0.625453330923197,-5.165569857822264,1.765264278023905,-3.145651676805439,-0.921693431507680,-4.338310381912153
813,arm_restarts,ok,true,0.000000276293748,0.000000485224847,0.625453330923197,-5.165569857822264,1.765264278023905,-3.145651676805439,-0.921693431507680,-4.338310381912153
813,k_cold,not_converged,false,,,,,,,,
813,k_restarts,ok,true,0.000061867626516,0.000088291488210,-5.657738377481050,2.784801589571730,-1.765454652303786,-1.282084263600000,5.361518102804748,1.944775046310355
814,arm_cold,ok,true,0.000095302475200,0.000499705597912,-0.507971152276995,-5.700324834655125,3.024851757429519,-5.329442163140889,-3.420777122675748,-6.086515731190249
814,arm_restarts,ok,true,0.000095302475200,0.000499705597912,-0.507971152276995,-5.700324834655125,3.024851757429519,-5.329442163140889,-3.420777122675748,-6.086515731190249
814,k_cold,not_converged,false,,,,,,,,
814,k_restarts,ok,true,0.000094960346402,0.000228219994367,-0.507491494074412,-4.984528776154439,-2.642848492527173,-3.520712677711134,-2.862335268540509,3.337126061312441
815,arm_cold,ok,true,0.000009202218645,0.000005659345711,0.221421501629467,-0.769166057610644,2.112520271257522,-2.761272061730281,-1.226474989110981,2.774061577032992
815,arm_restarts,ok,true,0.000009202218645,0.000005659345711,0.221421501629467,-0.769166057610644,2.112520271257522,-2.761272061730281,-1.226474989110981,2.774061577032992
815,k_cold,ok,true,0.000056306549388,0.000039912464910,0.221414852365481,-0.769250536214967,2.112656373297393,-2.761293504824156,-1.226497531496042,2.774033387395229
815,k_restarts,ok,true,0.000056306549388,0.000039912464910,0.221414852365481,-0.769250536214967,2.112656373297393,-2.761293504824156,-1.226497531496042,2.774033387395229
816,arm_cold,ok,true,0.000020550168954,0.000015340451649,-5.631270236091988,-3.686846787434932,1.549174631819799,-3.703476033654058,-4.105931025045802,0.039256667369176
816,arm_restarts,ok,true,0.000020550168954,0.000015340451649,-5.631270236091988,-3.686846787434932,1.549174631819799,-3.703476033654058,-4.105931025045802,0.039256667369176
816,k_cold,ok,true,0.000074108402390,0.000138985120892,-2.917600720401053,-0.915924970641466,1.523785338286169,-0.975700516951609,-1.358834379570774,-0.143444575397100
816,k_restarts,ok,true,0.000074108402390,0.000138985120892,-2.917600720401053,-0.915924970641466,1.523785338286169,-0.975700516951609,-1.358834379570774,-0.143444575397100
817,arm_cold,ok,true,0.000013532047345,0.000089523047646,-3.413943774523821,-2.274507627263275,2.146150422165197,0.447344504270382,-2.326594483789115,1.216681454036436
817,arm_restarts,ok,true,0.000013532047345,0.000089523047646,-3.413943774523821,-2.274507627263275,2.146150422165197,0.447344504270382,-2.326594483789115,1.216681454036436
817,k_cold,ok,true,0.000053491716485,0.000232760805383,-3.413937409702626,-2.274709133070259,2.146162067127970,0.447433988308387,-2.326735004033015,1.216374508341319
817,k_restarts,ok,true,0.000053491716485,0.000232760805383,-3.413937409702626,-2.274709133070259,2.146162067127970,0.447433988308387,-2.326735004033015,1.216374508341319
818,arm_cold,ok,true,0.000001232239796,0.000005357847943,-3.494849520961852,-2.259958523810338,1.674636906963390,-2.185307398656142,-1.082223731747956,-1.345139229417810
818,arm_restarts,ok,true,0.000001232239796,0.000005357847943,-3.494849520961852,-2.259958523810338,1.674636906963390,-2.185307398656142,-1.082223731747956,-1.345139229417810
818,k_cold,not_converged,false,,,,,,,,
818,k_restarts,ok,true,0.000055667664709,0.000019919252864,-3.494835140647689,4.023146264891573,1.674827334982417,-2.185439427354896,-1.082244015462418,4.938052352616074
819,arm_cold,ok,true,0.000000903976466,0.000002481705440,-4.902671334540496,-5.987955010434441,2.086661552104964,3.264896798162779,-4.472635537834829,-4.427747387450407
819,arm_restarts,ok,true,0.000000903976466,0.000002481705440,-4.902671334540496,-5.987955010434441,2.086661552104964,3.264896798162779,-4.472635537834829,-4.427747387450407
819,k_cold,not_converged,false,,,,,,,,
819,k_restarts,not_converged,false,,,,,,,,
820,arm_cold,not_converged,false,0.001802721298925,0.369982794467341,-2.811805107926114,-5.713767188181500,1.267865824985665,-3.108234291555795,1.232126784105292,-6.283190000000000
820,arm_restarts,ok,true,0.000012352160676,0.000001369335360,-2.807902920540183,-5.488052626784592,0.383180920395271,0.691231423430764,-1.233480946590981,-3.514726432063842
820,k_cold,not_converged,false,,,,,,,,
820,k_restarts,not_converged,false,,,,,,,,
821,arm_cold,ok,true,0.000003761121695,0.000014021747504,-5.512507819810395,-5.782386944581661,0.548944935931286,-4.980814907097556,3.407542044904905,-0.319175320576923
821,arm_restarts,ok,true,0.000003761121695,0.000014021747504,-5.512507819810395,-5.782386944581661,0.548944935931286,-4.980814907097556,3.407542044904905,-0.319175320576923
821,k_cold,not_converged,false,,,,,,,,
821,k_restarts,not_converged,false,,,,,,,,
822,arm_cold,not_converged,false,0.114788668130116,0.684617212685868,-6.283190000000000,-4.517195743304856,0.171199388439358,6.283190000000000,1.877543728742822,5.573306443184167
822,arm_restarts,ok,true,0.000074803522991,0.000063487079195,-4.292381895497799,-5.409964371673336,0.391792727544822,-0.139522582400590,0.597273214849302,1.690415145121497
822,k_cold,not_converged,false,,,,,,,,
822,k_restarts,ok,true,0.000085269055962,0.000061027489456,-4.292372290119923,1.399985661061805,-0.189797832011471,-3.226280130546833,5.685918674774703,4.831945013348373
823,arm_cold,not_converged,false,0.211357222491330,0.010698146803157,-0.422368832741173,-1.582139530337561,0.901490257308659,1.045989018187734,-2.968305424319063,-0.138178609016373
823,arm_restarts,ok,true,0.000006209682327,0.000000155965773,-2.771728708852532,3.877185629074055,0.787164786756356,-1.600604830873532,-0.954791486109785,2.698553586008975
823,k_cold,not_converged,false,,,,,,,,
823,k_restarts,not_converged,false,,,,,,,,
824,arm_cold,ok,true,0.000000563214743,0.000004091175579,-0.533937980914150,-4.361855418411744,2.729612768435453,-3.525520422222066,-0.841988153940591,-5.400930329927939
824,arm_restarts,ok,true,0.000000563214743,0.000004091175579,-0.533937980914150,-4.361855418411744,2.729612768435453,-3.525520422222066,-0.841988153940591,-5.400930329927939
824,k_cold,not_converged,false,,,,,,,,
824,k_restarts,ok,true,0.000077761891766,0.000179349777169,-4.626410675624888,-4.877154884325158,-2.257299528894159,3.247115929539100,-1.696317553395212,4.857390071914477
825,arm_cold,ok,true,0.000000307406295,0.000000414204696,-2.370929089359419,0.158604256708290,1.947132121016014,-4.152810004659596,-2.267502533948722,-1.893380900683589
825,arm_restarts,ok,true,0.000000307406295,0.000000414204696,-2.370929089359419,0.158604256708290,1.947132121016014,-4.152810004659596,-2.267502533948722,-1.893380900683589
825,k_cold,not_converged,false,,,,,,,,
825,k_restarts,ok,true,0.000075188868710,0.000266050797510,3.912376095575413,-4.763795328256541,-1.808669175797547,-4.899427409390900,-4.015396497057214,1.248181079121441
826,arm_cold,not_converged,false,0.106085843156257,0.774098755061687,-3.608143002775734,-5.413163381132480,1.402469779321404,-6.283190000000000,1.452777730362890,4.702488035500207
826,arm_restarts,ok,true,0.000000540826216,0.000000359106419,2.598415158338311,-4.928832109398464,1.150561627126242,2.138664268071786,4.811145659773813,-4.739001004291390
826,k_cold,not_converged,false,,,,,,,,
826,k_restarts,ok,true,0.000052027598142,0.000153192640215,4.093207335549143,-5.367027768598150,1.294504380260985,2.397757994090610,-1.631685395296490,3.032352608803043
827,arm_cold,ok,true,0.000000016012955,0.000000203312117,-2.833344376382199,-1.598570541595869,2.377602734893963,-3.921798175734259,0.942999306872410,-0.706408237035681
827,arm_restarts,ok,true,0.000000016012955,0.000000203312117,-2.833344376382199,-1.598570541595869,2.377602734893963,-3.921798175734259,0.942999306872410,-0.706408237035681
827,k_cold,not_converged,false,,,,,,,,
827,k_restarts,not_converged,false,,,,,,,,
828,arm_cold,ok,true,0.000001783396430,0.000001836693984,-0.230016517504740,-0.706285608442635,2.368875507197014,-3.905824678737893,-3.682748447708633,-2.221146730372253
828,arm_restarts,ok,true,0.000001783396430,0.000001836693984,-0.230016517504740,-0.706285608442635,2.368875507197014,-3.905824678737893,-3.682748447708633,-2.221146730372253
828,k_cold,not_converged,false,,,,,,,,
828,k_restarts,ok,true,0.000091347546269,0.000705838128675,-0.229937600751760,5.577144362967131,2.368951342119427,2.377945954508519,2.599910105530856,-2.220450412664524
829,arm_cold,ok,true,0.000070380845965,0.000249730508482,-2.072908050648297,-1.261481100784776,2.177560120150252,-1.676907008493900,-0.272710470133939,-3.202030038080990
829,arm_restarts,ok,true,0.000070380845965,0.000249730508482,-2.072908050648297,-1.261481100784776,2.177560120150252,-1.676907008493900,-0.272710470133939,-3.202030038080990
829,k_cold,ok,true,0.000064582147274,0.000122942710010,-2.072895785432830,-1.261512792096025,2.177789853358479,-1.677916228898773,-0.272551743462346,-3.201395713769703
829,k_restarts,ok,true,0.000064582147274,0.000122942710010,-2.072895785432830,-1.261512792096025,2.177789853358479,-1.677916228898773,-0.272551743462346,-3.201395713769703
830,arm_cold,ok,true,0.000014197608136,0.000038165675781,-1.845758011918785,-0.578800106527193,2.411916540374533,-1.195875857540751,-0.339871754806878,-2.347262523537957
830,arm_restarts,ok,true,0.000014197608136,0.000038165675781,-1.845758011918785,-0.578800106527193,2.411916540374533,-1.195875857540751,-0.339871754806878,-2.347262523537957
830,k_cold,not_converged,false,,,,,,,,
830,k_restarts,not_converged,false,,,,,,,,
831,arm_cold,ok,true,0.000000154110824,0.000000706453592,1.500463139239024,-1.772837103288345,0.894606883420058,-0.508326723714557,-0.943663437872918,1.663027301180003
831,arm_restarts,ok,true,0.000000154110824,0.000000706453592,1.500463139239024,-1.772837103288345,0.894606883420058,-0.508326723714557,-0.943663437872918,1.663027301180003
831,k_cold,not_converged,false,,,,,,,,
831,k_restarts,ok,true,0.000097194734917,0.000112259542343,-4.782720255296280,4.510063840398593,0.895190774418132,-0.508693959787872,5.339505443111596,1.662971492407023
832,arm_cold,ok,true,0.000001354538013,0.000000138311467,-0.434771726688672,-4.574448495044586,1.717688402916843,-1.715706372380423,-5.002825140940423,-1.945529339663357
832,arm_restarts,ok,true,0.000001354538013,0.000000138311467,-0.434771726688672,-4.574448495044586,1.717688402916843,-1.715706372380423,-5.002825140940423,-1.945529339663357
832,k_cold,not_converged,false,,,,,,,,
832,k_restarts,ok,true,0.000052820825180,0.000212564250859,-4.068390403478501,6.140932310351856,1.149124183903632,-5.980033940918250,-4.522078210332539,0.699336547319168
833,arm_cold,ok,true,0.000002301699983,0.000004158430408,-0.433775873533427,-2.748108507790486,2.197798396750870,-2.621565544459101,-1.804050512816292,0.437095368584900
833,arm_restarts,ok,true,0.000002301699983,0.000004158430408,-0.433775873533427,-2.748108507790486,2.197798396750870,-2.621565544459101,-1.804050512816292,0.437095368584900
833,k_cold,not_converged,false,,,,,,,,
833,k_restarts,ok,true,0.000061728887560,0.000084705771889,-5.857283159844892,-0.370519583138878,-2.193116039752805,-0.641880479437729,3.620118173036764,0.387326984399659
834,arm_cold,not_converged,false,0.121456316157533,0.005439767036184,-0.622055970216312,-1.834201261492474,-0.241916248666454,1.814782680985118,-2.449085261062521,-0.614573870421847
834,arm_restarts,ok,true,0.000003433469042,0.000000013442379,-4.568904288566768,5.112562532621792,0.223518978798954,-3.098354805219577,-6.068265469946583,-2.661439723614789
834,k_cold,not_converged,false,,,,,,,,
834,k_restarts,ok,true,0.000094513431913,0.000102730585166,-4.568927408285875,5.112175923196387,0.224526508913559,-3.098983822443882,-6.068309295388290,-2.661518121743065
835,arm_cold,not_converged,false,0.056081575999203,0.076153881710027,-1.692005990145212,-3.462347324625813,3.141500000000000,-3.039147565880769,-1.209325594400602,0.843349849345114
835,arm_restarts,ok,true,0.000004065384611,0.000017441414839,4.169175634480196,-4.441339476228577,2.880317782185851,-1.963430622854048,5.469046782233319,-5.276424840913707
835,k_cold,not_converged,false,,,,,,,,
835,k_restarts,ok,true,0.000063141295215,0.000183809337324,4.169150430581151,-4.441701348848913,2.880451086810653,-1.963370564496738,5.468939273608380,-5.276381620714866
836,arm_cold,ok,true,0.000000065765403,0.000000106810011,-0.919268308144766,-2.984650015809041,2.012362516495685,-0.083964758678936,-1.598182656515502,0.816342051337694
836,arm_restarts,ok,true,0.000000065765403,0.000000106810011,-0.919268308144766,-2.984650015809041,2.012362516495685,-0.083964758678936,-1.598182656515502,0.816342051337694
836,k_cold,ok,true,0.000093090116255,0.000497817678514,0.472046199997290,-2.574855500310740,2.247829261674924,-1.112755119361706,-1.071566941398620,2.167125337328646
836,k_restarts,ok,true,0.000093090116255,0.000497817678514,0.472046199997290,-2.574855500310740,2.247829261674924,-1.112755119361706,-1.071566941398620,2.167125337328646
837,arm_cold,not_converged,false,0.000017813560193,0.084480408190504,-4.819241685294727,-4.671597127043510,0.906724614758833,-4.833572080009422,-4.035651220887246,-6.283190000000000
837,arm_restarts,ok,true,0.000000079010512,0.000000085995551,3.660228600241465,-5.890393879943225,1.270161882928306,-0.425206495395166,5.631305057673623,-4.983376187747444
837,k_cold,not_converged,false,,,,,,,,
837,k_restarts,ok,true,0.000092632576089,0.000611339197616,1.463982827488424,-5.150503960143452,1.662559604359431,-1.969436884412208,4.036219476305027,-3.226331146353391
838,arm_cold,ok,true,0.000000185214184,0.000000000468103,-0.993012019487804,-0.016621329097735,0.763795183160461,-3.332586147007977,-2.113260639028609,-2.641169852545737
838,arm_restarts,ok,true,0.000000185214184,0.000000000468103,-0.993012019487804,-0.016621329097735,0.763795183160461,-3.332586147007977,-2.113260639028609,-2.641169852545737
838,k_cold,ok,true,0.000094938417395,0.000224096860626,-0.992995903771285,-0.016856310745687,0.764313074567474,-3.332934372460671,-2.113448571993246,-2.641068939911781
838,k_restarts,ok,true,0.000094938417395,0.000224096860626,-0.992995903771285,-0.016856310745687,0.764313074567474,-3.332934372460671,-2.113448571993246,-2.641068939911781
839,arm_cold,ok,true,0.000004119469280,0.000000007440400,-2.680131752342281,-0.988608215851548,0.342908673538108,1.503827000854746,-2.033606102694751,0.834904103117412
839,arm_restarts,ok,true,0.000004119469280,0.000000007440400,-2.680131752342281,-0.988608215851548,0.342908673538108,1.503827000854746,-2.033606102694751,0.834904103117412
839,k_cold,ok,true,0.000083457605513,0.000465036344378,-2.680046272211602,-0.989058761800045,0.343721083049914,1.503372392227979,-2.033934107488998,0.834548003433423
839,k_restarts,ok,true,0.000083457605513,0.000465036344378,-2.680046272211602,-0.989058761800045,0.343721083049914,1.503372392227979,-2.033934107488998,0.834548003433423
840,arm_cold,not_converged,false,0.267838326121652,1.407497573513286,-6.283190000000000,0.680100402134858,0.536991658238297,0.626663909784202,6.283190000000000,4.044303143447018
840,arm_restarts,ok,true,0.000026708658978,0.000012505447788,3.465149788137436,-4.888994776448087,1.206023029894423,-1.330957022556405,1.849151717872503,-5.009672456581362
840,k_cold,not_converged,false,,,,,,,,
840,k_restarts,ok,true,0.000053688491599,0.000137312594422,3.465111123443863,-4.889029610669527,1.206131449464026,-1.331027934145275,1.849269461917520,-5.009672318333801
841,arm_cold,ok,true,0.000000212909034,0.000000621035466,-3.773630554194635,-1.922523373515469,1.972838132165399,-3.155306305050479,1.033318269969600,1.141371660898754
841,arm_restarts,ok,true,0.000000212909034,0.000000621035466,-3.773630554194635,-1.922523373515469,1.972838132165399,-3.155306305050479,1.033318269969600,1.141371660898754
841,k_cold,not_converged,false,,,,,,,,
841,k_restarts,ok,true,0.000097783247990,0.000283316038618,-5.926954304882670,3.325141522542356,2.003978521234750,3.482916092558886,-3.086924927648994,-5.734824685383970
842,arm_cold,ok,true,0.000000069285645,0.000000348731740,3.923634436530421,-6.056414843872762,2.350479296645511,-4.282607258355818,1.929234549812304,-0.930362919401435
842,arm_restarts,ok,true,0.000000069285645,0.000000348731740,3.923634436530421,-6.056414843872762,2.350479296645511,-4.282607258355818,1.929234549812304,-0.930362919401435
842,k_cold,ok,true,0.000055659338264,0.000468634012825,-2.359184130901117,-0.213174701457000,2.133593291201261,-0.483924980259266,-1.929470831416240,2.210943193001857
842,k_restarts,ok,true,0.000055659338264,0.000468634012825,-2.359184130901117,-0.213174701457000,2.133593291201261,-0.483924980259266,-1.929470831416240,2.210943193001857
843,arm_cold,ok,true,0.000000117166961,0.000000006769241,-1.038771704999250,-2.263807276006440,2.686127258483707,-1.547952334938347,-1.918350253982890,1.397448897985972
843,arm_restarts,ok,true,0.000000117166961,0.000000006769241,-1.038771704999250,-2.263807276006440,2.686127258483707,-1.547952334938347,-1.918350253982890,1.397448897985972
843,k_cold,ok,true,0.000058355569001,0.000117958042079,-1.038990281770523,-2.263909639535940,2.686111986761316,-1.547972177506738,-1.918509804707657,1.397140541994217
843,k_restarts,ok,true,0.000058355569001,0.000117958042079,-1.038990281770523,-2.263909639535940,2.686111986761316,-1.547972177506738,-1.918509804707657,1.397140541994217
844,arm_cold,ok,true,0.000005008665354,0.000113409129259,-2.002427795454282,-2.182724720907629,2.649041076770724,0.292121459642985,-2.506405436326744,-1.414117261967633
844,arm_restarts,ok,true,0.000005008665354,0.000113409129259,-2.002427795454282,-2.182724720907629,2.649041076770724,0.292121459642985,-2.506405436326744,-1.414117261967633
844,k_cold,ok,true,0.000063737821815,0.000363553061980,-2.002092112472112,-2.182588370181634,2.648782984045964,0.291595236652446,-2.505879132517533,-1.414880869044051
844,k_restarts,ok,true,0.000063737821815,0.000363553061980,-2.002092112472112,-2.182588370181634,2.648782984045964,0.291595236652446,-2.505879132517533,-1.414880869044051
845,arm_cold,ok,true,0.000056757100545,0.000145933349895,-2.439950866530007,-2.539938241816103,1.639160247186943,-0.262164599808599,-2.933062918545976,1.587481849618451
845,arm_restarts,ok,true,0.000056757100545,0.000145933349895,-2.439950866530007,-2.539938241816103,1.639160247186943,-0.262164599808599,-2.933062918545976,1.587481849618451
845,k_cold,ok,true,0.000097806572401,0.000696373346658,-2.211399300455402,-2.353776853550196,1.515278058900347,0.276768847573597,-2.777686594164960,2.210981885017603
845,k_restarts,ok,true,0.000097806572401,0.000696373346658,-2.211399300455402,-2.353776853550196,1.515278058900347,0.276768847573597,-2.777686594164960,2.210981885017603
846,arm_cold,ok,true,0.000000066211185,0.000000194636142,-3.045681076116078,-2.302041925797146,2.327272126774079,-1.289150097507976,-1.965625954392742,-3.028007647719695
846,arm_restarts,ok,true,0.000000066211185,0.000000194636142,-3.045681076116078,-2.302041925797146,2.327272126774079,-1.289150097507976,-1.965625954392742,-3.028007647719695
846,k_cold,ok,true,0.000056602281171,0.000166105452116,-3.045638375146738,-2.302138535972261,2.327246830814698,-1.288850400411367,-1.965581902609555,-3.027834415567893
846,k_restarts,ok,true,0.000056602281171,0.000166105452116,-3.045638375146738,-2.302138535972261,2.327246830814698,-1.288850400411367,-1.965581902609555,-3.027834415567893
847,arm_cold,ok,true,0.000044121706408,0.000032069814137,-1.932831793850974,-1.611849733105847,1.392843118893170,-0.303054639491998,-3.618859952746620,0.903142929171405
847,arm_restarts,ok,true,0.000044121706408,0.000032069814137,-1.932831793850974,-1.611849733105847,1.392843118893170,-0.303054639491998,-3.618859952746620,0.903142929171405
847,k_cold,not_converged,false,,,,,,,,
847,k_restarts,not_converged,false,,,,,,,,
848,arm_cold,ok,true,0.000078074544250,0.000449385164165,-0.971972056301142,-1.627347093096666,2.885844834290298,-4.208169278762671,-1.861066552720069,-2.612868452142547
848,arm_restarts,ok,true,0.000078074544250,0.000449385164165,-0.971972056301142,-1.627347093096666,2.885844834290298,-4.208169278762671,-1.861066552720069,-2.612868452142547
848,k_cold,ok,true,0.000063716136292,0.000553089677352,-0.972337771638661,-1.627328259069930,2.885948647914435,-4.208333461443429,-1.861132465748019,-2.612290833673432
848,k_restarts,ok,true,0.000063716136292,0.000553089677352,-0.972337771638661,-1.627328259069930,2.885948647914435,-4.208333461443429,-1.861132465748019,-2.612290833673432
849,arm_cold,ok,true,0.000084352288823,0.000017534612536,-3.202074995461190,-1.353276434013897,1.982877225880260,-1.048798049864031,-1.873985308825126,1.641088035587178
849,arm_restarts,ok,true,0.000084352288823,0.000017534612536,-3.202074995461190,-1.353276434013897,1.982877225880260,-1.048798049864031,-1.873985308825126,1.641088035587178
849,k_cold,ok,true,0.000071036359098,0.000232419287573,-3.201971998488790,-1.353366161915826,1.982841045445174,-1.048580668183356,-1.874002195839610,1.640974165639893
849,k_restarts,ok,true,0.000071036359098,0.000232419287573,-3.201971998488790,-1.353366161915826,1.982841045445174,-1.048580668183356,-1.874002195839610,1.640974165639893
850,arm_cold,ok,true,0.000000105456749,0.000000130116127,4.987867416219107,-3.886631419260543,1.574332357241668,-2.740988599319209,-3.234203479960854,5.693859901450971
850,arm_restarts,ok,true,0.000000105456749,0.000000130116127,4.987867416219107,-3.886631419260543,1.574332357241668,-2.740988599319209,-3.234203479960854,5.693859901450971
850,k_cold,not_converged,false,,,,,,,,
850,k_restarts,ok,true,0.000078152801438,0.000018008020867,-4.830898164558396,5.960952670674152,1.064221264541634,-4.092633198448710,-5.849839967333383,-4.769244163437798
851,arm_cold,not_converged,false,0.096379523716061,0.891416544569800,-1.110223306383332,-3.619005457083451,1.173867030761155,-6.283190000000000,-4.250743048457584,-6.283190000000000
851,arm_restarts,ok,true,0.000001315115429,0.000000157770622,-1.064809940339263,-3.569542371375735,1.149785461712744,5.616012049540775,-4.571614536551046,-0.821119455406493
851,k_cold,not_converged,false,,,,,,,,
851,k_restarts,ok,true,0.000094423111414,0.000625690361447,-4.598152963129046,5.615242170707201,1.146599320957525,-3.682891893284143,5.244159866356143,-0.796394892312174
852,arm_cold,ok,true,0.000042275714758,0.000269437306606,-1.947227175888075,-0.979035288839069,1.287335194180787,-1.061463693258893,-2.183499429303631,2.398257929168313
852,arm_restarts,ok,true,0.000042275714758,0.000269437306606,-1.947227175888075,-0.979035288839069,1.287335194180787,-1.061463693258893,-2.183499429303631,2.398257929168313
852,k_cold,ok,true,0.000060717600997,0.000358502462941,-1.947195207988060,-0.979105181001538,1.287472269918659,-1.061505744715773,-2.183494389732719,2.398086625396547
852,k_restarts,ok,true,0.000060717600997,0.000358502462941,-1.947195207988060,-0.979105181001538,1.287472269918659,-1.061505744715773,-2.183494389732719,2.398086625396547
853,arm_cold,not_converged,false,0.007691401390155,1.005695857057131,-1.962623513539333,-4.567972769278991,1.134873714125256,-5.680526450567891,-3.392126140299080,6.283190000000000
853,arm_restarts,ok,true,0.000002457425173,0.000007025975735,0.526732517654098,-5.931928754084694,1.245736707353661,1.742755822755923,-5.864921669552394,0.522376467847624
853,k_cold,not_converged,false,,,,,,,,
853,k_restarts,ok,true,0.000074839571348,0.000396389963643,4.302298321449099,-4.552417002118949,1.114623111797046,-5.638887913030373,2.904978702419632,-5.240602867943739
854,arm_cold,ok,true,0.000033156979622,0.000000668931441,-2.732370314531381,-0.927665729656592,1.005318724954713,-0.610589247009362,-3.811350090389459,1.036356226870869
854,arm_restarts,ok,true,0.000033156979622,0.000000668931441,-2.732370314531381,-0.927665729656592,1.005318724954713,-0.610589247009362,-3.811350090389459,1.036356226870869
854,k_cold,not_converged,false,,,,,,,,
854,k_restarts,not_converged,false,,,,,,,,
855,arm_cold,ok,true,0.000001985352038,0.000000503156660,-5.195090230811330,-4.612941899612554,1.357151101486414,-3.442230171566993,-5.747368971031462,5.723219860187544
855,arm_restarts,ok,true,0.000001985352038,0.000000503156660,-5.195090230811330,-4.612941899612554,1.357151101486414,-3.442230171566993,-5.747368971031462,5.723219860187544
855,k_cold,ok,true,0.000074295187141,0.000025481312885,-2.713296240736848,0.625098043826214,0.618455600479852,0.981707818722310,-2.879259925905354,1.320197625502670
855,k_restarts,ok,true,0.000074295187141,0.000025481312885,-2.713296240736848,0.625098043826214,0.618455600479852,0.981707818722310,-2.879259925905354,1.320197625502670
856,arm_cold,not_converged,false,0.250198020628629,0.071383302843082,-1.314891900002174,-0.142580636234150,0.979544276552891,-4.713515811790323,-2.217476755544313,-2.458540897836256
856,arm_restarts,ok,true,0.000078101339265,0.000004559718707,2.176222713691039,-3.585408427492430,0.435724618443604,-2.046490990144892,5.570636330655669,-6.009426111715861
856,k_cold,not_converged,false,,,,,,,,
856,k_restarts,ok,true,0.000053277853996,0.000068180294889,2.176223999121897,-3.585289762884842,0.435425826094772,-2.046273386202184,5.570577899556231,-6.009437524433372
857,arm_cold,not_converged,false,0.260548020458630,0.488609048100672,-2.618836836923163,-2.688606442179435,3.141500000000000,-1.053060891428479,-1.634911103709021,0.346041071175483
857,arm_restarts,ok,true,0.000001615337802,0.000003061649183,2.860249136795205,-4.824114503171513,2.301256123992354,-3.932620361954716,3.843525499492531,-6.054659209437498
857,k_cold,ok,true,0.000064956247630,0.000125602324368,-1.249691776587244,-0.350483689299482,2.405580929430004,-2.446116261836070,-0.294962996641217,0.736340805704858
857,k_restarts,ok,true,0.000064956247630,0.000125602324368,-1.249691776587244,-0.350483689299482,2.405580929430004,-2.446116261836070,-0.294962996641217,0.736340805704858
858,arm_cold,ok,true,0.000000122775600,0.000000233719279,-3.742805459197582,-3.649550929708582,1.466512318356898,-5.443763917634065,-5.116941331968514,-0.115576471367286
858,arm_restarts,ok,true,0.000000122775600,0.000000233719279,-3.742805459197582,-3.649550929708582,1.466512318356898,-5.443763917634065,-5.116941331968514,-0.115576471367286
858,k_cold,ok,true,0.000074915601825,0.000278476777972,-1.125685403001472,-0.848118449410137,1.472733181219348,-5.316774337724432,-2.031285015966449,0.460620141676304
858,k_restarts,ok,true,0.000074915601825,0.000278476777972,-1.125685403001472,-0.848118449410137,1.472733181219348,-5.316774337724432,-2.031285015966449,0.460620141676304
859,arm_cold,not_converged,false,0.226559695982006,0.396584338963004,-0.589294585929733,-2.371027882182323,3.141500000000000,-1.077970534078899,-5.442710604552436,-1.799745142155599
859,arm_restarts,ok,true,0.000005920431796,0.000033502451079,-5.303337563382339,5.590164505960163,2.544228755499883,-1.753760100240253,2.378986180055747,-1.671931800066710
859,k_cold,not_converged,false,,,,,,,,
859,k_restarts,ok,true,0.000082153640219,0.000713649811162,-5.303267146925850,2.021548278732657,-2.223072717096101,-2.841822441059586,3.904264278073026,1.470634140295108
860,arm_cold,ok,true,0.000047794421392,0.000180459818616,-0.369586109467276,-5.815164810053015,2.568030617514577,-2.769995565077075,-3.634667851607894,-4.738986227717484
860,arm_restarts,ok,true,0.000047794421392,0.000180459818616,-0.369586109467276,-5.815164810053015,2.568030617514577,-2.769995565077075,-3.634667851607894,-4.738986227717484
860,k_cold,not_converged,false,,,,,,,,
860,k_restarts,ok,true,0.000094913767298,0.000133975230645,-6.116502862447771,2.857682640957504,-2.413459092439252,-1.582003276908672,3.279190315079774,0.174503327765725
861,arm_cold,not_converged,false,0.746910916378291,1.356485793083562,3.180070999565486,6.283190000000000,-3.141500000000000,2.411039500279279,4.269257763542591,-6.283190000000000
861,arm_restarts,ok,true,0.000095499832068,0.000004030133577,1.076959629670335,2.215082952460602,-0.340425515901267,-3.208275873648576,4.871622662996755,-3.004912709162455
861,k_cold,not_converged,false,,,,,,,,
861,k_restarts,not_converged,false,,,,,,,,
862,arm_cold,not_converged,false,0.142332801950942,1.001969855142502,1.323707623487671,0.349637920535803,2.142969057541017,-1.663314570251539,-6.283190000000000,-0.168955784615155
862,arm_restarts,ok,true,0.000005988597858,0.000009203901269,-3.891498149308397,-6.013427399994436,2.020731346833596,2.730320500191813,0.711688953046693,-4.751550374231859
862,k_cold,not_converged,false,,,,,,,,
862,k_restarts,ok,true,0.000083834283542,0.000484735211898,-3.891435722602881,1.682640296551669,-1.563878111531779,1.760339095439212,5.571924325764265,-1.610044459790267
863,arm_cold,not_converged,false,0.147478094820741,0.199558096168155,-6.283190000000000,-0.168467233358473,0.715533357563787,0.183040998471558,-3.780366289645014,-0.529597982484937
863,arm_restarts,ok,true,0.000001465193067,0.000000202049105,-0.196598944815849,6.169064169699951,0.594827732262885,0.254578357438034,-3.778220342909677,5.756987033239263
863,k_cold,not_converged,false,,,,,,,,
863,k_restarts,not_converged,false,,,,,,,,
864,arm_cold,ok,true,0.000031585862462,0.000112670205476,-4.807088666598264,-1.466747579035832,2.840370595720540,-1.205013581218420,-5.239658502071888,-1.924629146290314
864,arm_restarts,ok,true,0.000031585862462,0.000112670205476,-4.807088666598264,-1.466747579035832,2.840370595720540,-1.205013581218420,-5.239658502071888,-1.924629146290314
864,k_cold,not_converged,false,,,,,,,,
864,k_restarts,ok,true,0.000070203365155,0.000528235218804,-4.807543299590538,2.240147506111884,-2.701425718554051,-2.511475652637528,5.240030312616385,1.217235232991355
865,arm_cold,ok,true,0.000001713209390,0.000000292422689,-1.410291069700214,-0.534295410715567,2.121745407015786,-1.357975797839325,-0.779351647593775,0.153258570204934
865,arm_restarts,ok,true,0.000001713209390,0.000000292422689,-1.410291069700214,-0.534295410715567,2.121745407015786,-1.357975797839325,-0.779351647593775,0.153258570204934
865,k_cold,ok,true,0.000095520518225,0.000274952277728,-1.410336049941850,-0.534612276664037,2.122096352194072,-1.358405268283579,-0.779435109332242,0.153572547100905
865,k_restarts,ok,true,0.000095520518225,0.000274952277728,-1.410336049941850,-0.534612276664037,2.122096352194072,-1.358405268283579,-0.779435109332242,0.153572547100905
866,arm_cold,ok,true,0.000085291694811,0.000056909442235,-4.247924089293352,-4.736147015518614,1.013280021794396,-4.190271665619481,4.063741848575320,-5.804628093662071
866,arm_restarts,ok,true,0.000085291694811,0.000056909442235,-4.247924089293352,-4.736147015518614,1.013280021794396,-4.190271665619481,4.063741848575320,-5.804628093662071
866,k_cold,not_converged,false,,,,,,,,
866,k_restarts,ok,true,0.000098236051495,0.000390157084735,2.034850291889017,-4.736086679466430,1.013284400004509,-4.190269957443143,4.063634222261634,-5.805112230741041
867,arm_cold,ok,true,0.000002215052834,0.000000003251061,5.367989463847157,-3.220613305165017,0.307650792781125,3.229026661998021,-5.300417304682375,-2.626695656995936
867,arm_restarts,ok,true,0.000002215052834,0.000000003251061,5.367989463847157,-3.220613305165017,0.307650792781125,3.229026661998021,-5.300417304682375,-2.626695656995936
867,k_cold,not_converged,false,,,,,,,,
867,k_restarts,ok,true,0.000075321872786,0.000136524731348,-4.374447602408194,0.146520410228688,-0.440513424869106,-0.126803120644471,3.827182170779289,3.502577147687854
868,arm_cold,ok,true,0.000000129423098,0.000000150591819,-0.738842304322098,-0.863575174363368,1.880113047139246,-1.470466918357597,-2.359131169088170,2.604219492613575
868,arm_restarts,ok,true,0.000000129423098,0.000000150591819,-0.738842304322098,-0.863575174363368,1.880113047139246,-1.470466918357597,-2.359131169088170,2.604219492613575
868,k_cold,ok,true,0.000066997253575,0.000211356804461,-0.738822235707869,-0.863737197941868,1.880316076398804,-1.470532726844399,-2.359320221919351,2.604243019928811
868,k_restarts,ok,true,0.000066997253575,0.000211356804461,-0.738822235707869,-0.863737197941868,1.880316076398804,-1.470532726844399,-2.359320221919351,2.604243019928811
869,arm_cold,not_converged,false,0.012595840175144,0.620957901374513,-6.106649535856649,-2.580971687912026,1.205998403807711,0.049013231349297,-2.108521116999503,-6.283190000000000
869,arm_restarts,ok,true,0.000035211794904,0.000252093188719,-6.172684005205072,-2.593604367296032,1.202329519464417,0.033985960285620,4.159822319528642,5.590801192381061
869,k_cold,not_converged,false,,,,,,,,
869,k_restarts,ok,true,0.000076228314811,0.000055992945280,-4.234868674518614,4.239728174130152,1.342065611805780,-0.396738247611521,5.077168009325431,1.096120423767291
870,arm_cold,not_converged,false,0.444757289039218,2.076667513902073,-6.283190000000000,-3.109910271956681,1.159929798659529,-5.890279315490065,-6.283190000000000,-4.328371865541251
870,arm_restarts,ok,true,0.000000033718372,0.000000000331963,5.321561508931947,-3.134635664299272,1.231857168931003,2.478663906852170,-5.037438025294913,-1.099747640674103
870,k_cold,not_converged,false,,,,,,,,
870,k_restarts,ok,true,0.000050057085530,0.000306632653730,-4.537599396004542,5.471738814233460,1.052678607132994,-4.104708787804604,-4.038166079656039,1.743883214114234
871,arm_cold,ok,true,0.000000156096530,0.000000731530510,-2.803824942388898,-4.073046486594835,3.051648395782751,-3.115792384476072,-0.793456863563562,0.572356096458686
871,arm_restarts,ok,true,0.000000156096530,0.000000731530510,-2.803824942388898,-4.073046486594835,3.051648395782751,-3.115792384476072,-0.793456863563562,0.572356096458686
871,k_cold,ok,true,0.000066590455701,0.000320772905309,-1.241962910085723,-1.022323058994108,2.654816397556601,-5.477507451218941,-1.962409609949143,-0.565232526032357
871,k_restarts,ok,true,0.000066590455701,0.000320772905309,-1.241962910085723,-1.022323058994108,2.654816397556601,-5.477507451218941,-1.962409609949143,-0.565232526032357
872,arm_cold,ok,true,0.000023997394507,0.000085608239114,-2.938305442265267,-2.619512206557554,2.750737144914201,-0.296537323922875,-5.727976112231580,-0.015145786612420
872,arm_restarts,ok,true,0.000023997394507,0.000085608239114,-2.938305442265267,-2.619512206557554,2.750737144914201,-0.296537323922875,-5.727976112231580,-0.015145786612420
872,k_cold,not_converged,false,,,,,,,,
872,k_restarts,not_converged,false,,,,,,,,
873,arm_cold,ok,true,0.000016771818682,0.000064080452609,-0.495667417064563,-1.775984392831258,0.372532887452266,1.479656955860540,0.745417444989613,1.302885973111140
873,arm_restarts,ok,true,0.000016771818682,0.000064080452609,-0.495667417064563,-1.775984392831258,0.372532887452266,1.479656955860540,0.745417444989613,1.302885973111140
873,k_cold,ok,true,0.000057277880084,0.000125463006581,-0.069821983385246,-1.702711199336414,0.364856375073788,1.393917867001063,1.170315746877036,1.337211180660075
873,k_restarts,ok,true,0.000057277880084,0.000125463006581,-0.069821983385246,-1.702711199336414,0.364856375073788,1.393917867001063,1.170315746877036,1.337211180660075
874,arm_cold,not_converged,false,0.019703014318095,0.557202854299697,-1.989739014397135,-5.252204149384617,2.485675922434967,-2.409603622353618,-2.849592804283825,-6.283190000000000
874,arm_restarts,ok,true,0.000010496272376,0.000029595066482,-6.131883862793745,0.112201387322441,2.096483379095156,-5.013426049273606,-5.399028781506864,1.279387026247970
874,k_cold,not_converged,false,,,,,,,,
874,k_restarts,not_converged,false,,,,,,,,
875,arm_cold,not_converged,false,0.290976166808370,0.474207811310511,-3.066141166514719,-3.626915966309975,3.141500000000000,-1.671583735352054,-1.879718667068573,-2.448920842755335
875,arm_restarts,ok,true,0.000024403228529,0.000079639504884,-3.880469859893670,0.536320122296584,2.532480665666367,-4.940474992940127,-1.699800394992026,3.012429044672674
875,k_cold,not_converged,false,,,,,,,,
875,k_restarts,not_converged,false,,,,,,,,
876,arm_cold,ok,true,0.000000464003454,0.000002143625561,-0.514631990763820,-4.522056571294204,1.947688543881877,-5.800055503702295,-3.587099905686234,5.110304620020577
876,arm_restarts,ok,true,0.000000464003454,0.000002143625561,-0.514631990763820,-4.522056571294204,1.947688543881877,-5.800055503702295,-3.587099905686234,5.110304620020577
876,k_cold,not_converged,false,,,,,,,,
876,k_restarts,ok,true,0.000063710206692,0.000275715225134,-4.440228898900412,1.195880764290387,-2.141008197703359,1.601338541376125,5.623932795322201,0.417070446250469
877,arm_cold,ok,true,0.000011627838517,0.000008547450281,-3.701205798716354,1.996531518670066,1.013359019261519,-4.226056472632226,-1.602738521639218,0.558295179403729
877,arm_restarts,ok,true,0.000011627838517,0.000008547450281,-3.701205798716354,1.996531518670066,1.013359019261519,-4.226056472632226,-1.602738521639218,0.558295179403729
877,k_cold,ok,true,0.000082086706110,0.000087208683906,-1.114688818483844,0.264923097218555,1.397130320358111,-3.521301129572964,-1.359127288064690,3.169867262869786
877,k_restarts,ok,true,0.000082086706110,0.000087208683906,-1.114688818483844,0.264923097218555,1.397130320358111,-3.521301129572964,-1.359127288064690,3.169867262869786
878,arm_cold,not_converged,false,0.038750692154546,0.070615028348676,2.640846189672279,-1.100749790448820,0.015883880484326,-3.249482993198533,0.357559381201866,-1.657258544425137
878,arm_restarts,not_converged,false,0.038750692154546,0.070615028348676,2.640846189672279,-1.100749790448820,0.015883880484326,-3.249482993198533,0.357559381201866,-1.657258544425137
878,k_cold,not_converged,false,,,,,,,,
878,k_restarts,not_converged,false,,,,,,,,
879,arm_cold,not_converged,false,0.201770286947395,0.336020070995197,-3.598372778146974,-3.454909651659078,3.141500000000000,-1.992234950894571,-2.402224150817923,0.057926817110576
879,arm_restarts,ok,true,0.000001191292667,0.000000101087170,1.409612343976395,-5.314676590296722,3.056487402777302,2.925392219828918,1.546898517230832,-4.155875834930724
879,k_cold,not_converged,false,,,,,,,,
879,k_restarts,ok,true,0.000062417878118,0.000159964020808,-3.912232205588646,5.520773472490103,2.747452945320255,-1.063254997298040,2.252758492293174,-3.443726713730738
880,arm_cold,ok,true,0.000042428599289,0.000856639435779,-1.670538417998950,-1.851573358232362,1.773267294462284,0.586894444426111,-3.009543710245709,-0.225917868330286
880,arm_restarts,ok,true,0.000042428599289,0.000856639435779,-1.670538417998950,-1.851573358232362,1.773267294462284,0.586894444426111,-3.009543710245709,-0.225917868330286
880,k_cold,ok,true,0.000075334692150,0.000433895273400,-1.670475326430909,-1.852150271237685,1.772843568515146,0.583559525944931,-3.009545967765201,-0.231022122530405
880,k_restarts,ok,true,0.000075334692150,0.000433895273400,-1.670475326430909,-1.852150271237685,1.772843568515146,0.583559525944931,-3.009545967765201,-0.231022122530405
881,arm_cold,ok,true,0.000043538595816,0.000080287071462,-1.171624562670473,-1.712082957022508,2.720984276811098,-1.365096895577431,0.129663823065262,-0.618451611374470
881,arm_restarts,ok,true,0.000043538595816,0.000080287071462,-1.171624562670473,-1.712082957022508,2.720984276811098,-1.365096895577431,0.129663823065262,-0.618451611374470
881,k_cold,ok,true,0.000067517669205,0.000039761672959,-1.171590866532567,5.562559914180361,2.551176163391196,-5.327570805562027,-0.129722614899888,2.522338243684793
881,k_restarts,ok,true,0.000067517669205,0.000039761672959,-1.171590866532567,5.562559914180361,2.551176163391196,-5.327570805562027,-0.129722614899888,2.522338243684793
882,arm_cold,not_converged,false,0.004145131753673,0.025689552281655,-6.283190000000000,-4.982533741142606,2.575835769119947,-4.034185741034578,3.095652156792479,-1.621539095945936
882,arm_restarts,ok,true,0.000017137100823,0.000257821265096,-4.551434841518033,-6.158619877474919,2.173972621000613,0.850249273708736,1.429456415328734,-4.606085743506951
882,k_cold,not_converged,false,,,,,,,,
882,k_restarts,ok,true,0.000069086513885,0.000289418275948,-4.551418327385939,5.856457842534375,2.607346198933980,4.109771831583731,4.853408921258513,4.818443534382027
883,arm_cold,ok,true,0.000053131609370,0.000070023410294,-1.835695163393935,-3.525145337012989,1.859115172843366,0.764500871489555,0.433811362851305,1.649928788126155
883,arm_restarts,ok,true,0.000053131609370,0.000070023410294,-1.835695163393935,-3.525145337012989,1.859115172843366,0.764500871489555,0.433811362851305,1.649928788126155
883,k_cold,not_converged,false,,,,,,,,
883,k_restarts,not_converged,false,,,,,,,,
884,arm_cold,ok,true,0.000001081164594,0.000005281614207,-2.026984250858802,-2.068733880294652,1.033052154684397,0.356634357841391,-2.862922636082068,-2.085267752241607
884,arm_restarts,ok,true,0.000001081164594,0.000005281614207,-2.026984250858802,-2.068733880294652,1.033052154684397,0.356634357841391,-2.862922636082068,-2.085267752241607
884,k_cold,ok,true,0.000067486601766,0.000491112729530,-2.025946202961923,-2.067523940311096,1.031947349878177,0.360404889258126,-2.861931924178193,-2.081252194588772
884,k_restarts,ok,true,0.000067486601766,0.000491112729530,-2.025946202961923,-2.067523940311096,1.031947349878177,0.360404889258126,-2.861931924178193,-2.081252194588772
885,arm_cold,ok,true,0.000011581211116,0.000015262490873,-3.509369318750651,-4.730346908233100,0.509914875441023,-4.493740482737343,5.603382068333422,3.716646028486006
885,arm_restarts,ok,true,0.000011581211116,0.000015262490873,-3.509369318750651,-4.730346908233100,0.509914875441023,-4.493740482737343,5.603382068333422,3.716646028486006
885,k_cold,not_converged,false,,,,,,,,
885,k_restarts,not_converged,false,,,,,,,,
886,arm_cold,ok,true,0.000087006661903,0.000019644924699,-0.568565258203074,-0.228672254436476,0.749133359460188,-2.776304862653420,-0.175235469799918,1.585786009406636
886,arm_restarts,ok,true,0.000087006661903,0.000019644924699,-0.568565258203074,-0.228672254436476,0.749133359460188,-2.776304862653420,-0.175235469799918,1.585786009406636
886,k_cold,ok,true,0.000067154445767,0.000066684197711,-0.568584127543231,-0.228685130032469,0.749141695779395,-2.775993979258601,-0.175203428203235,1.585517693980029
886,k_restarts,ok,true,0.000067154445767,0.000066684197711,-0.568584127543231,-0.228685130032469,0.749141695779395,-2.775993979258601,-0.175203428203235,1.585517693980029
887,arm_cold,not_converged,false,0.220027193704062,0.081818936959678,-1.023142940494200,-4.019806154041045,0.929899078301320,-4.613280784736093,0.343207726284217,-2.003622450082231
887,arm_restarts,ok,true,0.000062527619929,0.000007835760376,-1.079819913430868,-4.004158220857607,0.596684363888249,-1.399063713823412,5.930048366710834,-4.970847660503981
887,k_cold,not_converged,false,,,,,,,,
887,k_restarts,not_converged,false,,,,,,,,
888,arm_cold,not_converged,false,0.059859031269370,1.522447245388509,6.283190000000000,1.443503080169615,0.262876647894042,0.359752630875041,2.286471769657264,-6.283190000000000
888,arm_restarts,ok,true,0.000000307711671,0.000000585924118,-4.925906109853331,1.932039343366376,-0.836790533536057,-1.891349156497402,4.814273244754681,2.706064726572760
888,k_cold,not_converged,false,,,,,,,,
888,k_restarts,ok,true,0.000057072294068,0.000046401268858,-6.215028065499244,2.000243347962563,-0.387846074608725,-2.794489674151152,4.017660794765631,1.600792938173723
889,arm_cold,not_converged,false,0.075891635822148,0.531948627191971,-2.297828764690749,-0.406469735520189,0.974714606181992,-6.283190000000000,-1.696029901238956,-3.837265820945822
889,arm_restarts,ok,true,0.000002918678495,0.000000168135365,1.223402390435421,-3.731731775692778,1.079526750277018,-3.668065778198073,1.825385262148886,-3.852088772340298
889,k_cold,ok,true,0.000093241621691,0.000605713643722,-2.298822390258580,-0.441322616872642,1.080140208966420,-0.602359425655565,-1.697095167209345,2.444833821565448
889,k_restarts,ok,true,0.000093241621691,0.000605713643722,-2.298822390258580,-0.441322616872642,1.080140208966420,-0.602359425655565,-1.697095167209345,2.444833821565448
890,arm_cold,ok,true,0.000047808666319,0.000241564771516,-1.452954348553142,-1.336744371808649,0.908154707334145,-0.008970021032230,-0.447495460489501,1.070191938915200
890,arm_restarts,ok,true,0.000047808666319,0.000241564771516,-1.452954348553142,-1.336744371808649,0.908154707334145,-0.008970021032230,-0.447495460489501,1.070191938915200
890,k_cold,ok,true,0.000053425338439,0.000536656924941,-1.453016558887204,-1.336407931742226,0.907585522049057,-0.008441859833269,-0.448153329517842,1.069696960164361
890,k_restarts,ok,true,0.000053425338439,0.000536656924941,-1.453016558887204,-1.336407931742226,0.907585522049057,-0.008441859833269,-0.448153329517842,1.069696960164361
891,arm_cold,not_converged,false,0.594864941236709,1.352784559403460,-6.283190000000000,-6.283190000000000,1.766610282843006,2.559546550724369,6.283190000000000,5.620392542656739
891,arm_restarts,ok,true,0.000031811517564,0.000002735561083,-3.424112632529233,-3.700048345080325,0.845776526250522,1.819042393516988,1.652148322025276,-3.552458935396562
891,k_cold,ok,true,0.000056912243067,0.000295825957822,-0.688823057311720,0.557650009101890,-0.842465979971087,-4.955007773679751,-1.697797026997531,-3.202708321646695
891,k_restarts,ok,true,0.000056912243067,0.000295825957822,-0.688823057311720,0.557650009101890,-0.842465979971087,-4.955007773679751,-1.697797026997531,-3.202708321646695
892,arm_cold,not_converged,false,0.007312349162666,0.003901130638208,-0.656714245673225,-3.973331775861660,0.025786768115053,-5.236001136923703,3.521632621090295,2.878338814278593
892,arm_restarts,ok,true,0.000000322189878,0.000004848249316,-4.286516469581118,1.248054228115179,-1.239369440022986,-0.124106556651794,5.421207895859371,-0.408818061317554
892,k_cold,not_converged,false,,,,,,,,
892,k_restarts,ok,true,0.000064320674892,0.000258730594191,-4.286610668557725,1.248162951400072,-1.239618712029577,-0.123853688970588,5.421359277251227,-0.408896247759974
893,arm_cold,ok,true,0.000001698386904,0.000003239185919,-0.602682927476907,-2.824517192322217,2.931983150670780,-3.280409365489341,-2.902109834224849,1.584775871109085
893,arm_restarts,ok,true,0.000001698386904,0.000003239185919,-0.602682927476907,-2.824517192322217,2.931983150670780,-3.280409365489341,-2.902109834224849,1.584775871109085
893,k_cold,not_converged,false,,,,,,,,
893,k_restarts,not_converged,false,,,,,,,,
894,arm_cold,ok,true,0.000051630083366,0.000006173965677,-0.061629940108989,-1.526641293636849,1.732753536083513,-1.757743227222293,-3.601280765243836,-1.182998373329571
894,arm_restarts,ok,true,0.000051630083366,0.000006173965677,-0.061629940108989,-1.526641293636849,1.732753536083513,-1.757743227222293,-3.601280765243836,-1.182998373329571
894,k_cold,ok,true,0.000077647313983,0.000274067980128,-0.061635906418978,-1.526676744596676,1.732839362572953,-1.757953215680933,-3.601130490272266,-1.182930021776882
894,k_restarts,ok,true,0.000077647313983,0.000274067980128,-0.061635906418978,-1.526676744596676,1.732839362572953,-1.757953215680933,-3.601130490272266,-1.182930021776882
895,arm_cold,ok,true,0.000001502833587,0.000008077284478,-4.327801181467759,-2.049147933917333,2.714763905621647,-0.355420573046277,-3.461192196463613,2.483071029288347
895,arm_restarts,ok,true,0.000001502833587,0.000008077284478,-4.327801181467759,-2.049147933917333,2.714763905621647,-0.355420573046277,-3.461192196463613,2.483071029288347
895,k_cold,not_converged,false,,,,,,,,
895,k_restarts,not_converged,false,,,,,,,,
896,arm_cold,ok,true,0.000009806571855,0.000050317374175,5.702224304631599,-5.384484100395076,2.069609455513573,-3.735543110928831,2.640600970182255,-4.560171665083132
896,arm_restarts,ok,true,0.000009806571855,0.000050317374175,5.702224304631599,-5.384484100395076,2.069609455513573,-3.735543110928831,2.640600970182255,-4.560171665083132
896,k_cold,not_converged,false,,,,,,,,
896,k_restarts,ok,true,0.000050611841794,0.000393294315032,-6.121933645076848,2.240343366121665,-2.066991091440369,0.604865740246546,3.635997433180265,3.139464704874134
897,arm_cold,ok,true,0.000000719728172,0.000001553717776,-3.753369500120531,-2.185228402043917,2.863363733184881,-1.528691342056990,-0.867437312333013,-0.206347717467093
897,arm_restarts,ok,true,0.000000719728172,0.000001553717776,-3.753369500120531,-2.185228402043917,2.863363733184881,-1.528691342056990,-0.867437312333013,-0.206347717467093
897,k_cold,not_converged,false,,,,,,,,
897,k_restarts,ok,true,0.000077365742940,0.000211322462858,-3.753808678093796,5.267283822662434,2.620888849673251,-5.596958347997798,-5.415280694604526,2.934793497684553
898,arm_cold,ok,true,0.000011523492240,0.000034942529958,-2.403774444433294,1.293282921822176,0.600006031274026,-5.949229354168033,-5.979919823048101,5.319624602444953
898,arm_restarts,ok,true,0.000011523492240,0.000034942529958,-2.403774444433294,1.293282921822176,0.600006031274026,-5.949229354168033,-5.979919823048101,5.319624602444953
898,k_cold,not_converged,false,,,,,,,,
898,k_restarts,ok,true,0.000055570261531,0.000151317924560,3.879441833528369,-5.028033590172712,1.180073781031860,-3.349730440423815,5.980040179382349,-4.105058083697894
899,arm_cold,ok,true,0.000002077935001,0.000001616897647,-0.072344575891547,-5.192546329274371,3.080533736784783,-5.137934104611598,-3.712566040634421,-5.367432424706086
899,arm_restarts,ok,true,0.000002077935001,0.000001616897647,-0.072344575891547,-5.192546329274371,3.080533736784783,-5.137934104611598,-3.712566040634421,-5.367432424706086
899,k_cold,not_converged,false,,,,,,,,
899,k_restarts,ok,true,0.000057928250787,0.000367802731026,-0.072204864816297,-0.384350321681149,2.597586459300798,6.244035499300770,-2.570888824589915,4.056577304863513
900,arm_cold,not_converged,false,0.068179479326672,0.062142583987612,-0.863383984507142,-3.770417698273618,0.315098188923769,-3.864974959234316,-2.214377777777215,-5.672108465686620
900,arm_restarts,ok,true,0.000001160699078,0.000000004264736,-4.409598857350709,-5.962920761447520,0.770919937945897,3.491530402396266,-0.801895722414278,-3.050241471300695
900,k_cold,not_converged,false,,,,,,,,
900,k_restarts,ok,true,0.000071425554394,0.000062816446589,-4.409629794876052,1.058641474876721,-0.771394772991976,-1.987718277485212,5.481249093633696,3.232884174943703
901,arm_cold,not_converged,false,0.000392850744521,0.336467632215010,-3.132758089809811,-0.878601076909532,1.560950714966288,-1.159888516106186,-1.816115287199785,-6.283190000000000
901,arm_restarts,ok,true,0.000041556331972,0.000005924706620,-5.850153585893536,2.541193108928044,1.557722435187060,-3.632517605768558,-4.578582692883177,-0.144457692750799
901,k_cold,ok,true,0.000062857472627,0.000115320319537,-3.133386520587272,-0.878698280950059,1.561440622383493,-1.160168040086969,-1.816508704160630,-0.336819614969031
901,k_restarts,ok,true,0.000062857472627,0.000115320319537,-3.133386520587272,-0.878698280950059,1.561440622383493,-1.160168040086969,-1.816508704160630,-0.336819614969031
902,arm_cold,ok,true,0.000054551179191,0.000325707591043,0.485138665686057,-2.365337032805890,0.966381649113108,1.391496570149468,1.083022772243151,0.531194945931088
902,arm_restarts,ok,true,0.000054551179191,0.000325707591043,0.485138665686057,-2.365337032805890,0.966381649113108,1.391496570149468,1.083022772243151,0.531194945931088
902,k_cold,ok,true,0.000073249306382,0.000018394889115,-5.797994970646870,-2.365284473885315,0.966546077422934,1.391653920691481,-5.200070990055728,0.530963157882251
902,k_restarts,ok,true,0.000073249306382,0.000018394889115,-5.797994970646870,-2.365284473885315,0.966546077422934,1.391653920691481,-5.200070990055728,0.530963157882251
903,arm_cold,ok,true,0.000004761804225,0.000006275785079,-1.355767666855381,-1.029721020057115,2.188903203473282,-2.814331397820892,-1.198583781025540,3.207780134724148
903,arm_restarts,ok,true,0.000004761804225,0.000006275785079,-1.355767666855381,-1.029721020057115,2.188903203473282,-2.814331397820892,-1.198583781025540,3.207780134724148
903,k_cold,ok,true,0.000071404339607,0.000389056969902,-1.355828036093341,-1.029947804768668,2.188970649629721,-2.813977161926392,-1.198464418242981,3.207316931329261
903,k_restarts,ok,true,0.000071404339607,0.000389056969902,-1.355828036093341,-1.029947804768668,2.188970649629721,-2.813977161926392,-1.198464418242981,3.207316931329261
904,arm_cold,not_converged,false,0.003958420747611,0.025049202597566,-3.847009413958116,-6.283190000000000,2.567520457583394,-4.625976421202690,-4.784853749940559,5.869939790303997
904,arm_restarts,ok,true,0.000048618395788,0.000051586196195,0.531426779906090,-5.403883706039639,2.670093962726371,-1.873166329227100,4.204963490768631,-1.641726151175795
904,k_cold,not_converged,false,,,,,,,,
904,k_restarts,not_converged,false,,,,,,,,
905,arm_cold,ok,true,0.000023408111349,0.000298098355782,-1.428888506104860,-0.859245368449338,1.699651590626446,-1.286239892827747,-1.084258206785032,-1.300766119604709
905,arm_restarts,ok,true,0.000023408111349,0.000298098355782,-1.428888506104860,-0.859245368449338,1.699651590626446,-1.286239892827747,-1.084258206785032,-1.300766119604709
905,k_cold,ok,true,0.000059127686396,0.000230818558417,-1.428908264596194,-0.859464117024862,1.699846472792615,-1.286641914996966,-1.084216046683228,-1.300342758488727
905,k_restarts,ok,true,0.000059127686396,0.000230818558417,-1.428908264596194,-0.859464117024862,1.699846472792615,-1.286641914996966,-1.084216046683228,-1.300342758488727
906,arm_cold,ok,true,0.000036083958742,0.000064413457832,0.933103090979241,-2.774547061158950,2.558939510307301,0.195331447186831,-0.213751158068520,-1.561390125628825
906,arm_restarts,ok,true,0.000036083958742,0.000064413457832,0.933103090979241,-2.774547061158950,2.558939510307301,0.195331447186831,-0.213751158068520,-1.561390125628825
906,k_cold,not_converged,false,,,,,,,,
906,k_restarts,ok,true,0.000094185615396,0.000233904038823,-5.178055423152916,4.587926778871316,3.074690688186053,-4.625396389361661,0.041909431242864,-4.618740965890232
907,arm_cold,not_converged,false,0.023029654601559,0.005769208326783,-2.575348931774377,-0.178192624623986,-0.247299937519083,0.450607228220827,-1.863089450481744,0.362850140628610
907,arm_restarts,not_converged,false,0.016231163251579,0.010848093035598,0.904300397445050,-2.866436079678365,0.062552381960959,-3.487083064772428,-4.666416274795888,0.356661963592485
907,k_cold,not_converged,false,,,,,,,,
907,k_restarts,not_converged,false,,,,,,,,
908,arm_cold,ok,true,0.000028658830908,0.000103217099321,-2.606492309990858,-0.080839491762609,1.330864873115323,-4.239391812583561,-2.922452913712225,-4.181627218065813
908,arm_restarts,ok,true,0.000028658830908,0.000103217099321,-2.606492309990858,-0.080839491762609,1.330864873115323,-4.239391812583561,-2.922452913712225,-4.181627218065813
908,k_cold,not_converged,false,,,,,,,,
908,k_restarts,ok,true,0.000054935855317,0.000073858126986,3.676688355822427,-5.326382775939105,-1.514361561870581,-5.573539142420816,-3.360728551127196,-1.040180756087181
909,arm_cold,not_converged,false,0.296004218368858,0.825222891844521,-6.283190000000000,-6.283190000000000,2.001289952914050,-3.925900634812753,-4.668757417397551,5.518576486721424
909,arm_restarts,ok,true,0.000001424836137,0.000000408385754,-3.209412521930739,-4.234533245290239,1.364947030042685,1.634421425080248,-4.487713012076185,-4.618217114446142
909,k_cold,not_converged,false,,,,,,,,
909,k_restarts,ok,true,0.000051279926927,0.000462105404454,-0.613915467937137,6.174081048402178,1.771604704681148,2.648892449608964,1.546755082224292,-0.964102119954041
910,arm_cold,ok,true,0.000001160728241,0.000000002319697,-1.132884704010083,0.676254052374439,0.213684221466237,-2.648923141399504,-4.126001820655129,-1.721373745106396
910,arm_restarts,ok,true,0.000001160728241,0.000000002319697,-1.132884704010083,0.676254052374439,0.213684221466237,-2.648923141399504,-4.126001820655129,-1.721373745106396
910,k_cold,not_converged,false,,,,,,,,
910,k_restarts,not_converged,false,,,,,,,,
911,arm_cold,ok,true,0.000002542506256,0.000001508444528,-4.771894263576147,1.498154325837908,1.428354894185359,-2.576647097374605,-1.623340385808884,3.468122338331312
911,arm_restarts,ok,true,0.000002542506256,0.000001508444528,-4.771894263576147,1.498154325837908,1.428354894185359,-2.576647097374605,-1.623340385808884,3.468122338331312
911,k_cold,not_converged,false,,,,,,,,
911,k_restarts,ok,true,0.000085787389535,0.000259877089230,1.511305656407185,-4.785227836729686,1.428618626286385,-2.576670008898310,4.660114840914241,-2.815055770574969
912,arm_cold,ok,true,0.000000264416789,0.000000032888475,-1.532098200367722,-0.010935644114097,1.522988694577968,-2.917221580945097,-1.305958833756342,-1.359513173300192
912,arm_restarts,ok,true,0.000000264416789,0.000000032888475,-1.532098200367722,-0.010935644114097,1.522988694577968,-2.917221580945097,-1.305958833756342,-1.359513173300192
912,k_cold,ok,true,0.000098542602412,0.000087483003284,-1.532100015989463,-0.011111594566377,1.523339054779103,-2.917424682295462,-1.305954036719838,-1.359424701810634
912,k_restarts,ok,true,0.000098542602412,0.000087483003284,-1.532100015989463,-0.011111594566377,1.523339054779103,-2.917424682295462,-1.305954036719838,-1.359424701810634
913,arm_cold,ok,true,0.000002344656245,0.000012046570615,-1.987953250371456,-1.541681951430628,1.378763835815611,-2.421072472731699,-0.964376356076072,1.002538488851380
913,arm_restarts,ok,true,0.000002344656245,0.000012046570615,-1.987953250371456,-1.541681951430628,1.378763835815611,-2.421072472731699,-0.964376356076072,1.002538488851380
913,k_cold,ok,true,0.000075961071503,0.000442680904006,-1.987940378990399,-1.541824324002387,1.378930956434874,-2.420761582792875,-0.964207036655929,1.002052983431458
913,k_restarts,ok,true,0.000075961071503,0.000442680904006,-1.987940378990399,-1.541824324002387,1.378930956434874,-2.420761582792875,-0.964207036655929,1.002052983431458
914,arm_cold,ok,true,0.000025464107538,0.000044636095846,-0.596916581381365,-2.123347348170375,2.624074796011663,-1.995131689635109,1.719885819770098,-2.166876013798542
914,arm_restarts,ok,true,0.000025464107538,0.000044636095846,-0.596916581381365,-2.123347348170375,2.624074796011663,-1.995131689635109,1.719885819770098,-2.166876013798542
914,k_cold,not_converged,false,,,,,,,,
914,k_restarts,not_converged,false,,,,,,,,
915,arm_cold,ok,true,0.000053357413563,0.000083913315726,-1.774334027918911,-3.061244967072806,2.954805187413912,-1.300660298873376,1.074091973115965,0.502356954948468
915,arm_restarts,ok,true,0.000053357413563,0.000083913315726,-1.774334027918911,-3.061244967072806,2.954805187413912,-1.300660298873376,1.074091973115965,0.502356954948468
915,k_cold,ok,true,0.000073439473860,0.000717955407850,-1.775327887154182,-3.062628514130159,2.954698437350615,4.983814020128023,1.073367918887318,-5.779918627854776
915,k_restarts,ok,true,0.000073439473860,0.000717955407850,-1.775327887154182,-3.062628514130159,2.954698437350615,4.983814020128023,1.073367918887318,-5.779918627854776
916,arm_cold,ok,true,0.000000266011713,0.000000000688942,4.745542522004452,-4.140601161408002,0.336986933033787,-2.489938663969874,2.116892644503713,-5.132626394782899
916,arm_restarts,ok,true,0.000000266011713,0.000000000688942,4.745542522004452,-4.140601161408002,0.336986933033787,-2.489938663969874,2.116892644503713,-5.132626394782899
916,k_cold,not_converged,false,,,,,,,,
916,k_restarts,ok,true,0.000066051011254,0.000112744742539,-5.167348723494008,1.000324694543619,-0.339504912874159,-0.652006240152471,4.770475823061357,1.155385295936420
917,arm_cold,ok,true,0.000055924987371,0.000002737841857,-1.300547614368869,-0.846630386052784,1.325211193314203,-2.074502906456501,-4.162954593056361,1.565717374670320
917,arm_restarts,ok,true,0.000055924987371,0.000002737841857,-1.300547614368869,-0.846630386052784,1.325211193314203,-2.074502906456501,-4.162954593056361,1.565717374670320
917,k_cold,not_converged,false,,,,,,,,
917,k_restarts,ok,true,0.000050619560382,0.000056955619185,2.204348260631730,-3.592530937628784,1.330940331959186,-2.214133514275296,5.213565910149178,-5.134546813265866
918,arm_cold,ok,true,0.000002084838031,0.000002230588500,-1.677537664887183,-0.477195753558411,2.861481381305290,-2.953821583475157,-3.469991939671349,0.957780581145318
918,arm_restarts,ok,true,0.000002084838031,0.000002230588500,-1.677537664887183,-0.477195753558411,2.861481381305290,-2.953821583475157,-3.469991939671349,0.957780581145318
918,k_cold,not_converged,false,,,,,,,,
918,k_restarts,ok,true,0.000030067954050,0.000577964538138,4.605786984179313,-4.456904775635470,-2.861476854673925,-5.817873695661234,-3.469907783568444,0.956852697804150
919,arm_cold,ok,true,0.000045679072364,0.000738620371399,0.583483953833378,-5.983271153411576,2.524322027110421,-0.121655251823066,-6.206490764293620,-0.474879648942412
919,arm_restarts,ok,true,0.000045679072364,0.000738620371399,0.583483953833378,-5.983271153411576,2.524322027110421,-0.121655251823066,-6.206490764293620,-0.474879648942412
919,k_cold,not_converged,false,,,,,,,,
919,k_restarts,not_converged,false,,,,,,,,
920,arm_cold,not_converged,false,0.116173197104542,0.142071328486416,-3.703458344558283,-6.283190000000000,1.250098203781226,-5.083556396625108,3.699300813833197,-6.283190000000000
920,arm_restarts,ok,true,0.000005135791229,0.000023260539857,-0.076841575827733,-4.467475821842677,1.838864072521868,-1.872842724794289,5.836866308944372,-4.401125481832237
920,k_cold,not_converged,false,,,,,,,,
920,k_restarts,not_converged,false,,,,,,,,
921,arm_cold,ok,true,0.000021430256713,0.000000124788973,-0.731076611048925,0.076453382674176,0.107294730692208,-2.954666369659188,-0.605586955813814,0.859464676755780
921,arm_restarts,ok,true,0.000021430256713,0.000000124788973,-0.731076611048925,0.076453382674176,0.107294730692208,-2.954666369659188,-0.605586955813814,0.859464676755780
921,k_cold,ok,true,0.000061387534923,0.000026513228180,-0.731078335592120,0.075520060052959,0.109236704380955,-2.955638099813211,-0.605580342160256,0.859449816752450
921,k_restarts,ok,true,0.000061387534923,0.000026513228180,-0.731078335592120,0.075520060052959,0.109236704380955,-2.955638099813211,-0.605580342160256,0.859449816752450
922,arm_cold,not_converged,false,0.391131119705417,0.664843221139314,-6.283190000000000,-2.860041191834425,0.498598262601282,-4.921404493518541,1.473439105480196,3.204538470763615
922,arm_restarts,not_converged,false,0.192251168360681,0.011467067076690,5.703598600268174,-2.838902586336783,0.329500716463672,-4.796289036434034,-4.758626750865733,-3.148285392754996
922,k_cold,not_converged,false,,,,,,,,
922,k_restarts,not_converged,false,,,,,,,,
923,arm_cold,ok,true,0.000002691537659,0.000015260311812,-1.994264286019845,-4.582813978636191,2.764691617111628,-4.337163032945161,-2.195396114181329,-3.619732703822069
923,arm_restarts,ok,true,0.000002691537659,0.000015260311812,-1.994264286019845,-4.582813978636191,2.764691617111628,-4.337163032945161,-2.195396114181329,-3.619732703822069
923,k_cold,not_converged,false,,,,,,,,
923,k_restarts,ok,true,0.000091639846450,0.000872829363425,-0.225599548504670,6.207033409106822,2.458336843685204,1.002030295777312,0.441700391973080,-0.773005223454029
924,arm_cold,not_converged,false,0.089385073207357,0.144730622791047,0.612177429936841,-2.566537279793423,3.141500000000000,-1.876482383264309,-2.009803201282998,-0.436303251039637
924,arm_restarts,ok,true,0.000025751047171,0.000097474393026,-5.823994568553047,5.975274140531017,2.779294615793469,-0.567454000074985,2.069809906135803,-3.754856185120610
924,k_cold,not_converged,false,,,,,,,,
924,k_restarts,not_converged,false,,,,,,,,
925,arm_cold,ok,true,0.000006907534867,0.000000108272061,-1.317863809483217,-2.540059183657680,1.138000810466385,-1.609235587614990,-0.921023379861925,-0.493154168535007
925,arm_restarts,ok,true,0.000006907534867,0.000000108272061,-1.317863809483217,-2.540059183657680,1.138000810466385,-1.609235587614990,-0.921023379861925,-0.493154168535007
925,k_cold,ok,true,0.000069855723640,0.000049773797331,-1.317884579881699,-2.540163455276552,1.138257363018198,-1.609371075416479,-0.921049990890318,-0.493156420242612
925,k_restarts,ok,true,0.000069855723640,0.000049773797331,-1.317884579881699,-2.540163455276552,1.138257363018198,-1.609371075416479,-0.921049990890318,-0.493156420242612
926,arm_cold,ok,true,0.000000453613725,0.000003283478220,0.624645768107679,-2.500957889125538,1.992731532475640,-5.093905438324810,-1.293144886411361,-2.937536600912309
926,arm_restarts,ok,true,0.000000453613725,0.000003283478220,0.624645768107679,-2.500957889125538,1.992731532475640,-5.093905438324810,-1.293144886411361,-2.937536600912309
926,k_cold,not_converged,false,,,,,,,,
926,k_restarts,not_converged,false,,,,,,,,
927,arm_cold,not_converged,false,0.113530370733023,0.155508856368053,-2.914681569550089,-2.436660351975286,3.141500000000000,-1.769266190562177,-1.270910828269365,-0.061128436673092
927,arm_restarts,ok,true,0.000090158193562,0.000417642023342,-2.257319808772991,5.746936753389750,2.416854947722662,-6.233038949998238,-5.344782365337331,3.727915925855493
927,k_cold,ok,true,0.000078242686889,0.000090218765568,-2.257528864949357,-0.157807193260870,2.899734008301150,-3.952940505377047,-0.938600570307231,0.586502362393223
927,k_restarts,ok,true,0.000078242686889,0.000090218765568,-2.257528864949357,-0.157807193260870,2.899734008301150,-3.952940505377047,-0.938600570307231,0.586502362393223
928,arm_cold,ok,true,0.000000812501271,0.000000004490352,-1.892010596020077,-3.937923820701116,0.424151804151423,-3.449193537660272,2.632449666636582,-4.018869272136951
928,arm_restarts,ok,true,0.000000812501271,0.000000004490352,-1.892010596020077,-3.937923820701116,0.424151804151423,-3.449193537660272,2.632449666636582,-4.018869272136951
928,k_cold,not_converged,false,,,,,,,,
928,k_restarts,ok,true,0.000061338137947,0.000330712132324,-5.473368274001762,0.916802429398884,-0.672492114252296,0.160531584794301,5.392093489251841,2.615487353423505
929,arm_cold,ok,true,0.000000252980814,0.000002407314180,-1.317688316502369,-0.961961339471937,0.678827816766845,0.359025215277731,-0.463140094874437,0.594167619273079
929,arm_restarts,ok,true,0.000000252980814,0.000002407314180,-1.317688316502369,-0.961961339471937,0.678827816766845,0.359025215277731,-0.463140094874437,0.594167619273079
929,k_cold,ok,true,0.000063766455436,0.000639545445985,-1.317765584487778,-0.962321079609775,0.679245674327610,0.357716487257631,-0.463533411262669,0.595290617407158
929,k_restarts,ok,true,0.000063766455436,0.000639545445985,-1.317765584487778,-0.962321079609775,0.679245674327610,0.357716487257631,-0.463533411262669,0.595290617407158
930,arm_cold,ok,true,0.000016525358230,0.000275917423998,-2.589859126617811,-1.804481002736762,1.375429874450003,-0.566993925878881,-1.762145859373582,-0.508444375502189
930,arm_restarts,ok,true,0.000016525358230,0.000275917423998,-2.589859126617811,-1.804481002736762,1.375429874450003,-0.566993925878881,-1.762145859373582,-0.508444375502189
930,k_cold,ok,true,0.000068337702321,0.000101637979976,-2.589763048298243,-1.804518334488182,1.375449849124931,-0.566718476656787,-1.762047790331793,-0.508410935984353
930,k_restarts,ok,true,0.000068337702321,0.000101637979976,-2.589763048298243,-1.804518334488182,1.375449849124931,-0.566718476656787,-1.762047790331793,-0.508410935984353
931,arm_cold,ok,true,0.000000088106908,0.000000200412056,-3.444651166713210,-2.575202616860915,2.368416865993884,-2.701101836662077,0.063555580277729,-1.942376522835207
931,arm_restarts,ok,true,0.000000088106908,0.000000200412056,-3.444651166713210,-2.575202616860915,2.368416865993884,-2.701101836662077,0.063555580277729,-1.942376522835207
931,k_cold,ok,true,0.000073135595892,0.000196439799161,-4.134353158764224,-2.818850144996836,2.367473844782518,-2.668703170300835,0.751463835872244,-1.724903577180636
931,k_restarts,ok,true,0.000073135595892,0.000196439799161,-4.134353158764224,-2.818850144996836,2.367473844782518,-2.668703170300835,0.751463835872244,-1.724903577180636
932,arm_cold,ok,true,0.000003461981445,0.000055160676452,-1.759729558930232,-1.835169531438930,2.731934796875715,-1.311413362669557,-0.368365570072835,-3.133306852999072
932,arm_restarts,ok,true,0.000003461981445,0.000055160676452,-1.759729558930232,-1.835169531438930,2.731934796875715,-1.311413362669557,-0.368365570072835,-3.133306852999072
932,k_cold,not_converged,false,,,,,,,,
932,k_restarts,ok,true,0.000070256112897,0.000781368166343,-1.759929185250417,5.486790915781452,2.581216064513660,0.944205806751667,0.368580515524573,0.005823258587686
933,arm_cold,not_converged,false,0.063566639814146,0.521735636008051,3.573755916656946,-5.619487845478193,1.259455826797065,-6.283190000000000,5.879503892642223,0.056749511232811
933,arm_restarts,ok,true,0.000091901697586,0.000511095140484,3.025285889970458,-5.627486180896314,1.637603955620781,-1.689495174601145,5.551051089615974,-5.312443193929151
933,k_cold,not_converged,false,,,,,,,,
933,k_restarts,ok,true,0.000052017907183,0.000132482983219,2.720858970816430,-5.551468827347540,1.676389772386647,-1.937863616512864,5.288462357696635,-5.108534270840602
934,arm_cold,ok,true,0.000056671349609,0.000000281821618,2.445719458963007,-4.491858153946223,0.033535475941934,-0.451396737897805,2.247262292183750,2.217422869884582
934,arm_restarts,ok,true,0.000056671349609,0.000000281821618,2.445719458963007,-4.491858153946223,0.033535475941934,-0.451396737897805,2.247262292183750,2.217422869884582
934,k_cold,not_converged,false,,,,,,,,
934,k_restarts,not_converged,false,,,,,,,,
935,arm_cold,ok,true,0.000000182574501,0.000000001689424,-5.715931124880932,-4.220468400470732,0.502924583476131,-5.447948810078831,3.355395062064906,6.271495726224302
935,arm_restarts,ok,true,0.000000182574501,0.000000001689424,-5.715931124880932,-4.220468400470732,0.502924583476131,-5.447948810078831,3.355395062064906,6.271495726224302
935,k_cold,not_converged,false,,,,,,,,
935,k_restarts,not_converged,false,,,,,,,,
936,arm_cold,not_converged,false,0.009329820222731,1.635932861327065,-3.320443556101125,1.861309455104124,1.327326040762527,2.166209931725079,-5.243412597410662,6.283190000000000
936,arm_restarts,ok,true,0.000012787004048,0.000087754044740,-0.794707225638464,1.223727150229988,-1.147089008396858,1.308785511461954,3.917505321311594,-3.928712429766178
936,k_cold,not_converged,false,,,,,,,,
936,k_restarts,ok,true,0.000051204243991,0.000481885960113,-0.794567597450347,-5.059587443336466,-1.146999180757759,-4.974509649000868,-2.366051829759496,2.354327447426007
937,arm_cold,ok,true,0.000005443726732,0.000011658120120,-3.372286524311438,-1.353934444811539,1.363155606607075,1.133326842725907,-0.690881727057926,0.279533232048133
937,arm_restarts,ok,true,0.000005443726732,0.000011658120120,-3.372286524311438,-1.353934444811539,1.363155606607075,1.133326842725907,-0.690881727057926,0.279533232048133
937,k_cold,ok,true,0.000068806450170,0.000109655523119,-3.372274018962025,-1.354064112460478,1.363402177978895,-5.150004868892095,-0.690904355655111,-6.003534677056704
937,k_restarts,ok,true,0.000068806450170,0.000109655523119,-3.372274018962025,-1.354064112460478,1.363402177978895,-5.150004868892095,-0.690904355655111,-6.003534677056704
938,arm_cold,ok,true,0.000001038659830,0.000002257837122,-0.653259610060059,0.870253104934452,0.897614789505252,1.366515902386213,-5.124768448378291,-5.052554898137110
938,arm_restarts,ok,true,0.000001038659830,0.000002257837122,-0.653259610060059,0.870253104934452,0.897614789505252,1.366515902386213,-5.124768448378291,-5.052554898137110
938,k_cold,not_converged,false,,,,,,,,
938,k_restarts,ok,true,0.000060739082417,0.000373381335154,5.630248816933645,-5.412909786171233,0.897531209563480,-4.916319934068115,-5.125028855461370,1.230774006071077
939,arm_cold,ok,true,0.000000160041921,0.000000004686442,-2.011024651044025,-4.501245405295916,1.568498881250651,-2.999363124121197,-5.228562779463617,-3.734045978173707
939,arm_restarts,ok,true,0.000000160041921,0.000000004686442,-2.011024651044025,-4.501245405295916,1.568498881250651,-2.999363124121197,-5.228562779463617,-3.734045978173707
939,k_cold,not_converged,false,,,,,,,,
939,k_restarts,ok,true,0.000073228045249,0.000311995924449,-5.669378577133594,1.409503405746018,-1.603371001519994,-0.377014404051181,3.728711253751160,2.236809847043828
940,arm_cold,ok,true,0.000036791922560,0.000165731384007,0.166787615305764,-2.699135238714383,1.990347887619479,-0.247516559674945,-0.946907226819616,-0.352722587585610
940,arm_restarts,ok,true,0.000036791922560,0.000165731384007,0.166787615305764,-2.699135238714383,1.990347887619479,-0.247516559674945,-0.946907226819616,-0.352722587585610
940,k_cold,not_converged,false,,,,,,,,
940,k_restarts,not_converged,false,,,,,,,,
941,arm_cold,ok,true,0.000000051174481,0.000000952578977,-1.015219961567539,-3.739552826453859,1.764403619720093,-3.989964104785258,0.541660373800723,-4.565132910335389
941,arm_restarts,ok,true,0.000000051174481,0.000000952578977,-1.015219961567539,-3.739552826453859,1.764403619720093,-3.989964104785258,0.541660373800723,-4.565132910335389
941,k_cold,not_converged,false,,,,,,,,
941,k_restarts,ok,true,0.000086461674918,0.000830763830655,-4.646260492193814,0.838285668570406,-2.004799839540756,-0.221238007162911,3.306879763054905,0.607824873100137
942,arm_cold,ok,true,0.000078410008864,0.000236598713491,-2.345484290871488,-3.854703990493255,1.160297955326514,-0.927420540337781,0.065933250451725,2.531082755865115
942,arm_restarts,ok,true,0.000078410008864,0.000236598713491,-2.345484290871488,-3.854703990493255,1.160297955326514,-0.927420540337781,0.065933250451725,2.531082755865115
942,k_cold,not_converged,false,,,,,,,,
942,k_restarts,ok,true,0.000074681352900,0.000223610331717,-5.854501863979735,0.627982049812638,-0.966438266738473,-2.728865583762536,3.568625235491218,2.119624274159020
943,arm_cold,ok,true,0.000004576186196,0.000041490944808,-1.543932138768191,-2.924929293185556,1.613450914321365,-4.603230373828620,0.481869914432768,5.366144528586224
943,arm_restarts,ok,true,0.000004576186196,0.000041490944808,-1.543932138768191,-2.924929293185556,1.613450914321365,-4.603230373828620,0.481869914432768,5.366144528586224
943,k_cold,ok,true,0.000060724883785,0.000251557189533,-1.543866363025751,-3.397573162421161,1.889636113661401,-1.265255213904691,-0.481686160554372,2.224628377347508
943,k_restarts,ok,true,0.000060724883785,0.000251557189533,-1.543866363025751,-3.397573162421161,1.889636113661401,-1.265255213904691,-0.481686160554372,2.224628377347508
944,arm_cold,not_converged,false,0.089516871666965,1.324310535177539,6.283190000000000,-0.426094047669658,2.280857216125303,-0.098486294209072,-5.744322151400705,6.283190000000000
944,arm_restarts,ok,true,0.000006764322078,0.000034936586406,0.403218403381962,5.714490423968400,2.261827880706048,-0.437733491075711,0.446130040412157,1.944626230124372
944,k_cold,not_converged,false,,,,,,,,
944,k_restarts,ok,true,0.000093957482562,0.000405089162575,0.402978305241493,5.714631747979627,2.261550765038058,-0.436424837993804,0.445830830641597,1.943679445259270
945,arm_cold,ok,true,0.000035047740737,0.000000492028990,5.478177361375502,-3.798974045075661,0.116975259558203,-4.318868216819649,1.807365315295526,6.198384601920052
945,arm_restarts,ok,true,0.000035047740737,0.000000492028990,5.478177361375502,-3.798974045075661,0.116975259558203,-4.318868216819649,1.807365315295526,6.198384601920052
945,k_cold,not_converged,false,,,,,,,,
945,k_restarts,ok,true,0.000076788045072,0.000153227190157,-0.805000826729004,1.767314774825306,1.335238109563559,4.604671139566722,4.475902944418251,-3.226398603931876
946,arm_cold,not_converged,false,0.030076077893436,0.003172783268407,-3.051312022628975,1.113492856731595,-0.113827091711741,2.115871256591875,0.622288765375021,-3.179120136133930
946,arm_restarts,ok,true,0.000054504020609,0.000351081957892,-3.045968210578689,-4.796217960867764,-1.192474585125234,-0.316209892369263,-0.617841609655673,-0.039091189859987
946,k_cold,not_converged,false,,,,,,,,
946,k_restarts,ok,true,0.000053585019888,0.000047037715950,-5.559881761370004,-4.372464050416455,0.766365488217978,-3.592583866336323,-3.125311039214067,-0.972163762392336
947,arm_cold,ok,true,0.000000366330707,0.000000274363730,-1.311180865989375,-3.713294939908087,1.402654638643291,-1.783709448298516,-0.634319452097642,-5.116991815249265
947,arm_restarts,ok,true,0.000000366330707,0.000000274363730,-1.311180865989375,-3.713294939908087,1.402654638643291,-1.783709448298516,-0.634319452097642,-5.116991815249265
947,k_cold,not_converged,false,,,,,,,,
947,k_restarts,ok,true,0.000090880803046,0.000543454254088,-4.829357872644372,0.501483918875592,-1.443474489995260,-0.676693888543954,2.637289116066339,1.835016070578885
948,arm_cold,ok,true,0.000015563284073,0.000015389421505,-1.978111624272590,-1.058834833922807,1.548634599822061,-2.603132027464689,-1.815603135767005,-2.672296853778230
948,arm_restarts,ok,true,0.000015563284073,0.000015389421505,-1.978111624272590,-1.058834833922807,1.548634599822061,-2.603132027464689,-1.815603135767005,-2.672296853778230
948,k_cold,ok,true,0.000062538960761,0.000299376907935,-1.978066590054483,-1.058928186752644,1.548713180961633,-2.603058400150481,-1.815837678098321,-2.672029792932641
948,k_restarts,ok,true,0.000062538960761,0.000299376907935,-1.978066590054483,-1.058928186752644,1.548713180961633,-2.603058400150481,-1.815837678098321,-2.672029792932641
949,arm_cold,not_converged,false,0.218621234040576,0.475844734716988,-2.455955834765049,-2.635308487010219,3.141500000000000,-1.022273369857980,-1.472992109863714,1.924737539598647
949,arm_restarts,ok,true,0.000003960028910,0.000005213260121,3.830341975650367,-5.229254976900671,2.624990683426985,-3.719736506658051,4.820357327173840,-4.353477872215653
949,k_cold,ok,true,0.000073975343055,0.000025241562748,-0.970311501184118,0.385707096347336,2.355861899170995,-4.766122086680841,-0.045122488470475,3.950266530867105
949,k_restarts,ok,true,0.000073975343055,0.000025241562748,-0.970311501184118,0.385707096347336,2.355861899170995,-4.766122086680841,-0.045122488470475,3.950266530867105
950,arm_cold,ok,true,0.000023157864422,0.000158749508091,0.208509476147349,-2.708721313485133,1.505942465402138,-0.445616814812070,-0.421990325903181,2.818134877985373
950,arm_restarts,ok,true,0.000023157864422,0.000158749508091,0.208509476147349,-2.708721313485133,1.505942465402138,-0.445616814812070,-0.421990325903181,2.818134877985373
950,k_cold,not_converged,false,,,,,,,,
950,k_restarts,ok,true,0.000066139550051,0.000220936859300,-4.424713063462443,4.035707682169245,1.911575434938713,-2.382388330210461,4.608436726054881,-1.932365765770942
951,arm_cold,not_converged,false,0.264292699776797,0.019273424377770,-2.071464653799037,-4.477330084615819,1.032246603689208,0.467940436671632,-4.147909931297810,2.970560837914733
951,arm_restarts,ok,true,0.000013340123000,0.000000152924813,-5.664653257511287,0.586685136168248,0.317034574220256,5.141124571534177,-5.722011716905819,-0.042317653274839
951,k_cold,not_converged,false,,,,,,,,
951,k_restarts,ok,true,0.000061996692142,0.000140386896765,0.618528155338894,-5.696877830727842,0.317794715158244,5.140947749914498,-5.721951233311192,6.240635451476440
952,arm_cold,ok,true,0.000022020206683,0.000163459852319,-0.433683969609990,-2.057680511871992,1.221993579573224,-4.348148691749296,-0.590939118004054,3.729800259230695
952,arm_restarts,ok,true,0.000022020206683,0.000163459852319,-0.433683969609990,-2.057680511871992,1.221993579573224,-4.348148691749296,-0.590939118004054,3.729800259230695
952,k_cold,not_converged,false,,,,,,,,
952,k_restarts,not_converged,false,,,,,,,,
953,arm_cold,ok,true,0.000074867493585,0.000001690374633,5.384293706880299,-3.393604680587040,0.795005270802330,4.113191065616684,-4.405105154580198,5.039682107454146
953,arm_restarts,ok,true,0.000074867493585,0.000001690374633,5.384293706880299,-3.393604680587040,0.795005270802330,4.113191065616684,-4.405105154580198,5.039682107454146
953,k_cold,not_converged,false,,,,,,,,
953,k_restarts,ok,true,0.000099468093008,0.000234125360502,-4.354252565819686,0.233185493020193,-0.781022920368022,-0.872590004947901,4.986810246318782,4.713729265640404
954,arm_cold,ok,true,0.000013058156365,0.000001346812864,3.958936718585999,2.607954032348127,0.935176668929988,3.941296481410419,5.561748625573881,-2.486399845343023
954,arm_restarts,ok,true,0.000013058156365,0.000001346812864,3.958936718585999,2.607954032348127,0.935176668929988,3.941296481410419,5.561748625573881,-2.486399845343023
954,k_cold,not_converged,false,,,,,,,,
954,k_restarts,ok,true,0.000079383232797,0.000197352749066,0.493395678856667,5.919609337276670,0.869420012850441,-1.429765121201346,-4.023061568204077,4.191554109945684
955,arm_cold,ok,true,0.000000693085324,0.000005889886012,-2.766564043936233,-0.721347457761998,2.268875277070767,-1.532684610797844,-0.880195747782258,-1.177057807046347
955,arm_restarts,ok,true,0.000000693085324,0.000005889886012,-2.766564043936233,-0.721347457761998,2.268875277070767,-1.532684610797844,-0.880195747782258,-1.177057807046347
955,k_cold,ok,true,0.000068013426748,0.000173940239811,-2.766568904153052,-0.721459264817091,2.269085647904120,-1.532816569789333,-0.880098604967746,-1.177171270685561
955,k_restarts,ok,true,0.000068013426748,0.000173940239811,-2.766568904153052,-0.721459264817091,2.269085647904120,-1.532816569789333,-0.880098604967746,-1.177171270685561
956,arm_cold,not_converged,false,0.001812423587378,0.001309573295495,-2.185703412575630,0.672716115517733,3.141500000000000,-6.255721522666429,-1.433959609081886,-3.557648899829056
956,arm_restarts,ok,true,0.000003141485341,0.000019373566169,2.911189028467499,-2.540963130002429,2.958055382682669,0.912328776214308,0.718586576195803,-1.556016786897168
956,k_cold,not_converged,false,,,,,,,,
956,k_restarts,not_converged,false,,,,,,,,
957,arm_cold,not_converged,false,0.017525684690526,0.008009815880710,-1.459590146299841,0.004448315499488,3.128353697827132,-3.568106257156467,-3.061253947183007,-0.333373441672013
957,arm_restarts,ok,true,0.000017503049214,0.000020967423255,4.023864804136449,-5.687855658367833,2.655307861414165,-0.054030623545985,-2.412552607585855,-2.992442267558652
957,k_cold,ok,true,0.000052184190416,0.000091356500174,-1.786611758964608,0.311352196835750,2.664817955107736,0.309457517042447,-2.883452575666758,-2.894065768355254
957,k_restarts,ok,true,0.000052184190416,0.000091356500174,-1.786611758964608,0.311352196835750,2.664817955107736,0.309457517042447,-2.883452575666758,-2.894065768355254
958,arm_cold,not_converged,false,0.000010893278781,0.107922295573784,6.171747487072259,-0.372772755396871,0.946924734354114,-0.679022902405470,2.481716551706633,6.283190000000000
958,arm_restarts,ok,true,0.000002916713578,0.000009885315932,-2.892556120608254,-3.669957748867228,0.423611047984012,0.321128942638130,0.303397222471419,3.125712542013118
958,k_cold,not_converged,false,,,,,,,,
958,k_restarts,ok,true,0.000079389284946,0.000093750733492,6.171761410356106,-5.698785724632801,-0.526965221310945,-3.303814255074536,-2.481755379347420,3.249501393324167
959,arm_cold,not_converged,false,0.235320696138388,0.139488804377775,0.315176541790171,-6.283190000000000,0.239549258385649,1.238859218902170,2.688216945519846,3.417597980141629
959,arm_restarts,ok,true,0.000009938870460,0.000001133978043,-5.984566997019713,0.154031584902052,-0.275971604210300,4.581417025803184,3.602620875006640,0.252341884756996
959,k_cold,not_converged,false,,,,,,,,
959,k_restarts,ok,true,0.000053333973997,0.000116453315068,-5.984556948757239,0.154294110285163,-0.276621806011060,-1.701105576212158,3.602611045521284,0.252573338561554
960,arm_cold,ok,true,0.000007032834825,0.000000545860953,-1.780094834665796,-1.227738355341563,1.260446167092693,-2.824076103386069,-1.752113916850712,0.847505040709174
960,arm_restarts,ok,true,0.000007032834825,0.000000545860953,-1.780094834665796,-1.227738355341563,1.260446167092693,-2.824076103386069,-1.752113916850712,0.847505040709174
960,k_cold,ok,true,0.000091919274503,0.000405899467287,-1.780112832832994,-1.227978992216217,1.260780286746749,-2.823970116758044,-1.751809410360765,0.847326760782161
960,k_restarts,ok,true,0.000091919274503,0.000405899467287,-1.780112832832994,-1.227978992216217,1.260780286746749,-2.823970116758044,-1.751809410360765,0.847326760782161
961,arm_cold,ok,true,0.000060071599699,0.000060415133045,-2.859584390805350,-0.434368064687646,2.264068268742323,-3.263814432048460,0.975077086538220,1.548973341663325
961,arm_restarts,ok,true,0.000060071599699,0.000060415133045,-2.859584390805350,-0.434368064687646,2.264068268742323,-3.263814432048460,0.975077086538220,1.548973341663325
961,k_cold,not_converged,false,,,,,,,,
961,k_restarts,ok,true,0.000085852759729,0.000091251542594,0.952921198708874,-4.709674982034424,2.287692369492896,-2.780137341180612,4.334003403095511,-5.458625730318299
962,arm_cold,not_converged,false,0.005493361138092,0.145974588304906,-5.223526358652085,-6.073888186010799,2.194347381313734,-3.531738327556191,-6.218039650425871,6.283190000000000
962,arm_restarts,ok,true,0.000029676002172,0.000018324527528,-5.245487032939415,-5.987534826136325,2.112991228786810,2.370578902604519,0.060042445326442,-5.760757408431306
962,k_cold,not_converged,false,,,,,,,,
962,k_restarts,not_converged,false,,,,,,,,
963,arm_cold,ok,true,0.000000137851671,0.000000517240666,1.057001903128681,-3.169600922494868,1.631239558971507,-1.327940244440343,5.781601431232787,0.595234707760684
963,arm_restarts,ok,true,0.000000137851671,0.000000517240666,1.057001903128681,-3.169600922494868,1.631239558971507,-1.327940244440343,5.781601431232787,0.595234707760684
963,k_cold,ok,true,0.000069075593733,0.000050223616082,-2.754564644024827,-1.723570277751385,1.787808659987472,-2.582487705416640,-2.915835181395917,-4.833965271340013
963,k_restarts,ok,true,0.000069075593733,0.000050223616082,-2.754564644024827,-1.723570277751385,1.787808659987472,-2.582487705416640,-2.915835181395917,-4.833965271340013
964,arm_cold,ok,true,0.000000314626307,0.000000109995686,5.818840280817152,-0.098948640470552,1.826115434037703,-2.906363985028819,-5.807438619131157,-5.850410975485747
964,arm_restarts,ok,true,0.000000314626307,0.000000109995686,5.818840280817152,-0.098948640470552,1.826115434037703,-2.906363985028819,-5.807438619131157,-5.850410975485747
964,k_cold,ok,true,0.000062713667832,0.000086786223592,-0.464348557040208,-0.099020924965759,1.826321120711266,-2.906446370805886,0.475685286937393,0.432787431774776
964,k_restarts,ok,true,0.000062713667832,0.000086786223592,-0.464348557040208,-0.099020924965759,1.826321120711266,-2.906446370805886,0.475685286937393,0.432787431774776
965,arm_cold,ok,true,0.000008331665277,0.000031955431397,-3.633394711753138,-2.537197576956610,3.075623168135798,-3.232746689377942,1.688983816768101,2.891491317154544
965,arm_restarts,ok,true,0.000008331665277,0.000031955431397,-3.633394711753138,-2.537197576956610,3.075623168135798,-3.232746689377942,1.688983816768101,2.891491317154544
965,k_cold,ok,true,0.000066473737011,0.000288574687783,-3.632527333493763,-2.398249577343778,2.569283021495918,0.275966157468798,-1.688075520270453,-0.250653563599753
965,k_restarts,ok,true,0.000066473737011,0.000288574687783,-3.632527333493763,-2.398249577343778,2.569283021495918,0.275966157468798,-1.688075520270453,-0.250653563599753
966,arm_cold,ok,true,0.000008599508111,0.000005012640563,-4.057479425174200,-1.476461773806438,2.868323709902065,-1.647120902605962,1.824143840096070,-2.364202989176315
966,arm_restarts,ok,true,0.000008599508111,0.000005012640563,-4.057479425174200,-1.476461773806438,2.868323709902065,-1.647120902605962,1.824143840096070,-2.364202989176315
966,k_cold,not_converged,false,,,,,,,,
966,k_restarts,ok,true,0.000067547906961,0.000244970926392,2.225759297621288,5.901824928051108,2.592526000305709,-5.607987365556456,-1.824441430734269,-5.505821571602826
967,arm_cold,not_converged,false,0.000484309763951,0.237268423846271,-0.125810859140901,-6.188530939860587,1.129204712682509,-3.666077812628188,-2.228779172611524,6.283190000000000
967,arm_restarts,ok,true,0.000001285043916,0.000000131307882,3.441200519673255,-4.368772725382856,1.271793142859607,-1.083497875503054,0.631569448427542,-5.580121435346479
967,k_cold,not_converged,false,,,,,,,,
967,k_restarts,not_converged,false,,,,,,,,
968,arm_cold,not_converged,false,0.050712839252028,0.063027536314445,-0.273943653499375,-1.551289716438795,0.021923499008653,-2.975281654859455,-2.410371095727153,-1.652105971497321
968,arm_restarts,ok,true,0.000088700786801,0.000308493817138,-5.689431062338457,-1.868011258114217,0.440543661452376,5.486106369763601,2.153637464100643,-5.936024105673599
968,k_cold,not_converged,false,,,,,,,,
968,k_restarts,not_converged,false,,,,,,,,
969,arm_cold,ok,true,0.000000353136328,0.000001187149773,-3.385605157434592,-1.747402696579622,1.675657679378286,-3.328757737521056,-1.125218642727837,-1.288952340486355
969,arm_restarts,ok,true,0.000000353136328,0.000001187149773,-3.385605157434592,-1.747402696579622,1.675657679378286,-3.328757737521056,-1.125218642727837,-1.288952340486355
969,k_cold,not_converged,false,,,,,,,,
969,k_restarts,not_converged,false,,,,,,,,
970,arm_cold,ok,true,0.000000137198175,0.000000010688430,0.566246455766216,-5.856714309041600,1.180020668977749,-0.845539413324015,-4.033713443408853,5.962807549898124
970,arm_restarts,ok,true,0.000000137198175,0.000000010688430,0.566246455766216,-5.856714309041600,1.180020668977749,-0.845539413324015,-4.033713443408853,5.962807549898124
970,k_cold,not_converged,false,,,,,,,,
970,k_restarts,ok,true,0.000056397112010,0.000086230509635,-5.716931576941620,1.642547961242598,-0.815711463101421,-3.207476992335980,4.033794033568664,2.821211386564062
971,arm_cold,not_converged,false,0.342645972538977,0.588830131681316,0.914397893541956,-3.119315814469780,3.141500000000000,-2.636890563293465,-5.769487126678617,-1.312072774492659
971,arm_restarts,ok,true,0.000054291658305,0.000060732024423,1.429116958164233,-0.951833991077253,1.693086295780258,0.664951066744169,5.775841801827245,-5.939668466300493
971,k_cold,not_converged,false,,,,,,,,
971,k_restarts,ok,true,0.000074930301540,0.000356742367091,-4.854294958205825,0.649896945220685,-1.692934898081140,2.449030568203217,5.776110461690624,0.343637467588379
972,arm_cold,not_converged,false,0.010095434976541,0.003875343376892,1.299252394760044,-0.928735742163447,3.141116865175493,-2.748326352379653,-2.098447960024266,1.917787261609632
972,arm_restarts,ok,true,0.000002873059907,0.000005590259964,-5.831010738461403,6.236663591438645,2.907600801077938,-1.039773013478821,2.665221891993638,-2.221572603850466
972,k_cold,not_converged,false,,,,,,,,
972,k_restarts,not_converged,false,,,,,,,,
973,arm_cold,not_converged,false,0.027081882483333,1.427632419822084,-1.309358805885199,-4.481517437848088,0.407434853616945,-4.289676788483024,0.549314080594301,6.283190000000000
973,arm_restarts,ok,true,0.000021068004820,0.000000120755495,-1.417738584305093,1.928805543425459,0.112517592143731,-4.284468415605050,0.629581372612175,-4.670655452457044
973,k_cold,not_converged,false,,,,,,,,
973,k_restarts,not_converged,false,,,,,,,,
974,arm_cold,ok,true,0.000000769872857,0.000000368745791,-3.620877912400767,-2.201706705789672,2.914220734822260,-3.742871096459424,1.427123396134499,1.287628310703495
974,arm_restarts,ok,true,0.000000769872857,0.000000368745791,-3.620877912400767,-2.201706705789672,2.914220734822260,-3.742871096459424,1.427123396134499,1.287628310703495
974,k_cold,not_converged,false,,,,,,,,
974,k_restarts,ok,true,0.000076186576978,0.000208664182934,-4.426120376038974,2.886001707347392,2.877564032956166,-2.482941328877446,2.226974306795540,1.388851230584174
975,arm_cold,not_converged,false,0.009506699132591,1.273031227935490,-5.607735110211553,3.065654359971401,0.297823129715090,1.928338622004347,-1.078276562420578,-6.283190000000000
975,arm_restarts,ok,true,0.000000025658752,0.000000003928622,-5.615855827112240,-3.848020139456307,1.319458317882412,4.694369646508258,-5.192765814519245,-4.427832608843262
975,k_cold,ok,true,0.000056513682999,0.000046527847587,-2.838936979266630,-0.523183260810022,1.288912544246323,-3.044952058973745,-1.828066131185924,1.544947521903824
975,k_restarts,ok,true,0.000056513682999,0.000046527847587,-2.838936979266630,-0.523183260810022,1.288912544246323,-3.044952058973745,-1.828066131185924,1.544947521903824
976,arm_cold,not_converged,false,0.250928875608546,0.568367575208700,-6.283190000000000,-4.232245439688392,1.205712599065818,-6.283190000000000,-2.439519205302859,2.107899633843010
976,arm_restarts,ok,true,0.000038658807414,0.000007978749079,-3.998446830340000,6.281242029715030,0.973969769684120,-4.051074110145640,-5.214115437508078,-4.032370249007923
976,k_cold,not_converged,false,,,,,,,,
976,k_restarts,ok,true,0.000052921235022,0.000132464507036,-3.998490669594053,5.886514380282372,1.220192854303453,-0.761026009016703,5.214186854940527,-0.890790197069289
977,arm_cold,ok,true,0.000001026628184,0.000006127346108,-1.725800933577766,-3.039173738338310,1.824747655865875,-1.432206147386995,-3.917180472621391,0.479630816599505
977,arm_restarts,ok,true,0.000001026628184,0.000006127346108,-1.725800933577766,-3.039173738338310,1.824747655865875,-1.432206147386995,-3.917180472621391,0.479630816599505
977,k_cold,not_converged,false,,,,,,,,
977,k_restarts,ok,true,0.000053014110481,0.000189148734620,-5.891076674234446,-0.434683942196615,-1.319588007820957,2.609154949674355,5.826629120278292,2.452099966142486
978,arm_cold,ok,true,0.000018539933443,0.000015975807843,1.104544535547927,0.342718636197423,2.969553487253340,-0.395404155176425,-1.818266030156562,-1.105860414821439
978,arm_restarts,ok,true,0.000018539933443,0.000015975807843,1.104544535547927,0.342718636197423,2.969553487253340,-0.395404155176425,-1.818266030156562,-1.105860414821439
978,k_cold,not_converged,false,,,,,,,,
978,k_restarts,ok,true,0.000073891221545,0.000685472003856,1.103404186017661,3.302333650684314,2.851186263326117,6.187499688251962,1.817147055537226,2.035617050644410
979,arm_cold,not_converged,false,0.002647581829006,0.002124231821087,-3.372658003207310,-1.234279392032745,0.002943469019921,0.451257242556003,-3.145294490696877,-0.156744277746457
979,arm_restarts,ok,true,0.000000070617184,0.000000125230793,-5.769235794331834,-1.543763309703443,-1.133731117774176,-0.466698367522071,5.541635231353996,-2.514586238457285
979,k_cold,not_converged,false,,,,,,,,
979,k_restarts,not_converged,false,,,,,,,,
980,arm_cold,not_converged,false,0.052648550932880,0.002267434757278,2.827431061167743,-1.431555174572976,-0.139453575095596,-0.198191655822577,-0.800449570800066,3.745276148560815
980,arm_restarts,ok,true,0.000005646940362,0.000000034061152,1.158187566198086,-1.742907897333505,0.201606612805652,-2.382291787130038,-4.782926655970157,5.105996523762082
980,k_cold,not_converged,false,,,,,,,,
980,k_restarts,not_converged,false,,,,,,,,
981,arm_cold,ok,true,0.000027530260699,0.000002526346863,-2.794184557971007,-1.780266630370752,2.914632114923806,-1.311505889506730,-1.855560266723960,-0.244810298976265
981,arm_restarts,ok,true,0.000027530260699,0.000002526346863,-2.794184557971007,-1.780266630370752,2.914632114923806,-1.311505889506730,-1.855560266723960,-0.244810298976265
981,k_cold,ok,true,0.000059039810470,0.000109032891335,-2.794023237767674,-1.780979916692698,2.914546041340412,-1.310752537526521,-1.855392054915213,-0.244891455992453
981,k_restarts,ok,true,0.000059039810470,0.000109032891335,-2.794023237767674,-1.780979916692698,2.914546041340412,-1.310752537526521,-1.855392054915213,-0.244891455992453
982,arm_cold,ok,true,0.000004772796246,0.000002669595758,4.446762298353285,-4.494988132800882,2.060135302985972,-1.826472012888918,-4.477376935369419,3.902764024993494
982,arm_restarts,ok,true,0.000004772796246,0.000002669595758,4.446762298353285,-4.494988132800882,2.060135302985972,-1.826472012888918,-4.477376935369419,3.902764024993494
982,k_cold,not_converged,false,,,,,,,,
982,k_restarts,ok,true,0.000086523766351,0.000951795178201,-5.522814005039868,5.701508100562394,1.553553642798946,-5.954192906989213,-5.144572102519365,0.222784204011114
983,arm_cold,ok,true,0.000002768807485,0.000006872424216,-1.560699013021443,-4.884757392886924,1.677496367091873,-5.132520959380115,0.197060761764158,-1.398659526548615
983,arm_restarts,ok,true,0.000002768807485,0.000006872424216,-1.560699013021443,-4.884757392886924,1.677496367091873,-5.132520959380115,0.197060761764158,-1.398659526548615
983,k_cold,not_converged,false,,,,,,,,
983,k_restarts,ok,true,0.000084355647413,0.000315978128617,-5.757913593285878,1.887450770617644,-1.650505130946482,-3.568929629497829,4.296636559722338,-0.399496170280857
984,arm_cold,ok,true,0.000064375607128,0.000011027481414,-0.407382889292478,-0.457361697636040,1.951889999493529,-2.660502311777652,-0.909963917758080,-0.554918555436923
984,arm_restarts,ok,true,0.000064375607128,0.000011027481414,-0.407382889292478,-0.457361697636040,1.951889999493529,-2.660502311777652,-0.909963917758080,-0.554918555436923
984,k_cold,ok,true,0.000081658419374,0.000113755109674,-0.407404086783804,-0.457321440523422,1.952030688504503,-2.660714565113684,-0.909986338585342,-0.554802337112740
984,k_restarts,ok,true,0.000081658419374,0.000113755109674,-0.407404086783804,-0.457321440523422,1.952030688504503,-2.660714565113684,-0.909986338585342,-0.554802337112740
985,arm_cold,not_converged,false,0.096688417327647,0.145547201810843,-4.035811326365918,-2.868876129745375,3.141500000000000,-2.060207318164271,-1.235986840066924,-0.912045722022266
985,arm_restarts,ok,true,0.000000052332949,0.000000057368682,-3.855825674707734,-0.914509056071412,2.688737786147837,-0.336998206148483,-5.025835802219460,-3.858357660958228
985,k_cold,not_converged,false,,,,,,,,
985,k_restarts,not_converged,false,,,,,,,,
986,arm_cold,ok,true,0.000007676386058,0.000051696521209,-5.269175141777678,-4.289382360210147,1.568474573612872,-4.979218789498340,-0.609228704642577,4.482935435543712
986,arm_restarts,ok,true,0.000007676386058,0.000051696521209,-5.269175141777678,-4.289382360210147,1.568474573612872,-4.979218789498340,-0.609228704642577,4.482935435543712
986,k_cold,not_converged,false,,,,,,,,
986,k_restarts,ok,true,0.000072448831524,0.000217828490466,3.556027321428959,-5.141127280530792,-1.715131424889603,1.385851164092572,-4.033972314912568,3.684614648037689
987,arm_cold,not_converged,false,0.361714217124115,0.573739028198094,-6.283190000000000,-3.513760933626113,-0.317632274908925,-4.671752725929699,-5.999523101008302,-2.910226603702188
987,arm_restarts,ok,true,0.000007424210428,0.000000334126554,5.783161297732526,2.389757748152764,0.588964734661624,-1.837698082848342,6.016943653302842,6.243633613002569
987,k_cold,not_converged,false,,,,,,,,
987,k_restarts,not_converged,false,,,,,,,,
988,arm_cold,ok,true,0.000041885730597,0.000290497412553,-2.609206865911337,-2.574754575110882,1.346532517502262,-1.249439309372755,0.438281322529528,1.523845498638302
988,arm_restarts,ok,true,0.000041885730597,0.000290497412553,-2.609206865911337,-2.574754575110882,1.346532517502262,-1.249439309372755,0.438281322529528,1.523845498638302
988,k_cold,ok,true,0.000074459863004,0.000119617425446,-0.830226007421490,-1.943125455269340,1.455034177595431,3.362562278544519,-1.430272840879711,-4.104456096009778
988,k_restarts,ok,true,0.000074459863004,0.000119617425446,-0.830226007421490,-1.943125455269340,1.455034177595431,3.362562278544519,-1.430272840879711,-4.104456096009778
989,arm_cold,not_converged,false,0.160592491712011,0.324352817164236,-1.587025557396741,-2.375677429616035,3.141500000000000,-1.260724472727248,-1.601177904329990,-2.260709636307328
989,arm_restarts,ok,true,0.000000152126330,0.000000156690494,4.414176817013029,-5.400574274710692,2.372142856736321,-0.292530553685807,1.882891552247434,-5.455804811464175
989,k_cold,not_converged,false,,,,,,,,
989,k_restarts,ok,true,0.000055394445124,0.000128474285656,6.009802436852925,-4.260139472221278,-2.827869724479056,0.265799753753922,-0.337066832788814,4.538508413787428
990,arm_cold,ok,true,0.000078717772741,0.000103051531701,-2.592086382486886,-5.583577058846731,2.670496836060863,-3.083120558072617,1.733945578402252,2.803813050273233
990,arm_restarts,ok,true,0.000078717772741,0.000103051531701,-2.592086382486886,-5.583577058846731,2.670496836060863,-3.083120558072617,1.733945578402252,2.803813050273233
990,k_cold,not_converged,false,,,,,,,,
990,k_restarts,ok,true,0.000059596577999,0.000145614349171,-1.461778563129358,6.090057385504377,2.483934151866323,-1.462913717809864,2.752668183442591,-2.738160201509968
991,arm_cold,ok,true,0.000000135007224,0.000000489418165,5.314394441442062,-5.322167531678075,2.046114649067547,-3.549252997860489,-0.460045855082364,1.036442017332567
991,arm_restarts,ok,true,0.000000135007224,0.000000489418165,5.314394441442062,-5.322167531678075,2.046114649067547,-3.549252997860489,-0.460045855082364,1.036442017332567
991,k_cold,not_converged,false,,,,,,,,
991,k_restarts,ok,true,0.000098025422059,0.000363188605265,5.314290404432838,-5.322306467484064,2.046406501712729,-3.548915021668109,5.823285825754295,-5.247424435395963
992,arm_cold,ok,true,0.000036892773575,0.000050887911522,0.112656866330249,-2.898345758217743,1.515410101758286,-5.887141150456257,-4.215153061858227,-4.498961765635872
992,arm_restarts,ok,true,0.000036892773575,0.000050887911522,0.112656866330249,-2.898345758217743,1.515410101758286,-5.887141150456257,-4.215153061858227,-4.498961765635872
992,k_cold,not_converged,false,,,,,,,,
992,k_restarts,not_converged,false,,,,,,,,
993,arm_cold,ok,true,0.000000710822183,0.000000004430677,-1.586963431349240,-0.074635467084982,1.060262946915386,0.509333648171607,-1.522630042535330,-0.082825870223708
993,arm_restarts,ok,true,0.000000710822183,0.000000004430677,-1.586963431349240,-0.074635467084982,1.060262946915386,0.509333648171607,-1.522630042535330,-0.082825870223708
993,k_cold,ok,true,0.000097939184379,0.000374409382987,-1.586969663440450,-0.074937790477303,1.060613348382079,0.508913335566927,-1.522588029184901,-0.082820693133758
993,k_restarts,ok,true,0.000097939184379,0.000374409382987,-1.586969663440450,-0.074937790477303,1.060613348382079,0.508913335566927,-1.522588029184901,-0.082820693133758
994,arm_cold,ok,true,0.000008965123471,0.000010550060257,-1.154703165774438,-0.934479972187795,2.323555548541914,-1.132130906366376,-1.786006738153893,-1.225532829718344
994,arm_restarts,ok,true,0.000008965123471,0.000010550060257,-1.154703165774438,-0.934479972187795,2.323555548541914,-1.132130906366376,-1.786006738153893,-1.225532829718344
994,k_cold,ok,true,0.000082749747445,0.000342792584548,-1.154833876789421,-0.934761722645150,2.323653883065381,-1.132020878047716,-1.785807948340419,-1.225431485103151
994,k_restarts,ok,true,0.000082749747445,0.000342792584548,-1.154833876789421,-0.934761722645150,2.323653883065381,-1.132020878047716,-1.785807948340419,-1.225431485103151
995,arm_cold,not_converged,false,0.080844428617629,0.591288068111063,2.148079366151940,-4.887737189129048,0.956648688162892,-6.283190000000000,4.525329668562351,6.019017409416931
995,arm_restarts,ok,true,0.000001560920989,0.000007922893255,-1.821645304632195,-5.695440192402401,0.866857001867826,-0.146626251141252,-1.587553643859227,-2.585495134618184
995,k_cold,not_converged,false,,,,,,,,
995,k_restarts,not_converged,false,,,,,,,,
996,arm_cold,ok,true,0.000037419316941,0.000260402733909,-4.182624033047346,-3.594453337847129,2.730569156915025,0.149192492193223,1.630310328944497,-2.219180315863071
996,arm_restarts,ok,true,0.000037419316941,0.000260402733909,-4.182624033047346,-3.594453337847129,2.730569156915025,0.149192492193223,1.630310328944497,-2.219180315863071
996,k_cold,ok,true,0.000085284685992,0.000606155765845,-3.314470671753792,-1.039219687187357,2.790495546002169,0.413528101703408,-2.232459477645439,0.236154574257262
996,k_restarts,ok,true,0.000085284685992,0.000606155765845,-3.314470671753792,-1.039219687187357,2.790495546002169,0.413528101703408,-2.232459477645439,0.236154574257262
997,arm_cold,ok,true,0.000024317260346,0.000000012688625,-4.347261782135512,0.188477340113666,0.121833766032833,2.590921938564184,-3.891231394280118,-2.154337495282900
997,arm_restarts,ok,true,0.000024317260346,0.000000012688625,-4.347261782135512,0.188477340113666,0.121833766032833,2.590921938564184,-3.891231394280118,-2.154337495282900
997,k_cold,not_converged,false,,,,,,,,
997,k_restarts,ok,true,0.000079137251374,0.000436882531892,-4.347326932164074,0.417353679932826,-0.858077423961176,0.199960339701669,3.891512766402909,0.986899122512449
998,arm_cold,ok,true,0.000026032549202,0.000135547203826,-1.172775734605418,-2.569656264995754,1.795119493838916,-2.008293683766000,-0.727502205034223,0.366323065374402
998,arm_restarts,ok,true,0.000026032549202,0.000135547203826,-1.172775734605418,-2.569656264995754,1.795119493838916,-2.008293683766000,-0.727502205034223,0.366323065374402
998,k_cold,not_converged,false,,,,,,,,
998,k_restarts,not_converged,false,,,,,,,,
999,arm_cold,ok,true,0.000017078087477,0.000031809102654,-5.169418024352916,-2.202782979721146,2.960015590653629,-3.582893426346326,-1.136232162452973,-5.389283706002306
999,arm_restarts,ok,true,0.000017078087477,0.000031809102654,-5.169418024352916,-2.202782979721146,2.960015590653629,-3.582893426346326,-1.136232162452973,-5.389283706002306
999,k_cold,ok,true,0.000066874608068,0.000126093338554,-5.169438085459297,-2.333781171386779,2.444830748476114,0.204785626501354,-5.146966585760212,-2.247616094308718
999,k_restarts,ok,true,0.000066874608068,0.000126093338554,-5.169438085459297,-2.333781171386779,2.444830748476114,0.204785626501354,-5.146966585760212,-2.247616094308718
